{
  "統計": {
    "ja": 84,
    "zh": 22,
    "en": 21,
    "pure-music": 20,
    "ru": 9,
    "yue": 5,
    "de": 4,
    "fi": 2,
    "el": 1,
    "pl": 1,
    "it": 1,
    "fr": 1,
    "hak": 1,
    "total": 172
  },
  "占比": {
    "ja": 0.4883720930232558,
    "zh": 0.12790697674418605,
    "en": 0.12209302325581395,
    "pure-music": 0.11627906976744186,
    "ru": 0.05232558139534884,
    "yue": 0.029069767441860465,
    "de": 0.023255813953488372,
    "fi": 0.011627906976744186,
    "el": 0.005813953488372093,
    "pl": 0.005813953488372093,
    "it": 0.005813953488372093,
    "fr": 0.005813953488372093,
    "hak": 0.005813953488372093,
    "total": 1
  }
}