{
  "統計": {
    "日": 109,
    "中": 28,
    "俄": 27,
    "英": 26,
    "純音樂": 24,
    "粵": 9,
    "台": 6,
    "德": 5,
    "希臘": 3,
    "法": 2,
    "波蘭": 2,
    "芬蘭": 2,
    "世界": 1,
    "客": 1,
    "烏克蘭": 1,
    "義": 1,
    "total": 247
  },
  "占比": {
    "日": 0.44129554655870445,
    "中": 0.11336032388663968,
    "俄": 0.10931174089068826,
    "英": 0.10526315789473684,
    "純音樂": 0.09716599190283401,
    "粵": 0.03643724696356275,
    "台": 0.024291497975708502,
    "德": 0.020242914979757085,
    "希臘": 0.012145748987854251,
    "法": 0.008097165991902834,
    "波蘭": 0.008097165991902834,
    "芬蘭": 0.008097165991902834,
    "世界": 0.004048582995951417,
    "客": 0.004048582995951417,
    "烏克蘭": 0.004048582995951417,
    "義": 0.004048582995951417,
    "total": 1
  }
}