{
  "統計": {
    "日": 212,
    "純音樂": 105,
    "中": 68,
    "英": 43,
    "俄": 36,
    "粵": 11,
    "台": 10,
    "德": 9,
    "希臘": 6,
    "unknown": 4,
    "ja": 3,
    "芬蘭": 3,
    "西班牙": 3,
    "韓": 3,
    "法": 2,
    "波蘭": 2,
    "烏克蘭": 2,
    "zh-TW": 1,
    "世界": 1,
    "南非": 1,
    "旁遮普": 1,
    "泰": 1,
    "羅馬尼亞": 1,
    "義": 1,
    "total": 529
  },
  "占比": {
    "日": 0.4007561436672968,
    "純音樂": 0.19848771266540643,
    "中": 0.1285444234404537,
    "英": 0.08128544423440454,
    "俄": 0.06805293005671077,
    "粵": 0.020793950850661626,
    "台": 0.01890359168241966,
    "德": 0.017013232514177693,
    "希臘": 0.011342155009451797,
    "unknown": 0.007561436672967864,
    "ja": 0.005671077504725898,
    "芬蘭": 0.005671077504725898,
    "西班牙": 0.005671077504725898,
    "韓": 0.005671077504725898,
    "法": 0.003780718336483932,
    "波蘭": 0.003780718336483932,
    "烏克蘭": 0.003780718336483932,
    "zh-TW": 0.001890359168241966,
    "世界": 0.001890359168241966,
    "南非": 0.001890359168241966,
    "旁遮普": 0.001890359168241966,
    "泰": 0.001890359168241966,
    "羅馬尼亞": 0.001890359168241966,
    "義": 0.001890359168241966,
    "total": 1
  }
}