{
  "統計": {
    "日": 141,
    "中": 49,
    "純音樂": 46,
    "俄": 39,
    "英": 23,
    "烏克蘭": 15,
    "ja": 6,
    "台": 5,
    "en": 4,
    "希臘": 4,
    "德": 4,
    "粵": 4,
    "西班牙": 3,
    "ru": 2,
    "uk": 2,
    "拉丁": 2,
    "諾斯": 2,
    "da": 1,
    "en-US": 1,
    "zh": 1,
    "客": 1,
    "法": 1,
    "泰": 1,
    "福建": 1,
    "粵語": 1,
    "芬蘭": 1,
    "total": 360
  },
  "占比": {
    "日": 0.39166666666666666,
    "中": 0.1361111111111111,
    "純音樂": 0.12777777777777777,
    "俄": 0.10833333333333334,
    "英": 0.06388888888888888,
    "烏克蘭": 0.041666666666666664,
    "ja": 0.016666666666666666,
    "台": 0.013888888888888888,
    "en": 0.011111111111111112,
    "希臘": 0.011111111111111112,
    "德": 0.011111111111111112,
    "粵": 0.011111111111111112,
    "西班牙": 0.008333333333333333,
    "ru": 0.005555555555555556,
    "uk": 0.005555555555555556,
    "拉丁": 0.005555555555555556,
    "諾斯": 0.005555555555555556,
    "da": 0.002777777777777778,
    "en-US": 0.002777777777777778,
    "zh": 0.002777777777777778,
    "客": 0.002777777777777778,
    "法": 0.002777777777777778,
    "泰": 0.002777777777777778,
    "福建": 0.002777777777777778,
    "粵語": 0.002777777777777778,
    "芬蘭": 0.002777777777777778,
    "total": 1
  }
}