{
  "統計": {
    "日": 95,
    "英": 22,
    "純音樂": 22,
    "中": 21,
    "俄": 17,
    "台": 4,
    "粵": 4,
    "德": 4,
    "希臘": 2,
    "法": 2,
    "波蘭": 2,
    "芬蘭": 2,
    "世界": 1,
    "西班牙": 1,
    "客": 1,
    "義": 1,
    "total": 201
  },
  "占比": {
    "日": 0.472636815920398,
    "英": 0.10945273631840796,
    "純音樂": 0.10945273631840796,
    "中": 0.1044776119402985,
    "俄": 0.0845771144278607,
    "台": 0.01990049751243781,
    "粵": 0.01990049751243781,
    "德": 0.01990049751243781,
    "希臘": 0.009950248756218905,
    "法": 0.009950248756218905,
    "波蘭": 0.009950248756218905,
    "芬蘭": 0.009950248756218905,
    "世界": 0.004975124378109453,
    "西班牙": 0.004975124378109453,
    "客": 0.004975124378109453,
    "義": 0.004975124378109453,
    "total": 1
  }
}