{
  "統計": {
    "日": 137,
    "純音樂": 54,
    "中": 41,
    "英": 31,
    "俄": 26,
    "台": 8,
    "德": 7,
    "希臘": 5,
    "粵": 5,
    "unknown": 2,
    "波蘭": 2,
    "烏克蘭": 2,
    "芬蘭": 2,
    "西班牙": 2,
    "en": 1,
    "zh-Hant": 1,
    "世界": 1,
    "南非": 1,
    "旁遮普": 1,
    "法": 1,
    "泰": 1,
    "羅馬尼亞": 1,
    "義": 1,
    "韓": 1,
    "total": 334
  },
  "占比": {
    "日": 0.4101796407185629,
    "純音樂": 0.16167664670658682,
    "中": 0.12275449101796407,
    "英": 0.09281437125748503,
    "俄": 0.07784431137724551,
    "台": 0.023952095808383235,
    "德": 0.020958083832335328,
    "希臘": 0.014970059880239521,
    "粵": 0.014970059880239521,
    "unknown": 0.005988023952095809,
    "波蘭": 0.005988023952095809,
    "烏克蘭": 0.005988023952095809,
    "芬蘭": 0.005988023952095809,
    "西班牙": 0.005988023952095809,
    "en": 0.0029940119760479044,
    "zh-Hant": 0.0029940119760479044,
    "世界": 0.0029940119760479044,
    "南非": 0.0029940119760479044,
    "旁遮普": 0.0029940119760479044,
    "法": 0.0029940119760479044,
    "泰": 0.0029940119760479044,
    "羅馬尼亞": 0.0029940119760479044,
    "義": 0.0029940119760479044,
    "韓": 0.0029940119760479044,
    "total": 1
  }
}