{
  "統計": {
    "日": 125,
    "純音樂": 51,
    "中": 34,
    "英": 23,
    "俄": 22,
    "德": 6,
    "台": 5,
    "希臘": 5,
    "粵": 5,
    "波蘭": 2,
    "烏克蘭": 2,
    "芬蘭": 2,
    "西班牙": 2,
    "世界": 1,
    "南非": 1,
    "旁遮普": 1,
    "法": 1,
    "羅馬尼亞": 1,
    "義": 1,
    "韓": 1,
    "total": 291
  },
  "占比": {
    "日": 0.42955326460481097,
    "純音樂": 0.17525773195876287,
    "中": 0.11683848797250859,
    "英": 0.07903780068728522,
    "俄": 0.07560137457044673,
    "德": 0.020618556701030927,
    "台": 0.01718213058419244,
    "希臘": 0.01718213058419244,
    "粵": 0.01718213058419244,
    "波蘭": 0.006872852233676976,
    "烏克蘭": 0.006872852233676976,
    "芬蘭": 0.006872852233676976,
    "西班牙": 0.006872852233676976,
    "世界": 0.003436426116838488,
    "南非": 0.003436426116838488,
    "旁遮普": 0.003436426116838488,
    "法": 0.003436426116838488,
    "羅馬尼亞": 0.003436426116838488,
    "義": 0.003436426116838488,
    "韓": 0.003436426116838488,
    "total": 1
  }
}