{
  "統計": {
    "日": 119,
    "純音樂": 41,
    "俄": 36,
    "中": 35,
    "ja": 23,
    "英": 20,
    "烏克蘭": 14,
    "zh": 10,
    "台": 4,
    "希臘": 4,
    "德": 4,
    "ru": 3,
    "zh-Hant": 3,
    "西班牙": 3,
    "en": 2,
    "und": 2,
    "拉丁": 2,
    "粵": 2,
    "諾斯": 2,
    "th": 1,
    "uk": 1,
    "zh-TW": 1,
    "zxx": 1,
    "客": 1,
    "法": 1,
    "福建": 1,
    "芬蘭": 1,
    "total": 337
  },
  "占比": {
    "日": 0.35311572700296734,
    "純音樂": 0.12166172106824925,
    "俄": 0.10682492581602374,
    "中": 0.10385756676557864,
    "ja": 0.06824925816023739,
    "英": 0.05934718100890208,
    "烏克蘭": 0.04154302670623145,
    "zh": 0.02967359050445104,
    "台": 0.011869436201780416,
    "希臘": 0.011869436201780416,
    "德": 0.011869436201780416,
    "ru": 0.008902077151335312,
    "zh-Hant": 0.008902077151335312,
    "西班牙": 0.008902077151335312,
    "en": 0.005934718100890208,
    "und": 0.005934718100890208,
    "拉丁": 0.005934718100890208,
    "粵": 0.005934718100890208,
    "諾斯": 0.005934718100890208,
    "th": 0.002967359050445104,
    "uk": 0.002967359050445104,
    "zh-TW": 0.002967359050445104,
    "zxx": 0.002967359050445104,
    "客": 0.002967359050445104,
    "法": 0.002967359050445104,
    "福建": 0.002967359050445104,
    "芬蘭": 0.002967359050445104,
    "total": 1
  }
}