{
  "統計": {
    "日": 239,
    "純音樂": 114,
    "中": 73,
    "英": 46,
    "俄": 37,
    "粵": 12,
    "台": 10,
    "德": 9,
    "希臘": 6,
    "unknown": 4,
    "芬蘭": 4,
    "西班牙": 3,
    "韓": 3,
    "法": 2,
    "波蘭": 2,
    "烏克蘭": 2,
    "世界": 1,
    "南非": 1,
    "旁遮普": 1,
    "泰": 1,
    "羅馬尼亞": 1,
    "義": 1,
    "total": 572
  },
  "占比": {
    "日": 0.4178321678321678,
    "純音樂": 0.1993006993006993,
    "中": 0.12762237762237763,
    "英": 0.08041958041958042,
    "俄": 0.06468531468531469,
    "粵": 0.02097902097902098,
    "台": 0.017482517482517484,
    "德": 0.015734265734265736,
    "希臘": 0.01048951048951049,
    "unknown": 0.006993006993006993,
    "芬蘭": 0.006993006993006993,
    "西班牙": 0.005244755244755245,
    "韓": 0.005244755244755245,
    "法": 0.0034965034965034965,
    "波蘭": 0.0034965034965034965,
    "烏克蘭": 0.0034965034965034965,
    "世界": 0.0017482517482517483,
    "南非": 0.0017482517482517483,
    "旁遮普": 0.0017482517482517483,
    "泰": 0.0017482517482517483,
    "羅馬尼亞": 0.0017482517482517483,
    "義": 0.0017482517482517483,
    "total": 1
  }
}