{
  "統計": {
    "日": 180,
    "純音樂": 90,
    "中": 60,
    "英": 41,
    "俄": 34,
    "粵": 11,
    "台": 10,
    "德": 9,
    "希臘": 6,
    "西班牙": 3,
    "韓": 3,
    "法": 2,
    "波蘭": 2,
    "烏克蘭": 2,
    "芬蘭": 2,
    "世界": 1,
    "南非": 1,
    "旁遮普": 1,
    "泰": 1,
    "羅馬尼亞": 1,
    "義": 1,
    "total": 461
  },
  "占比": {
    "日": 0.39045553145336226,
    "純音樂": 0.19522776572668113,
    "中": 0.1301518438177874,
    "英": 0.08893709327548807,
    "俄": 0.0737527114967462,
    "粵": 0.02386117136659436,
    "台": 0.021691973969631236,
    "德": 0.019522776572668113,
    "希臘": 0.013015184381778741,
    "西班牙": 0.006507592190889371,
    "韓": 0.006507592190889371,
    "法": 0.004338394793926247,
    "波蘭": 0.004338394793926247,
    "烏克蘭": 0.004338394793926247,
    "芬蘭": 0.004338394793926247,
    "世界": 0.0021691973969631237,
    "南非": 0.0021691973969631237,
    "旁遮普": 0.0021691973969631237,
    "泰": 0.0021691973969631237,
    "羅馬尼亞": 0.0021691973969631237,
    "義": 0.0021691973969631237,
    "total": 1
  }
}