{
  "統計": {
    "日": 249,
    "純音樂": 115,
    "中": 74,
    "英": 47,
    "俄": 37,
    "粵": 12,
    "台": 9,
    "德": 9,
    "希臘": 6,
    "烏克蘭": 5,
    "芬蘭": 4,
    "unknown": 3,
    "西班牙": 3,
    "韓": 3,
    "法": 2,
    "波蘭": 2,
    "ja": 1,
    "世界": 1,
    "南非": 1,
    "旁遮普": 1,
    "泰": 1,
    "羅馬尼亞": 1,
    "義": 1,
    "total": 587
  },
  "占比": {
    "日": 0.424190800681431,
    "純音樂": 0.19591141396933562,
    "中": 0.1260647359454855,
    "英": 0.08006814310051108,
    "俄": 0.06303236797274275,
    "粵": 0.020442930153321975,
    "台": 0.015332197614991482,
    "德": 0.015332197614991482,
    "希臘": 0.010221465076660987,
    "烏克蘭": 0.008517887563884156,
    "芬蘭": 0.0068143100511073255,
    "unknown": 0.005110732538330494,
    "西班牙": 0.005110732538330494,
    "韓": 0.005110732538330494,
    "法": 0.0034071550255536627,
    "波蘭": 0.0034071550255536627,
    "ja": 0.0017035775127768314,
    "世界": 0.0017035775127768314,
    "南非": 0.0017035775127768314,
    "旁遮普": 0.0017035775127768314,
    "泰": 0.0017035775127768314,
    "羅馬尼亞": 0.0017035775127768314,
    "義": 0.0017035775127768314,
    "total": 1
  }
}