{
  "統計": {
    "日": 149,
    "純音樂": 58,
    "中": 45,
    "英": 32,
    "俄": 27,
    "台": 8,
    "德": 7,
    "粵": 6,
    "希臘": 5,
    "西班牙": 2,
    "波蘭": 2,
    "芬蘭": 2,
    "烏克蘭": 2,
    "世界": 1,
    "法": 1,
    "南非": 1,
    "旁遮普": 1,
    "泰": 1,
    "義": 1,
    "韓": 1,
    "羅馬尼亞": 1,
    "total": 353
  },
  "占比": {
    "日": 0.42209631728045327,
    "純音樂": 0.1643059490084986,
    "中": 0.1274787535410765,
    "英": 0.0906515580736544,
    "俄": 0.0764872521246459,
    "台": 0.0226628895184136,
    "德": 0.019830028328611898,
    "粵": 0.0169971671388102,
    "希臘": 0.014164305949008499,
    "西班牙": 0.0056657223796034,
    "波蘭": 0.0056657223796034,
    "芬蘭": 0.0056657223796034,
    "烏克蘭": 0.0056657223796034,
    "世界": 0.0028328611898017,
    "法": 0.0028328611898017,
    "南非": 0.0028328611898017,
    "旁遮普": 0.0028328611898017,
    "泰": 0.0028328611898017,
    "義": 0.0028328611898017,
    "韓": 0.0028328611898017,
    "羅馬尼亞": 0.0028328611898017,
    "total": 1
  }
}