{
  "統計": {
    "日": 236,
    "純音樂": 91,
    "中": 64,
    "英": 43,
    "俄": 36,
    "粵": 13,
    "台": 8,
    "德": 8,
    "希臘": 6,
    "烏克蘭": 6,
    "芬蘭": 4,
    "韓": 3,
    "波蘭": 2,
    "世界": 1,
    "希伯來": 1,
    "法": 1,
    "南非": 1,
    "旁遮普": 1,
    "泰": 1,
    "泰盧固": 1,
    "義": 1,
    "福建": 1,
    "羅馬尼亞": 1,
    "total": 530
  },
  "占比": {
    "日": 0.44528301886792454,
    "純音樂": 0.17169811320754716,
    "中": 0.12075471698113208,
    "英": 0.08113207547169811,
    "俄": 0.06792452830188679,
    "粵": 0.024528301886792454,
    "台": 0.01509433962264151,
    "德": 0.01509433962264151,
    "希臘": 0.011320754716981131,
    "烏克蘭": 0.011320754716981131,
    "芬蘭": 0.007547169811320755,
    "韓": 0.005660377358490566,
    "波蘭": 0.0037735849056603774,
    "世界": 0.0018867924528301887,
    "希伯來": 0.0018867924528301887,
    "法": 0.0018867924528301887,
    "南非": 0.0018867924528301887,
    "旁遮普": 0.0018867924528301887,
    "泰": 0.0018867924528301887,
    "泰盧固": 0.0018867924528301887,
    "義": 0.0018867924528301887,
    "福建": 0.0018867924528301887,
    "羅馬尼亞": 0.0018867924528301887,
    "total": 1
  }
}