{
  "統計": {
    "日": 156,
    "純音樂": 60,
    "中": 48,
    "英": 37,
    "俄": 30,
    "台": 10,
    "unknown": 9,
    "粵": 9,
    "德": 7,
    "希臘": 6,
    "西班牙": 3,
    "de": 2,
    "zh-TW": 2,
    "法": 2,
    "波蘭": 2,
    "烏克蘭": 2,
    "芬蘭": 2,
    "ja": 1,
    "zh-CN": 1,
    "世界": 1,
    "南非": 1,
    "旁遮普": 1,
    "泰": 1,
    "羅馬尼亞": 1,
    "義": 1,
    "韓": 1,
    "total": 396
  },
  "占比": {
    "日": 0.39393939393939392,
    "純音樂": 0.15151515151515152,
    "中": 0.12121212121212122,
    "英": 0.093434343434343439,
    "俄": 0.07575757575757576,
    "台": 0.025252525252525252,
    "unknown": 0.022727272727272728,
    "粵": 0.022727272727272728,
    "德": 0.017676767676767676,
    "希臘": 0.015151515151515152,
    "西班牙": 0.007575757575757576,
    "de": 0.0050505050505050509,
    "zh-TW": 0.0050505050505050509,
    "法": 0.0050505050505050509,
    "波蘭": 0.0050505050505050509,
    "烏克蘭": 0.0050505050505050509,
    "芬蘭": 0.0050505050505050509,
    "ja": 0.0025252525252525255,
    "zh-CN": 0.0025252525252525255,
    "世界": 0.0025252525252525255,
    "南非": 0.0025252525252525255,
    "旁遮普": 0.0025252525252525255,
    "泰": 0.0025252525252525255,
    "羅馬尼亞": 0.0025252525252525255,
    "義": 0.0025252525252525255,
    "韓": 0.0025252525252525255,
    "total": 1
  }
}