{
  "統計": {
    "日": 156,
    "純音樂": 60,
    "中": 48,
    "英": 37,
    "俄": 30,
    "台": 10,
    "粵": 10,
    "unknown": 7,
    "德": 7,
    "希臘": 6,
    "西班牙": 3,
    "de": 2,
    "法": 2,
    "波蘭": 2,
    "烏克蘭": 2,
    "芬蘭": 2,
    "ja": 1,
    "世界": 1,
    "南非": 1,
    "旁遮普": 1,
    "泰": 1,
    "羅馬尼亞": 1,
    "義": 1,
    "韓": 1,
    "total": 392
  },
  "占比": {
    "日": 0.39795918367346939,
    "純音樂": 0.15306122448979592,
    "中": 0.12244897959183673,
    "英": 0.09438775510204081,
    "俄": 0.076530612244897961,
    "台": 0.025510204081632654,
    "粵": 0.025510204081632654,
    "unknown": 0.017857142857142856,
    "德": 0.017857142857142856,
    "希臘": 0.015306122448979591,
    "西班牙": 0.0076530612244897957,
    "de": 0.0051020408163265302,
    "法": 0.0051020408163265302,
    "波蘭": 0.0051020408163265302,
    "烏克蘭": 0.0051020408163265302,
    "芬蘭": 0.0051020408163265302,
    "ja": 0.0025510204081632651,
    "世界": 0.0025510204081632651,
    "南非": 0.0025510204081632651,
    "旁遮普": 0.0025510204081632651,
    "泰": 0.0025510204081632651,
    "羅馬尼亞": 0.0025510204081632651,
    "義": 0.0025510204081632651,
    "韓": 0.0025510204081632651,
    "total": 1
  }
}