{
  "統計": {
    "日": 85,
    "純音樂": 31,
    "中": 30,
    "俄": 26,
    "英": 14,
    "烏克蘭": 12,
    "希臘": 4,
    "德": 4,
    "台": 3,
    "西班牙": 3,
    "en": 2,
    "拉丁": 2,
    "諾斯": 2,
    "法": 1,
    "福建": 1,
    "粵": 1,
    "芬蘭": 1,
    "total": 222
  },
  "占比": {
    "日": 0.38288288288288286,
    "純音樂": 0.13963963963963963,
    "中": 0.13513513513513514,
    "俄": 0.11711711711711711,
    "英": 0.06306306306306306,
    "烏克蘭": 0.05405405405405406,
    "希臘": 0.018018018018018018,
    "德": 0.018018018018018018,
    "台": 0.013513513513513514,
    "西班牙": 0.013513513513513514,
    "en": 0.009009009009009009,
    "拉丁": 0.009009009009009009,
    "諾斯": 0.009009009009009009,
    "法": 0.0045045045045045045,
    "福建": 0.0045045045045045045,
    "粵": 0.0045045045045045045,
    "芬蘭": 0.0045045045045045045,
    "total": 1
  }
}