{
  "統計": {
    "日": 196,
    "純音樂": 94,
    "中": 64,
    "英": 42,
    "俄": 35,
    "粵": 11,
    "台": 10,
    "德": 10,
    "希臘": 6,
    "芬蘭": 3,
    "西班牙": 3,
    "韓": 3,
    "法": 2,
    "波蘭": 2,
    "烏克蘭": 2,
    "世界": 1,
    "南非": 1,
    "旁遮普": 1,
    "泰": 1,
    "羅馬尼亞": 1,
    "義": 1,
    "total": 489
  },
  "占比": {
    "日": 0.40081799591002043,
    "純音樂": 0.19222903885480572,
    "中": 0.130879345603272,
    "英": 0.08588957055214724,
    "俄": 0.07157464212678936,
    "粵": 0.022494887525562373,
    "台": 0.02044989775051125,
    "德": 0.02044989775051125,
    "希臘": 0.012269938650306749,
    "芬蘭": 0.006134969325153374,
    "西班牙": 0.006134969325153374,
    "韓": 0.006134969325153374,
    "法": 0.00408997955010225,
    "波蘭": 0.00408997955010225,
    "烏克蘭": 0.00408997955010225,
    "世界": 0.002044989775051125,
    "南非": 0.002044989775051125,
    "旁遮普": 0.002044989775051125,
    "泰": 0.002044989775051125,
    "羅馬尼亞": 0.002044989775051125,
    "義": 0.002044989775051125,
    "total": 1
  }
}