{
  "統計": {
    "日": 117,
    "純音樂": 45,
    "中": 34,
    "英": 23,
    "俄": 19,
    "粵": 5,
    "德": 5,
    "台": 4,
    "希臘": 4,
    "波": 2,
    "芬": 2,
    "烏克蘭": 2,
    "世界": 1,
    "西班牙": 1,
    "法": 1,
    "南非": 1,
    "旁遮普": 1,
    "義": 1,
    "韓": 1,
    "total": 269
  },
  "占比": {
    "日": 0.4349442379182156,
    "純音樂": 0.16728624535315986,
    "中": 0.12639405204460966,
    "英": 0.08550185873605948,
    "俄": 0.07063197026022305,
    "粵": 0.01858736059479554,
    "德": 0.01858736059479554,
    "台": 0.01486988847583643,
    "希臘": 0.01486988847583643,
    "波": 0.007434944237918215,
    "芬": 0.007434944237918215,
    "烏克蘭": 0.007434944237918215,
    "世界": 0.0037174721189591076,
    "西班牙": 0.0037174721189591076,
    "法": 0.0037174721189591076,
    "南非": 0.0037174721189591076,
    "旁遮普": 0.0037174721189591076,
    "義": 0.0037174721189591076,
    "韓": 0.0037174721189591076,
    "total": 1
  }
}