{
  "統計": {
    "日": 219,
    "純音樂": 107,
    "中": 69,
    "英": 44,
    "俄": 36,
    "粵": 11,
    "台": 10,
    "德": 9,
    "unknown": 6,
    "希臘": 6,
    "芬蘭": 3,
    "西班牙": 3,
    "韓": 3,
    "ja": 2,
    "法": 2,
    "波蘭": 2,
    "烏克蘭": 2,
    "zh-TW": 1,
    "世界": 1,
    "南非": 1,
    "旁遮普": 1,
    "泰": 1,
    "羅馬尼亞": 1,
    "義": 1,
    "total": 541
  },
  "占比": {
    "日": 0.4048059149722736,
    "純音樂": 0.1977818853974122,
    "中": 0.12754158964879853,
    "英": 0.08133086876155268,
    "俄": 0.066543438077634,
    "粵": 0.02033271719038817,
    "台": 0.018484288354898338,
    "德": 0.0166358595194085,
    "unknown": 0.011090573012939002,
    "希臘": 0.011090573012939002,
    "芬蘭": 0.005545286506469501,
    "西班牙": 0.005545286506469501,
    "韓": 0.005545286506469501,
    "ja": 0.0036968576709796672,
    "法": 0.0036968576709796672,
    "波蘭": 0.0036968576709796672,
    "烏克蘭": 0.0036968576709796672,
    "zh-TW": 0.0018484288354898336,
    "世界": 0.0018484288354898336,
    "南非": 0.0018484288354898336,
    "旁遮普": 0.0018484288354898336,
    "泰": 0.0018484288354898336,
    "羅馬尼亞": 0.0018484288354898336,
    "義": 0.0018484288354898336,
    "total": 1
  }
}