{
  "統計": {
    "日": 105,
    "中": 33,
    "俄": 27,
    "純音樂": 25,
    "英": 24,
    "粵": 8,
    "台": 6,
    "德": 5,
    "烏克蘭": 4,
    "希臘": 3,
    "ja": 2,
    "法": 2,
    "波蘭": 2,
    "芬蘭": 2,
    "ru": 1,
    "uk": 1,
    "世界": 1,
    "客": 1,
    "義": 1,
    "total": 253
  },
  "占比": {
    "日": 0.4150197628458498,
    "中": 0.13043478260869565,
    "俄": 0.1067193675889328,
    "純音樂": 0.09881422924901186,
    "英": 0.09486166007905138,
    "粵": 0.03162055335968379,
    "台": 0.023715415019762844,
    "德": 0.019762845849802372,
    "烏克蘭": 0.015810276679841896,
    "希臘": 0.011857707509881422,
    "ja": 0.007905138339920948,
    "法": 0.007905138339920948,
    "波蘭": 0.007905138339920948,
    "芬蘭": 0.007905138339920948,
    "ru": 0.003952569169960474,
    "uk": 0.003952569169960474,
    "世界": 0.003952569169960474,
    "客": 0.003952569169960474,
    "義": 0.003952569169960474,
    "total": 1
  }
}