{
  "統計": {
    "日": 104,
    "中": 25,
    "英": 25,
    "純音樂": 24,
    "俄": 22,
    "粵": 9,
    "台": 5,
    "德": 5,
    "希臘": 3,
    "法": 2,
    "波蘭": 2,
    "芬蘭": 2,
    "ru": 1,
    "unknown": 1,
    "世界": 1,
    "客": 1,
    "烏克蘭": 1,
    "義": 1,
    "西班牙": 1,
    "total": 235
  },
  "占比": {
    "日": 0.4425531914893617,
    "中": 0.10638297872340426,
    "英": 0.10638297872340426,
    "純音樂": 0.10212765957446808,
    "俄": 0.09361702127659574,
    "粵": 0.03829787234042553,
    "台": 0.02127659574468085,
    "德": 0.02127659574468085,
    "希臘": 0.01276595744680851,
    "法": 0.00851063829787234,
    "波蘭": 0.00851063829787234,
    "芬蘭": 0.00851063829787234,
    "ru": 0.00425531914893617,
    "unknown": 0.00425531914893617,
    "世界": 0.00425531914893617,
    "客": 0.00425531914893617,
    "烏克蘭": 0.00425531914893617,
    "義": 0.00425531914893617,
    "西班牙": 0.00425531914893617,
    "total": 1
  }
}