{
  "統計": {
    "日": 255,
    "純音樂": 115,
    "中": 78,
    "英": 48,
    "俄": 42,
    "粵": 15,
    "台": 9,
    "德": 8,
    "烏克蘭": 8,
    "希臘": 6,
    "芬蘭": 4,
    "西班牙": 3,
    "韓": 3,
    "法": 2,
    "波蘭": 2,
    "unknown": 1,
    "世界": 1,
    "南非": 1,
    "旁遮普": 1,
    "泰": 1,
    "泰盧固": 1,
    "羅馬尼亞": 1,
    "義": 1,
    "total": 606
  },
  "占比": {
    "日": 0.4207920792079208,
    "純音樂": 0.18976897689768976,
    "中": 0.12871287128712872,
    "英": 0.07920792079207921,
    "俄": 0.06930693069306931,
    "粵": 0.024752475247524754,
    "台": 0.01485148514851485,
    "德": 0.013201320132013201,
    "烏克蘭": 0.013201320132013201,
    "希臘": 0.009900990099009901,
    "芬蘭": 0.006600660066006601,
    "西班牙": 0.0049504950495049506,
    "韓": 0.0049504950495049506,
    "法": 0.0033003300330033004,
    "波蘭": 0.0033003300330033004,
    "unknown": 0.0016501650165016502,
    "世界": 0.0016501650165016502,
    "南非": 0.0016501650165016502,
    "旁遮普": 0.0016501650165016502,
    "泰": 0.0016501650165016502,
    "泰盧固": 0.0016501650165016502,
    "羅馬尼亞": 0.0016501650165016502,
    "義": 0.0016501650165016502,
    "total": 1
  }
}