{
  "統計": {
    "ja": 159,
    "en": 53,
    "ru": 38,
    "zh": 34,
    "zh-TW": 19,
    "uk": 14,
    "und": 7,
    "zh-Hant": 5,
    "de": 3,
    "en-US": 3,
    "ko": 3,
    "es": 2,
    "id": 2,
    "ar": 1,
    "da": 1,
    "el": 1,
    "en-CA": 1,
    "en-GB": 1,
    "fi": 1,
    "fr-CA": 1,
    "is": 1,
    "it": 1,
    "la": 1,
    "th": 1,
    "zh-CN": 1,
    "zh-Hans": 1,
    "zh-HK": 1,
    "zxx": 1,
    "total": 357
  },
  "占比": {
    "ja": 0.44537815126050423,
    "en": 0.1484593837535014,
    "ru": 0.10644257703081232,
    "zh": 0.09523809523809523,
    "zh-TW": 0.05322128851540616,
    "uk": 0.0392156862745098,
    "und": 0.0196078431372549,
    "zh-Hant": 0.014005602240896359,
    "de": 0.008403361344537815,
    "en-US": 0.008403361344537815,
    "ko": 0.008403361344537815,
    "es": 0.0056022408963585435,
    "id": 0.0056022408963585435,
    "ar": 0.0028011204481792717,
    "da": 0.0028011204481792717,
    "el": 0.0028011204481792717,
    "en-CA": 0.0028011204481792717,
    "en-GB": 0.0028011204481792717,
    "fi": 0.0028011204481792717,
    "fr-CA": 0.0028011204481792717,
    "is": 0.0028011204481792717,
    "it": 0.0028011204481792717,
    "la": 0.0028011204481792717,
    "th": 0.0028011204481792717,
    "zh-CN": 0.0028011204481792717,
    "zh-Hans": 0.0028011204481792717,
    "zh-HK": 0.0028011204481792717,
    "zxx": 0.0028011204481792717,
    "total": 1
  }
}