{
  "統計": {
    "日": 134,
    "純音樂": 55,
    "中": 39,
    "英": 29,
    "俄": 25,
    "台": 8,
    "德": 7,
    "希臘": 5,
    "粵": 5,
    "unknown": 3,
    "波蘭": 2,
    "烏克蘭": 2,
    "芬蘭": 2,
    "西班牙": 2,
    "ja": 1,
    "世界": 1,
    "南非": 1,
    "旁遮普": 1,
    "法": 1,
    "泰": 1,
    "羅馬尼亞": 1,
    "義": 1,
    "韓": 1,
    "total": 327
  },
  "占比": {
    "日": 0.40978593272171254,
    "純音樂": 0.16819571865443425,
    "中": 0.11926605504587157,
    "英": 0.08868501529051988,
    "俄": 0.0764525993883792,
    "台": 0.024464831804281346,
    "德": 0.021406727828746176,
    "希臘": 0.01529051987767584,
    "粵": 0.01529051987767584,
    "unknown": 0.009174311926605505,
    "波蘭": 0.0061162079510703364,
    "烏克蘭": 0.0061162079510703364,
    "芬蘭": 0.0061162079510703364,
    "西班牙": 0.0061162079510703364,
    "ja": 0.0030581039755351682,
    "世界": 0.0030581039755351682,
    "南非": 0.0030581039755351682,
    "旁遮普": 0.0030581039755351682,
    "法": 0.0030581039755351682,
    "泰": 0.0030581039755351682,
    "羅馬尼亞": 0.0030581039755351682,
    "義": 0.0030581039755351682,
    "韓": 0.0030581039755351682,
    "total": 1
  }
}