{
  "統計": {
    "日": 235,
    "純音樂": 114,
    "中": 71,
    "英": 44,
    "俄": 37,
    "粵": 11,
    "台": 10,
    "德": 9,
    "希臘": 6,
    "芬蘭": 4,
    "西班牙": 3,
    "韓": 3,
    "unknown": 2,
    "法": 2,
    "波蘭": 2,
    "烏克蘭": 2,
    "世界": 1,
    "南非": 1,
    "旁遮普": 1,
    "泰": 1,
    "羅馬尼亞": 1,
    "義": 1,
    "total": 561
  },
  "占比": {
    "日": 0.41889483065953653,
    "純音樂": 0.20320855614973263,
    "中": 0.1265597147950089,
    "英": 0.0784313725490196,
    "俄": 0.0659536541889483,
    "粵": 0.0196078431372549,
    "台": 0.017825311942959002,
    "德": 0.016042780748663103,
    "希臘": 0.0106951871657754,
    "芬蘭": 0.0071301247771836,
    "西班牙": 0.0053475935828877,
    "韓": 0.0053475935828877,
    "unknown": 0.0035650623885918,
    "法": 0.0035650623885918,
    "波蘭": 0.0035650623885918,
    "烏克蘭": 0.0035650623885918,
    "世界": 0.0017825311942959,
    "南非": 0.0017825311942959,
    "旁遮普": 0.0017825311942959,
    "泰": 0.0017825311942959,
    "羅馬尼亞": 0.0017825311942959,
    "義": 0.0017825311942959,
    "total": 1
  }
}