{
  "統計": {
    "日": 163,
    "純音樂": 63,
    "中": 52,
    "英": 38,
    "俄": 31,
    "台": 10,
    "德": 9,
    "粵": 9,
    "unknown": 8,
    "希臘": 6,
    "ja": 3,
    "西班牙": 3,
    "法": 2,
    "波蘭": 2,
    "烏克蘭": 2,
    "芬蘭": 2,
    "yue": 1,
    "zh": 1,
    "世界": 1,
    "南非": 1,
    "旁遮普": 1,
    "泰": 1,
    "羅馬尼亞": 1,
    "義": 1,
    "韓": 1,
    "total": 412
  },
  "占比": {
    "日": 0.39563106796116504,
    "純音樂": 0.1529126213592233,
    "中": 0.1262135922330097,
    "英": 0.09223300970873786,
    "俄": 0.07524271844660194,
    "台": 0.024271844660194174,
    "德": 0.021844660194174758,
    "粵": 0.021844660194174758,
    "unknown": 0.019417475728155338,
    "希臘": 0.014563106796116505,
    "ja": 0.007281553398058253,
    "西班牙": 0.007281553398058253,
    "法": 0.0048543689320388345,
    "波蘭": 0.0048543689320388345,
    "烏克蘭": 0.0048543689320388345,
    "芬蘭": 0.0048543689320388345,
    "yue": 0.0024271844660194173,
    "zh": 0.0024271844660194173,
    "世界": 0.0024271844660194173,
    "南非": 0.0024271844660194173,
    "旁遮普": 0.0024271844660194173,
    "泰": 0.0024271844660194173,
    "羅馬尼亞": 0.0024271844660194173,
    "義": 0.0024271844660194173,
    "韓": 0.0024271844660194173,
    "total": 1
  }
}