{
  "統計": {
    "ja": 94,
    "en": 36,
    "zh-TW": 35,
    "ru": 22,
    "uk": 10,
    "ko": 3,
    "de": 2,
    "es": 2,
    "el": 1,
    "en-CA": 1,
    "fr-CA": 1,
    "id": 1,
    "is": 1,
    "it": 1,
    "la": 1,
    "total": 211
  },
  "占比": {
    "ja": 0.44549763033175355,
    "en": 0.17061611374407584,
    "zh-TW": 0.16587677725118483,
    "ru": 0.10426540284360189,
    "uk": 0.04739336492890995,
    "ko": 0.014218009478672985,
    "de": 0.009478672985781991,
    "es": 0.009478672985781991,
    "el": 0.004739336492890996,
    "en-CA": 0.004739336492890996,
    "fr-CA": 0.004739336492890996,
    "id": 0.004739336492890996,
    "is": 0.004739336492890996,
    "it": 0.004739336492890996,
    "la": 0.004739336492890996,
    "total": 1
  }
}