{
  "統計": {
    "日": 119,
    "純音樂": 41,
    "俄": 36,
    "中": 35,
    "英": 20,
    "烏克蘭": 14,
    "ja": 12,
    "zh": 9,
    "台": 4,
    "希臘": 4,
    "德": 4,
    "西班牙": 3,
    "und": 2,
    "zh-Hant": 2,
    "拉丁": 2,
    "粵": 2,
    "諾斯": 2,
    "ru": 1,
    "th": 1,
    "uk": 1,
    "zxx": 1,
    "客": 1,
    "法": 1,
    "福建": 1,
    "芬蘭": 1,
    "total": 319
  },
  "占比": {
    "日": 0.3730407523510972,
    "純音樂": 0.12852664576802508,
    "俄": 0.11285266457680251,
    "中": 0.109717868338558,
    "英": 0.06269592476489028,
    "烏克蘭": 0.0438871473354232,
    "ja": 0.03761755485893417,
    "zh": 0.02821316614420063,
    "台": 0.012539184952978056,
    "希臘": 0.012539184952978056,
    "德": 0.012539184952978056,
    "西班牙": 0.009404388714733543,
    "und": 0.006269592476489028,
    "zh-Hant": 0.006269592476489028,
    "拉丁": 0.006269592476489028,
    "粵": 0.006269592476489028,
    "諾斯": 0.006269592476489028,
    "ru": 0.003134796238244514,
    "th": 0.003134796238244514,
    "uk": 0.003134796238244514,
    "zxx": 0.003134796238244514,
    "客": 0.003134796238244514,
    "法": 0.003134796238244514,
    "福建": 0.003134796238244514,
    "芬蘭": 0.003134796238244514,
    "total": 1
  }
}