{
  "統計": {
    "日": 122,
    "純音樂": 46,
    "中": 34,
    "英": 23,
    "俄": 19,
    "德": 6,
    "台": 5,
    "粵": 5,
    "希臘": 4,
    "西班牙": 2,
    "波蘭": 2,
    "芬蘭": 2,
    "烏克蘭": 2,
    "世界": 1,
    "法": 1,
    "南非": 1,
    "旁遮普": 1,
    "義": 1,
    "韓": 1,
    "total": 278
  },
  "占比": {
    "日": 0.43884892086330934,
    "純音樂": 0.16546762589928057,
    "中": 0.1223021582733813,
    "英": 0.08273381294964029,
    "俄": 0.0683453237410072,
    "德": 0.02158273381294964,
    "台": 0.017985611510791366,
    "粵": 0.017985611510791366,
    "希臘": 0.014388489208633094,
    "西班牙": 0.007194244604316547,
    "波蘭": 0.007194244604316547,
    "芬蘭": 0.007194244604316547,
    "烏克蘭": 0.007194244604316547,
    "世界": 0.0035971223021582736,
    "法": 0.0035971223021582736,
    "南非": 0.0035971223021582736,
    "旁遮普": 0.0035971223021582736,
    "義": 0.0035971223021582736,
    "韓": 0.0035971223021582736,
    "total": 1
  }
}