{
  "統計": {
    "日": 232,
    "純音樂": 100,
    "中": 66,
    "英": 45,
    "俄": 41,
    "粵": 13,
    "德": 9,
    "烏克蘭": 9,
    "台": 8,
    "希臘": 7,
    "芬蘭": 4,
    "韓": 3,
    "en": 2,
    "ja": 2,
    "波蘭": 2,
    "世界": 1,
    "南非": 1,
    "希伯來": 1,
    "拉丁": 1,
    "法": 1,
    "泰": 1,
    "泰盧固": 1,
    "福建": 1,
    "羅馬尼亞": 1,
    "義": 1,
    "諾斯": 1,
    "total": 554
  },
  "占比": {
    "日": 0.4187725631768953,
    "純音樂": 0.18050541516245489,
    "中": 0.11913357400722022,
    "英": 0.0812274368231047,
    "俄": 0.0740072202166065,
    "粵": 0.023465703971119134,
    "德": 0.016245487364620937,
    "烏克蘭": 0.016245487364620937,
    "台": 0.01444043321299639,
    "希臘": 0.01263537906137184,
    "芬蘭": 0.007220216606498195,
    "韓": 0.005415162454873646,
    "en": 0.0036101083032490976,
    "ja": 0.0036101083032490976,
    "波蘭": 0.0036101083032490976,
    "世界": 0.0018050541516245488,
    "南非": 0.0018050541516245488,
    "希伯來": 0.0018050541516245488,
    "拉丁": 0.0018050541516245488,
    "法": 0.0018050541516245488,
    "泰": 0.0018050541516245488,
    "泰盧固": 0.0018050541516245488,
    "福建": 0.0018050541516245488,
    "羅馬尼亞": 0.0018050541516245488,
    "義": 0.0018050541516245488,
    "諾斯": 0.0018050541516245488,
    "total": 1
  }
}