{
  "統計": {
    "日": 204,
    "純音樂": 99,
    "中": 65,
    "英": 42,
    "俄": 35,
    "粵": 11,
    "台": 10,
    "德": 10,
    "unknown": 6,
    "希臘": 6,
    "ja": 4,
    "芬蘭": 3,
    "西班牙": 3,
    "韓": 3,
    "法": 2,
    "波蘭": 2,
    "烏克蘭": 2,
    "世界": 1,
    "南非": 1,
    "旁遮普": 1,
    "泰": 1,
    "羅馬尼亞": 1,
    "義": 1,
    "total": 513
  },
  "占比": {
    "日": 0.39766081871345027,
    "純音樂": 0.19298245614035087,
    "中": 0.1267056530214425,
    "英": 0.08187134502923976,
    "俄": 0.0682261208576998,
    "粵": 0.021442495126705652,
    "台": 0.01949317738791423,
    "德": 0.01949317738791423,
    "unknown": 0.011695906432748537,
    "希臘": 0.011695906432748537,
    "ja": 0.007797270955165692,
    "芬蘭": 0.005847953216374269,
    "西班牙": 0.005847953216374269,
    "韓": 0.005847953216374269,
    "法": 0.003898635477582846,
    "波蘭": 0.003898635477582846,
    "烏克蘭": 0.003898635477582846,
    "世界": 0.001949317738791423,
    "南非": 0.001949317738791423,
    "旁遮普": 0.001949317738791423,
    "泰": 0.001949317738791423,
    "羅馬尼亞": 0.001949317738791423,
    "義": 0.001949317738791423,
    "total": 1
  }
}