{
  "統計": {
    "日": 219,
    "純音樂": 107,
    "中": 69,
    "英": 44,
    "俄": 36,
    "粵": 11,
    "台": 10,
    "德": 9,
    "希臘": 6,
    "芬蘭": 3,
    "西班牙": 3,
    "韓": 3,
    "法": 2,
    "波蘭": 2,
    "烏克蘭": 2,
    "ja": 1,
    "unknown": 1,
    "世界": 1,
    "南非": 1,
    "旁遮普": 1,
    "泰": 1,
    "羅馬尼亞": 1,
    "義": 1,
    "total": 534
  },
  "占比": {
    "日": 0.4101123595505618,
    "純音樂": 0.20037453183520598,
    "中": 0.12921348314606743,
    "英": 0.08239700374531835,
    "俄": 0.06741573033707865,
    "粵": 0.020599250936329586,
    "台": 0.018726591760299626,
    "德": 0.016853932584269662,
    "希臘": 0.011235955056179775,
    "芬蘭": 0.0056179775280898875,
    "西班牙": 0.0056179775280898875,
    "韓": 0.0056179775280898875,
    "法": 0.003745318352059925,
    "波蘭": 0.003745318352059925,
    "烏克蘭": 0.003745318352059925,
    "ja": 0.0018726591760299626,
    "unknown": 0.0018726591760299626,
    "世界": 0.0018726591760299626,
    "南非": 0.0018726591760299626,
    "旁遮普": 0.0018726591760299626,
    "泰": 0.0018726591760299626,
    "羅馬尼亞": 0.0018726591760299626,
    "義": 0.0018726591760299626,
    "total": 1
  }
}