{
  "統計": {
    "日": 169,
    "純音樂": 65,
    "中": 55,
    "英": 39,
    "俄": 32,
    "台": 10,
    "粵": 10,
    "德": 9,
    "希臘": 6,
    "unknown": 4,
    "西班牙": 3,
    "法": 2,
    "波蘭": 2,
    "烏克蘭": 2,
    "芬蘭": 2,
    "ja": 1,
    "世界": 1,
    "南非": 1,
    "旁遮普": 1,
    "泰": 1,
    "羅馬尼亞": 1,
    "義": 1,
    "韓": 1,
    "total": 418
  },
  "占比": {
    "日": 0.4043062200956938,
    "純音樂": 0.15550239234449761,
    "中": 0.13157894736842105,
    "英": 0.09330143540669857,
    "俄": 0.07655502392344497,
    "台": 0.023923444976076555,
    "粵": 0.023923444976076555,
    "德": 0.0215311004784689,
    "希臘": 0.014354066985645933,
    "unknown": 0.009569377990430622,
    "西班牙": 0.007177033492822967,
    "法": 0.004784688995215311,
    "波蘭": 0.004784688995215311,
    "烏克蘭": 0.004784688995215311,
    "芬蘭": 0.004784688995215311,
    "ja": 0.0023923444976076554,
    "世界": 0.0023923444976076554,
    "南非": 0.0023923444976076554,
    "旁遮普": 0.0023923444976076554,
    "泰": 0.0023923444976076554,
    "羅馬尼亞": 0.0023923444976076554,
    "義": 0.0023923444976076554,
    "韓": 0.0023923444976076554,
    "total": 1
  }
}