{
  "統計": {
    "日": 229,
    "純音樂": 105,
    "中": 68,
    "英": 46,
    "俄": 43,
    "粵": 13,
    "台": 9,
    "德": 9,
    "烏克蘭": 8,
    "希臘": 7,
    "ja": 3,
    "芬蘭": 3,
    "韓": 3,
    "波蘭": 2,
    "da": 1,
    "en": 1,
    "uk": 1,
    "zh": 1,
    "世界": 1,
    "南非": 1,
    "客": 1,
    "希伯來": 1,
    "拉丁": 1,
    "法": 1,
    "泰": 1,
    "泰盧固": 1,
    "福建": 1,
    "羅馬尼亞": 1,
    "義": 1,
    "諾斯": 1,
    "total": 564
  },
  "占比": {
    "日": 0.40602836879432624,
    "純音樂": 0.18617021276595744,
    "中": 0.12056737588652482,
    "英": 0.08156028368794327,
    "俄": 0.07624113475177305,
    "粵": 0.02304964539007092,
    "台": 0.015957446808510637,
    "德": 0.015957446808510637,
    "烏克蘭": 0.014184397163120567,
    "希臘": 0.012411347517730497,
    "ja": 0.005319148936170213,
    "芬蘭": 0.005319148936170213,
    "韓": 0.005319148936170213,
    "波蘭": 0.0035460992907801418,
    "da": 0.0017730496453900709,
    "en": 0.0017730496453900709,
    "uk": 0.0017730496453900709,
    "zh": 0.0017730496453900709,
    "世界": 0.0017730496453900709,
    "南非": 0.0017730496453900709,
    "客": 0.0017730496453900709,
    "希伯來": 0.0017730496453900709,
    "拉丁": 0.0017730496453900709,
    "法": 0.0017730496453900709,
    "泰": 0.0017730496453900709,
    "泰盧固": 0.0017730496453900709,
    "福建": 0.0017730496453900709,
    "羅馬尼亞": 0.0017730496453900709,
    "義": 0.0017730496453900709,
    "諾斯": 0.0017730496453900709,
    "total": 1
  }
}