{
  "統計": {
    "日": 139,
    "純音樂": 54,
    "中": 43,
    "英": 32,
    "俄": 26,
    "台": 8,
    "德": 7,
    "希臘": 5,
    "粵": 5,
    "西班牙": 2,
    "波蘭": 2,
    "芬蘭": 2,
    "烏克蘭": 2,
    "世界": 1,
    "法": 1,
    "南非": 1,
    "旁遮普": 1,
    "泰": 1,
    "義": 1,
    "韓": 1,
    "羅馬尼亞": 1,
    "total": 335
  },
  "占比": {
    "日": 0.41492537313432837,
    "純音樂": 0.16119402985074627,
    "中": 0.12835820895522387,
    "英": 0.0955223880597015,
    "俄": 0.07761194029850746,
    "台": 0.023880597014925373,
    "德": 0.020895522388059702,
    "希臘": 0.014925373134328358,
    "粵": 0.014925373134328358,
    "西班牙": 0.005970149253731343,
    "波蘭": 0.005970149253731343,
    "芬蘭": 0.005970149253731343,
    "烏克蘭": 0.005970149253731343,
    "世界": 0.0029850746268656717,
    "法": 0.0029850746268656717,
    "南非": 0.0029850746268656717,
    "旁遮普": 0.0029850746268656717,
    "泰": 0.0029850746268656717,
    "義": 0.0029850746268656717,
    "韓": 0.0029850746268656717,
    "羅馬尼亞": 0.0029850746268656717,
    "total": 1
  }
}