{
  "統計": {
    "日": 124,
    "純音樂": 48,
    "中": 34,
    "英": 23,
    "俄": 20,
    "德": 6,
    "台": 5,
    "希臘": 5,
    "粵": 5,
    "波蘭": 2,
    "烏克蘭": 2,
    "芬蘭": 2,
    "西班牙": 2,
    "世界": 1,
    "南非": 1,
    "旁遮普": 1,
    "法": 1,
    "羅馬尼亞": 1,
    "義": 1,
    "韓": 1,
    "total": 285
  },
  "占比": {
    "日": 0.43508771929824563,
    "純音樂": 0.16842105263157894,
    "中": 0.11929824561403508,
    "英": 0.08070175438596491,
    "俄": 0.07017543859649122,
    "德": 0.021052631578947368,
    "台": 0.017543859649122806,
    "希臘": 0.017543859649122806,
    "粵": 0.017543859649122806,
    "波蘭": 0.007017543859649123,
    "烏克蘭": 0.007017543859649123,
    "芬蘭": 0.007017543859649123,
    "西班牙": 0.007017543859649123,
    "世界": 0.0035087719298245615,
    "南非": 0.0035087719298245615,
    "旁遮普": 0.0035087719298245615,
    "法": 0.0035087719298245615,
    "羅馬尼亞": 0.0035087719298245615,
    "義": 0.0035087719298245615,
    "韓": 0.0035087719298245615,
    "total": 1
  }
}