{
  "統計": {
    "日": 229,
    "純音樂": 105,
    "中": 68,
    "英": 46,
    "俄": 43,
    "粵": 13,
    "台": 9,
    "德": 9,
    "烏克蘭": 8,
    "希臘": 7,
    "芬蘭": 3,
    "韓": 3,
    "波蘭": 2,
    "世界": 1,
    "南非": 1,
    "客": 1,
    "希伯來": 1,
    "拉丁": 1,
    "法": 1,
    "泰": 1,
    "泰盧固": 1,
    "福建": 1,
    "羅馬尼亞": 1,
    "義": 1,
    "諾斯": 1,
    "total": 557
  },
  "占比": {
    "日": 0.4111310592459605,
    "純音樂": 0.18850987432675045,
    "中": 0.12208258527827648,
    "英": 0.08258527827648116,
    "俄": 0.07719928186714542,
    "粵": 0.02333931777378815,
    "台": 0.01615798922800718,
    "德": 0.01615798922800718,
    "烏克蘭": 0.01436265709156194,
    "希臘": 0.012567324955116697,
    "芬蘭": 0.005385996409335727,
    "韓": 0.005385996409335727,
    "波蘭": 0.003590664272890485,
    "世界": 0.0017953321364452424,
    "南非": 0.0017953321364452424,
    "客": 0.0017953321364452424,
    "希伯來": 0.0017953321364452424,
    "拉丁": 0.0017953321364452424,
    "法": 0.0017953321364452424,
    "泰": 0.0017953321364452424,
    "泰盧固": 0.0017953321364452424,
    "福建": 0.0017953321364452424,
    "羅馬尼亞": 0.0017953321364452424,
    "義": 0.0017953321364452424,
    "諾斯": 0.0017953321364452424,
    "total": 1
  }
}