{
  "統計": {
    "日": 104,
    "中": 25,
    "英": 25,
    "純音樂": 24,
    "俄": 22,
    "粵": 9,
    "台": 5,
    "德": 5,
    "希臘": 3,
    "法": 2,
    "波蘭": 2,
    "芬蘭": 2,
    "ru": 1,
    "世界": 1,
    "客": 1,
    "烏克蘭": 1,
    "義": 1,
    "西班牙": 1,
    "total": 234
  },
  "占比": {
    "日": 0.4444444444444444,
    "中": 0.10683760683760683,
    "英": 0.10683760683760683,
    "純音樂": 0.10256410256410256,
    "俄": 0.09401709401709402,
    "粵": 0.038461538461538464,
    "台": 0.021367521367521368,
    "德": 0.021367521367521368,
    "希臘": 0.01282051282051282,
    "法": 0.008547008547008548,
    "波蘭": 0.008547008547008548,
    "芬蘭": 0.008547008547008548,
    "ru": 0.004273504273504274,
    "世界": 0.004273504273504274,
    "客": 0.004273504273504274,
    "烏克蘭": 0.004273504273504274,
    "義": 0.004273504273504274,
    "西班牙": 0.004273504273504274,
    "total": 1
  }
}