{
  "統計": {
    "日": 237,
    "純音樂": 104,
    "中": 69,
    "英": 48,
    "俄": 40,
    "粵": 13,
    "台": 9,
    "德": 9,
    "烏克蘭": 9,
    "希臘": 7,
    "芬蘭": 3,
    "韓": 3,
    "波蘭": 2,
    "ja": 1,
    "ru": 1,
    "世界": 1,
    "南非": 1,
    "客": 1,
    "希伯來": 1,
    "拉丁": 1,
    "法": 1,
    "泰": 1,
    "泰盧固": 1,
    "福建": 1,
    "羅馬尼亞": 1,
    "義": 1,
    "諾斯": 1,
    "total": 567
  },
  "占比": {
    "日": 0.41798941798941797,
    "純音樂": 0.18342151675485008,
    "中": 0.12169312169312169,
    "英": 0.08465608465608465,
    "俄": 0.07054673721340388,
    "粵": 0.02292768959435626,
    "台": 0.015873015873015872,
    "德": 0.015873015873015872,
    "烏克蘭": 0.015873015873015872,
    "希臘": 0.012345679012345678,
    "芬蘭": 0.005291005291005291,
    "韓": 0.005291005291005291,
    "波蘭": 0.003527336860670194,
    "ja": 0.001763668430335097,
    "ru": 0.001763668430335097,
    "世界": 0.001763668430335097,
    "南非": 0.001763668430335097,
    "客": 0.001763668430335097,
    "希伯來": 0.001763668430335097,
    "拉丁": 0.001763668430335097,
    "法": 0.001763668430335097,
    "泰": 0.001763668430335097,
    "泰盧固": 0.001763668430335097,
    "福建": 0.001763668430335097,
    "羅馬尼亞": 0.001763668430335097,
    "義": 0.001763668430335097,
    "諾斯": 0.001763668430335097,
    "total": 1
  }
}