{
  "統計": {
    "日": 203,
    "純音樂": 99,
    "中": 65,
    "英": 42,
    "俄": 35,
    "粵": 11,
    "台": 10,
    "德": 10,
    "希臘": 6,
    "芬蘭": 3,
    "西班牙": 3,
    "韓": 3,
    "法": 2,
    "波蘭": 2,
    "烏克蘭": 2,
    "ja": 1,
    "世界": 1,
    "南非": 1,
    "旁遮普": 1,
    "泰": 1,
    "羅馬尼亞": 1,
    "義": 1,
    "total": 503
  },
  "占比": {
    "日": 0.40357852882703776,
    "純音樂": 0.19681908548707752,
    "中": 0.12922465208747516,
    "英": 0.08349900596421471,
    "俄": 0.06958250497017893,
    "粵": 0.02186878727634195,
    "台": 0.019880715705765408,
    "德": 0.019880715705765408,
    "希臘": 0.011928429423459244,
    "芬蘭": 0.005964214711729622,
    "西班牙": 0.005964214711729622,
    "韓": 0.005964214711729622,
    "法": 0.003976143141153081,
    "波蘭": 0.003976143141153081,
    "烏克蘭": 0.003976143141153081,
    "ja": 0.0019880715705765406,
    "世界": 0.0019880715705765406,
    "南非": 0.0019880715705765406,
    "旁遮普": 0.0019880715705765406,
    "泰": 0.0019880715705765406,
    "羅馬尼亞": 0.0019880715705765406,
    "義": 0.0019880715705765406,
    "total": 1
  }
}