{
  "統計": {
    "日": 97,
    "中": 24,
    "純音樂": 22,
    "英": 22,
    "俄": 18,
    "台": 5,
    "德": 5,
    "粵": 4,
    "希臘": 2,
    "法": 2,
    "波蘭": 2,
    "芬蘭": 2,
    "ja": 1,
    "世界": 1,
    "客": 1,
    "義": 1,
    "西班牙": 1,
    "total": 210
  },
  "占比": {
    "日": 0.46190476190476193,
    "中": 0.11428571428571428,
    "純音樂": 0.10476190476190476,
    "英": 0.10476190476190476,
    "俄": 0.08571428571428572,
    "台": 0.023809523809523808,
    "德": 0.023809523809523808,
    "粵": 0.01904761904761905,
    "希臘": 0.009523809523809525,
    "法": 0.009523809523809525,
    "波蘭": 0.009523809523809525,
    "芬蘭": 0.009523809523809525,
    "ja": 0.004761904761904762,
    "世界": 0.004761904761904762,
    "客": 0.004761904761904762,
    "義": 0.004761904761904762,
    "西班牙": 0.004761904761904762,
    "total": 1
  }
}