{
  "統計": {
    "日": 232,
    "純音樂": 109,
    "中": 69,
    "英": 45,
    "俄": 44,
    "粵": 13,
    "烏克蘭": 10,
    "台": 9,
    "德": 9,
    "希臘": 7,
    "芬蘭": 3,
    "韓": 3,
    "unknown": 2,
    "拉丁": 2,
    "波蘭": 2,
    "zh-HK": 1,
    "世界": 1,
    "南非": 1,
    "客": 1,
    "希伯來": 1,
    "法": 1,
    "泰": 1,
    "泰盧固": 1,
    "福建": 1,
    "羅馬尼亞": 1,
    "義": 1,
    "諾斯": 1,
    "阿拉伯": 1,
    "阿美": 1,
    "total": 573
  },
  "占比": {
    "日": 0.4048865619546248,
    "純音樂": 0.19022687609075042,
    "中": 0.12041884816753927,
    "英": 0.07853403141361257,
    "俄": 0.07678883071553229,
    "粵": 0.02268760907504363,
    "烏克蘭": 0.017452006980802792,
    "台": 0.015706806282722512,
    "德": 0.015706806282722512,
    "希臘": 0.012216404886561954,
    "芬蘭": 0.005235602094240838,
    "韓": 0.005235602094240838,
    "unknown": 0.0034904013961605585,
    "拉丁": 0.0034904013961605585,
    "波蘭": 0.0034904013961605585,
    "zh-HK": 0.0017452006980802793,
    "世界": 0.0017452006980802793,
    "南非": 0.0017452006980802793,
    "客": 0.0017452006980802793,
    "希伯來": 0.0017452006980802793,
    "法": 0.0017452006980802793,
    "泰": 0.0017452006980802793,
    "泰盧固": 0.0017452006980802793,
    "福建": 0.0017452006980802793,
    "羅馬尼亞": 0.0017452006980802793,
    "義": 0.0017452006980802793,
    "諾斯": 0.0017452006980802793,
    "阿拉伯": 0.0017452006980802793,
    "阿美": 0.0017452006980802793,
    "total": 1
  }
}