{
  "統計": {
    "日": 235,
    "純音樂": 114,
    "中": 71,
    "英": 44,
    "俄": 37,
    "粵": 11,
    "台": 10,
    "德": 9,
    "希臘": 6,
    "unknown": 5,
    "芬蘭": 4,
    "西班牙": 3,
    "韓": 3,
    "法": 2,
    "波蘭": 2,
    "烏克蘭": 2,
    "ja": 1,
    "yue-HK": 1,
    "zh-TW": 1,
    "世界": 1,
    "南非": 1,
    "旁遮普": 1,
    "泰": 1,
    "羅馬尼亞": 1,
    "義": 1,
    "total": 567
  },
  "占比": {
    "日": 0.4144620811287478,
    "純音樂": 0.20105820105820105,
    "中": 0.12522045855379188,
    "英": 0.07760141093474426,
    "俄": 0.06525573192239859,
    "粵": 0.019400352733686066,
    "台": 0.01763668430335097,
    "德": 0.015873015873015872,
    "希臘": 0.010582010582010581,
    "unknown": 0.008818342151675485,
    "芬蘭": 0.007054673721340388,
    "西班牙": 0.005291005291005291,
    "韓": 0.005291005291005291,
    "法": 0.003527336860670194,
    "波蘭": 0.003527336860670194,
    "烏克蘭": 0.003527336860670194,
    "ja": 0.001763668430335097,
    "yue-HK": 0.001763668430335097,
    "zh-TW": 0.001763668430335097,
    "世界": 0.001763668430335097,
    "南非": 0.001763668430335097,
    "旁遮普": 0.001763668430335097,
    "泰": 0.001763668430335097,
    "羅馬尼亞": 0.001763668430335097,
    "義": 0.001763668430335097,
    "total": 1
  }
}