{
  "統計": {
    "日": 230,
    "純音樂": 110,
    "中": 69,
    "英": 44,
    "俄": 36,
    "粵": 11,
    "台": 10,
    "德": 9,
    "希臘": 6,
    "芬蘭": 4,
    "西班牙": 3,
    "韓": 3,
    "法": 2,
    "波蘭": 2,
    "烏克蘭": 2,
    "unknown": 1,
    "世界": 1,
    "南非": 1,
    "旁遮普": 1,
    "泰": 1,
    "羅馬尼亞": 1,
    "義": 1,
    "total": 548
  },
  "占比": {
    "日": 0.4197080291970803,
    "純音樂": 0.20072992700729927,
    "中": 0.1259124087591241,
    "英": 0.08029197080291971,
    "俄": 0.06569343065693431,
    "粵": 0.020072992700729927,
    "台": 0.01824817518248175,
    "德": 0.016423357664233577,
    "希臘": 0.010948905109489052,
    "芬蘭": 0.0072992700729927005,
    "西班牙": 0.005474452554744526,
    "韓": 0.005474452554744526,
    "法": 0.0036496350364963502,
    "波蘭": 0.0036496350364963502,
    "烏克蘭": 0.0036496350364963502,
    "unknown": 0.0018248175182481751,
    "世界": 0.0018248175182481751,
    "南非": 0.0018248175182481751,
    "旁遮普": 0.0018248175182481751,
    "泰": 0.0018248175182481751,
    "羅馬尼亞": 0.0018248175182481751,
    "義": 0.0018248175182481751,
    "total": 1
  }
}