{
  "統計": {
    "日": 236,
    "純音樂": 91,
    "中": 69,
    "英": 43,
    "俄": 39,
    "粵": 13,
    "台": 8,
    "德": 8,
    "希臘": 6,
    "烏克蘭": 6,
    "芬蘭": 4,
    "ja": 3,
    "韓": 3,
    "波蘭": 2,
    "el": 1,
    "en": 1,
    "zh": 1,
    "世界": 1,
    "南非": 1,
    "希伯來": 1,
    "旁遮普": 1,
    "法": 1,
    "泰": 1,
    "泰盧固": 1,
    "福建": 1,
    "羅馬尼亞": 1,
    "義": 1,
    "total": 544
  },
  "占比": {
    "日": 0.4338235294117647,
    "純音樂": 0.16727941176470587,
    "中": 0.12683823529411764,
    "英": 0.07904411764705882,
    "俄": 0.07169117647058823,
    "粵": 0.02389705882352941,
    "台": 0.014705882352941176,
    "德": 0.014705882352941176,
    "希臘": 0.011029411764705883,
    "烏克蘭": 0.011029411764705883,
    "芬蘭": 0.007352941176470588,
    "ja": 0.0055147058823529415,
    "韓": 0.0055147058823529415,
    "波蘭": 0.003676470588235294,
    "el": 0.001838235294117647,
    "en": 0.001838235294117647,
    "zh": 0.001838235294117647,
    "世界": 0.001838235294117647,
    "南非": 0.001838235294117647,
    "希伯來": 0.001838235294117647,
    "旁遮普": 0.001838235294117647,
    "法": 0.001838235294117647,
    "泰": 0.001838235294117647,
    "泰盧固": 0.001838235294117647,
    "福建": 0.001838235294117647,
    "羅馬尼亞": 0.001838235294117647,
    "義": 0.001838235294117647,
    "total": 1
  }
}