{
  "統計": {
    "日": 163,
    "純音樂": 63,
    "中": 52,
    "英": 38,
    "俄": 31,
    "台": 10,
    "德": 9,
    "粵": 9,
    "希臘": 6,
    "西班牙": 3,
    "法": 2,
    "波蘭": 2,
    "烏克蘭": 2,
    "芬蘭": 2,
    "世界": 1,
    "南非": 1,
    "旁遮普": 1,
    "泰": 1,
    "羅馬尼亞": 1,
    "義": 1,
    "韓": 1,
    "total": 399
  },
  "占比": {
    "日": 0.40852130325814534,
    "純音樂": 0.15789473684210525,
    "中": 0.13032581453634084,
    "英": 0.09523809523809523,
    "俄": 0.07769423558897243,
    "台": 0.02506265664160401,
    "德": 0.022556390977443608,
    "粵": 0.022556390977443608,
    "希臘": 0.015037593984962405,
    "西班牙": 0.007518796992481203,
    "法": 0.005012531328320802,
    "波蘭": 0.005012531328320802,
    "烏克蘭": 0.005012531328320802,
    "芬蘭": 0.005012531328320802,
    "世界": 0.002506265664160401,
    "南非": 0.002506265664160401,
    "旁遮普": 0.002506265664160401,
    "泰": 0.002506265664160401,
    "羅馬尼亞": 0.002506265664160401,
    "義": 0.002506265664160401,
    "韓": 0.002506265664160401,
    "total": 1
  }
}