{
  "統計": {
    "日": 249,
    "純音樂": 115,
    "中": 74,
    "英": 47,
    "俄": 37,
    "粵": 12,
    "台": 9,
    "德": 9,
    "希臘": 6,
    "烏克蘭": 5,
    "unknown": 4,
    "芬蘭": 4,
    "西班牙": 3,
    "韓": 3,
    "ja": 2,
    "法": 2,
    "波蘭": 2,
    "zh-TW": 1,
    "世界": 1,
    "南非": 1,
    "旁遮普": 1,
    "泰": 1,
    "羅馬尼亞": 1,
    "義": 1,
    "total": 590
  },
  "占比": {
    "日": 0.42203389830508475,
    "純音樂": 0.19491525423728814,
    "中": 0.12542372881355932,
    "英": 0.07966101694915254,
    "俄": 0.06271186440677966,
    "粵": 0.020338983050847456,
    "台": 0.015254237288135594,
    "德": 0.015254237288135594,
    "希臘": 0.010169491525423728,
    "烏克蘭": 0.00847457627118644,
    "unknown": 0.006779661016949152,
    "芬蘭": 0.006779661016949152,
    "西班牙": 0.005084745762711864,
    "韓": 0.005084745762711864,
    "ja": 0.003389830508474576,
    "法": 0.003389830508474576,
    "波蘭": 0.003389830508474576,
    "zh-TW": 0.001694915254237288,
    "世界": 0.001694915254237288,
    "南非": 0.001694915254237288,
    "旁遮普": 0.001694915254237288,
    "泰": 0.001694915254237288,
    "羅馬尼亞": 0.001694915254237288,
    "義": 0.001694915254237288,
    "total": 1
  }
}