{
  "統計": {
    "日": 213,
    "純音樂": 105,
    "中": 68,
    "英": 43,
    "俄": 36,
    "粵": 11,
    "台": 10,
    "德": 10,
    "希臘": 6,
    "西班牙": 3,
    "芬蘭": 3,
    "韓": 3,
    "法": 2,
    "波蘭": 2,
    "烏克蘭": 2,
    "世界": 1,
    "南非": 1,
    "旁遮普": 1,
    "泰": 1,
    "義": 1,
    "羅馬尼亞": 1,
    "total": 523
  },
  "占比": {
    "日": 0.4072657743785851,
    "純音樂": 0.20076481835564053,
    "中": 0.13001912045889102,
    "英": 0.08221797323135756,
    "俄": 0.06883365200764818,
    "粵": 0.021032504780114723,
    "台": 0.019120458891013385,
    "德": 0.019120458891013385,
    "希臘": 0.011472275334608031,
    "西班牙": 0.0057361376673040155,
    "芬蘭": 0.0057361376673040155,
    "韓": 0.0057361376673040155,
    "法": 0.0038240917782026767,
    "波蘭": 0.0038240917782026767,
    "烏克蘭": 0.0038240917782026767,
    "世界": 0.0019120458891013384,
    "南非": 0.0019120458891013384,
    "旁遮普": 0.0019120458891013384,
    "泰": 0.0019120458891013384,
    "義": 0.0019120458891013384,
    "羅馬尼亞": 0.0019120458891013384,
    "total": 1
  }
}