{
  "統計": {
    "日": 98,
    "中": 24,
    "純音樂": 22,
    "英": 22,
    "俄": 19,
    "台": 5,
    "德": 5,
    "粵": 4,
    "unknown": 2,
    "希臘": 2,
    "法": 2,
    "波蘭": 2,
    "芬蘭": 2,
    "世界": 1,
    "客": 1,
    "義": 1,
    "西班牙": 1,
    "total": 213
  },
  "占比": {
    "日": 0.460093896713615,
    "中": 0.11267605633802817,
    "純音樂": 0.10328638497652583,
    "英": 0.10328638497652583,
    "俄": 0.0892018779342723,
    "台": 0.023474178403755867,
    "德": 0.023474178403755867,
    "粵": 0.018779342723004695,
    "unknown": 0.009389671361502348,
    "希臘": 0.009389671361502348,
    "法": 0.009389671361502348,
    "波蘭": 0.009389671361502348,
    "芬蘭": 0.009389671361502348,
    "世界": 0.004694835680751174,
    "客": 0.004694835680751174,
    "義": 0.004694835680751174,
    "西班牙": 0.004694835680751174,
    "total": 1
  }
}