{
  "統計": {
    "日": 204,
    "純音樂": 99,
    "中": 65,
    "英": 42,
    "俄": 35,
    "粵": 11,
    "台": 10,
    "德": 10,
    "希臘": 6,
    "芬蘭": 3,
    "西班牙": 3,
    "韓": 3,
    "法": 2,
    "波蘭": 2,
    "烏克蘭": 2,
    "ja": 1,
    "unknown": 1,
    "世界": 1,
    "南非": 1,
    "旁遮普": 1,
    "泰": 1,
    "羅馬尼亞": 1,
    "義": 1,
    "total": 505
  },
  "占比": {
    "日": 0.403960396039604,
    "純音樂": 0.19603960396039605,
    "中": 0.12871287128712872,
    "英": 0.08316831683168317,
    "俄": 0.06930693069306931,
    "粵": 0.02178217821782178,
    "台": 0.019801980198019802,
    "德": 0.019801980198019802,
    "希臘": 0.011881188118811881,
    "芬蘭": 0.005940594059405941,
    "西班牙": 0.005940594059405941,
    "韓": 0.005940594059405941,
    "法": 0.0039603960396039604,
    "波蘭": 0.0039603960396039604,
    "烏克蘭": 0.0039603960396039604,
    "ja": 0.0019801980198019802,
    "unknown": 0.0019801980198019802,
    "世界": 0.0019801980198019802,
    "南非": 0.0019801980198019802,
    "旁遮普": 0.0019801980198019802,
    "泰": 0.0019801980198019802,
    "羅馬尼亞": 0.0019801980198019802,
    "義": 0.0019801980198019802,
    "total": 1
  }
}