{
  "統計": {
    "日": 85,
    "純音樂": 31,
    "中": 30,
    "俄": 26,
    "英": 14,
    "烏克蘭": 12,
    "希臘": 4,
    "德": 4,
    "台": 3,
    "西班牙": 3,
    "en": 2,
    "ru": 2,
    "拉丁": 2,
    "諾斯": 2,
    "法": 1,
    "福建": 1,
    "粵": 1,
    "芬蘭": 1,
    "total": 224
  },
  "占比": {
    "日": 0.3794642857142857,
    "純音樂": 0.13839285714285715,
    "中": 0.13392857142857142,
    "俄": 0.11607142857142858,
    "英": 0.0625,
    "烏克蘭": 0.05357142857142857,
    "希臘": 0.017857142857142856,
    "德": 0.017857142857142856,
    "台": 0.013392857142857142,
    "西班牙": 0.013392857142857142,
    "en": 0.008928571428571428,
    "ru": 0.008928571428571428,
    "拉丁": 0.008928571428571428,
    "諾斯": 0.008928571428571428,
    "法": 0.004464285714285714,
    "福建": 0.004464285714285714,
    "粵": 0.004464285714285714,
    "芬蘭": 0.004464285714285714,
    "total": 1
  }
}