{
  "統計": {
    "日": 119,
    "純音樂": 41,
    "俄": 36,
    "中": 35,
    "英": 20,
    "烏克蘭": 14,
    "ja": 13,
    "zh": 10,
    "台": 4,
    "希臘": 4,
    "德": 4,
    "西班牙": 3,
    "und": 2,
    "zh-Hant": 2,
    "拉丁": 2,
    "粵": 2,
    "諾斯": 2,
    "ru": 1,
    "th": 1,
    "uk": 1,
    "zxx": 1,
    "客": 1,
    "法": 1,
    "福建": 1,
    "芬蘭": 1,
    "total": 321
  },
  "占比": {
    "日": 0.3707165109034268,
    "純音樂": 0.1277258566978193,
    "俄": 0.11214953271028037,
    "中": 0.10903426791277258,
    "英": 0.06230529595015576,
    "烏克蘭": 0.04361370716510903,
    "ja": 0.040498442367601244,
    "zh": 0.03115264797507788,
    "台": 0.012461059190031152,
    "希臘": 0.012461059190031152,
    "德": 0.012461059190031152,
    "西班牙": 0.009345794392523364,
    "und": 0.006230529595015576,
    "zh-Hant": 0.006230529595015576,
    "拉丁": 0.006230529595015576,
    "粵": 0.006230529595015576,
    "諾斯": 0.006230529595015576,
    "ru": 0.003115264797507788,
    "th": 0.003115264797507788,
    "uk": 0.003115264797507788,
    "zxx": 0.003115264797507788,
    "客": 0.003115264797507788,
    "法": 0.003115264797507788,
    "福建": 0.003115264797507788,
    "芬蘭": 0.003115264797507788,
    "total": 1
  }
}