{
  "統計": {
    "日": 240,
    "純音樂": 114,
    "中": 73,
    "英": 47,
    "俄": 37,
    "粵": 12,
    "台": 10,
    "德": 9,
    "希臘": 6,
    "烏克蘭": 5,
    "芬蘭": 4,
    "unknown": 3,
    "西班牙": 3,
    "韓": 3,
    "法": 2,
    "波蘭": 2,
    "世界": 1,
    "南非": 1,
    "旁遮普": 1,
    "泰": 1,
    "羅馬尼亞": 1,
    "義": 1,
    "total": 576
  },
  "占比": {
    "日": 0.4166666666666667,
    "純音樂": 0.19791666666666666,
    "中": 0.1267361111111111,
    "英": 0.08159722222222222,
    "俄": 0.0642361111111111,
    "粵": 0.020833333333333332,
    "台": 0.017361111111111112,
    "德": 0.015625,
    "希臘": 0.010416666666666666,
    "烏克蘭": 0.008680555555555556,
    "芬蘭": 0.006944444444444444,
    "unknown": 0.005208333333333333,
    "西班牙": 0.005208333333333333,
    "韓": 0.005208333333333333,
    "法": 0.003472222222222222,
    "波蘭": 0.003472222222222222,
    "世界": 0.001736111111111111,
    "南非": 0.001736111111111111,
    "旁遮普": 0.001736111111111111,
    "泰": 0.001736111111111111,
    "羅馬尼亞": 0.001736111111111111,
    "義": 0.001736111111111111,
    "total": 1
  }
}