{
  "統計": {
    "日": 255,
    "純音樂": 116,
    "中": 81,
    "英": 49,
    "俄": 45,
    "粵": 15,
    "烏克蘭": 11,
    "台": 10,
    "德": 8,
    "希臘": 6,
    "芬蘭": 4,
    "西班牙": 3,
    "韓": 3,
    "法": 2,
    "波蘭": 2,
    "ja": 1,
    "unknown": 1,
    "世界": 1,
    "南非": 1,
    "希伯來": 1,
    "旁遮普": 1,
    "泰": 1,
    "泰盧固": 1,
    "羅馬尼亞": 1,
    "義": 1,
    "total": 620
  },
  "占比": {
    "日": 0.4112903225806452,
    "純音樂": 0.1870967741935484,
    "中": 0.13064516129032258,
    "英": 0.07903225806451612,
    "俄": 0.07258064516129033,
    "粵": 0.024193548387096774,
    "烏克蘭": 0.017741935483870968,
    "台": 0.016129032258064516,
    "德": 0.012903225806451613,
    "希臘": 0.00967741935483871,
    "芬蘭": 0.0064516129032258064,
    "西班牙": 0.004838709677419355,
    "韓": 0.004838709677419355,
    "法": 0.0032258064516129032,
    "波蘭": 0.0032258064516129032,
    "ja": 0.0016129032258064516,
    "unknown": 0.0016129032258064516,
    "世界": 0.0016129032258064516,
    "南非": 0.0016129032258064516,
    "希伯來": 0.0016129032258064516,
    "旁遮普": 0.0016129032258064516,
    "泰": 0.0016129032258064516,
    "泰盧固": 0.0016129032258064516,
    "羅馬尼亞": 0.0016129032258064516,
    "義": 0.0016129032258064516,
    "total": 1
  }
}