{
  "統計": {
    "日": 85,
    "純音樂": 31,
    "中": 30,
    "俄": 26,
    "英": 14,
    "烏克蘭": 12,
    "ru": 4,
    "希臘": 4,
    "德": 4,
    "en": 3,
    "ja": 3,
    "台": 3,
    "西班牙": 3,
    "拉丁": 2,
    "諾斯": 2,
    "zh-HK": 1,
    "法": 1,
    "福建": 1,
    "粵": 1,
    "芬蘭": 1,
    "total": 231
  },
  "占比": {
    "日": 0.36796536796536794,
    "純音樂": 0.1341991341991342,
    "中": 0.12987012987012986,
    "俄": 0.11255411255411256,
    "英": 0.06060606060606061,
    "烏克蘭": 0.05194805194805195,
    "ru": 0.017316017316017316,
    "希臘": 0.017316017316017316,
    "德": 0.017316017316017316,
    "en": 0.012987012987012988,
    "ja": 0.012987012987012988,
    "台": 0.012987012987012988,
    "西班牙": 0.012987012987012988,
    "拉丁": 0.008658008658008658,
    "諾斯": 0.008658008658008658,
    "zh-HK": 0.004329004329004329,
    "法": 0.004329004329004329,
    "福建": 0.004329004329004329,
    "粵": 0.004329004329004329,
    "芬蘭": 0.004329004329004329,
    "total": 1
  }
}