{
  "統計": {
    "日": 85,
    "純音樂": 31,
    "中": 30,
    "俄": 26,
    "英": 14,
    "烏克蘭": 12,
    "希臘": 4,
    "德": 4,
    "ru": 3,
    "台": 3,
    "西班牙": 3,
    "en": 2,
    "ja": 2,
    "拉丁": 2,
    "諾斯": 2,
    "法": 1,
    "福建": 1,
    "粵": 1,
    "芬蘭": 1,
    "total": 227
  },
  "占比": {
    "日": 0.3744493392070485,
    "純音樂": 0.13656387665198239,
    "中": 0.13215859030837004,
    "俄": 0.1145374449339207,
    "英": 0.06167400881057269,
    "烏克蘭": 0.05286343612334802,
    "希臘": 0.01762114537444934,
    "德": 0.01762114537444934,
    "ru": 0.013215859030837005,
    "台": 0.013215859030837005,
    "西班牙": 0.013215859030837005,
    "en": 0.00881057268722467,
    "ja": 0.00881057268722467,
    "拉丁": 0.00881057268722467,
    "諾斯": 0.00881057268722467,
    "法": 0.004405286343612335,
    "福建": 0.004405286343612335,
    "粵": 0.004405286343612335,
    "芬蘭": 0.004405286343612335,
    "total": 1
  }
}