{
  "統計": {
    "日": 172,
    "純音樂": 68,
    "中": 55,
    "英": 40,
    "俄": 32,
    "粵": 11,
    "台": 10,
    "德": 9,
    "希臘": 6,
    "西班牙": 3,
    "法": 2,
    "波蘭": 2,
    "烏克蘭": 2,
    "芬蘭": 2,
    "unknown": 1,
    "世界": 1,
    "南非": 1,
    "旁遮普": 1,
    "泰": 1,
    "羅馬尼亞": 1,
    "義": 1,
    "韓": 1,
    "total": 422
  },
  "占比": {
    "日": 0.4075829383886256,
    "純音樂": 0.16113744075829384,
    "中": 0.13033175355450238,
    "英": 0.0947867298578199,
    "俄": 0.07582938388625593,
    "粵": 0.026066350710900472,
    "台": 0.023696682464454975,
    "德": 0.02132701421800948,
    "希臘": 0.014218009478672985,
    "西班牙": 0.0071090047393364926,
    "法": 0.004739336492890996,
    "波蘭": 0.004739336492890996,
    "烏克蘭": 0.004739336492890996,
    "芬蘭": 0.004739336492890996,
    "unknown": 0.002369668246445498,
    "世界": 0.002369668246445498,
    "南非": 0.002369668246445498,
    "旁遮普": 0.002369668246445498,
    "泰": 0.002369668246445498,
    "羅馬尼亞": 0.002369668246445498,
    "義": 0.002369668246445498,
    "韓": 0.002369668246445498,
    "total": 1
  }
}