{
  "統計": {
    "日": 124,
    "純音樂": 50,
    "中": 34,
    "英": 23,
    "俄": 22,
    "德": 6,
    "台": 5,
    "希臘": 5,
    "粵": 5,
    "波蘭": 2,
    "烏克蘭": 2,
    "芬蘭": 2,
    "西班牙": 2,
    "unknown": 1,
    "世界": 1,
    "南非": 1,
    "旁遮普": 1,
    "法": 1,
    "羅馬尼亞": 1,
    "義": 1,
    "韓": 1,
    "total": 290
  },
  "占比": {
    "日": 0.42758620689655175,
    "純音樂": 0.1724137931034483,
    "中": 0.11724137931034483,
    "英": 0.07931034482758621,
    "俄": 0.07586206896551724,
    "德": 0.020689655172413793,
    "台": 0.017241379310344827,
    "希臘": 0.017241379310344827,
    "粵": 0.017241379310344827,
    "波蘭": 0.006896551724137931,
    "烏克蘭": 0.006896551724137931,
    "芬蘭": 0.006896551724137931,
    "西班牙": 0.006896551724137931,
    "unknown": 0.0034482758620689655,
    "世界": 0.0034482758620689655,
    "南非": 0.0034482758620689655,
    "旁遮普": 0.0034482758620689655,
    "法": 0.0034482758620689655,
    "羅馬尼亞": 0.0034482758620689655,
    "義": 0.0034482758620689655,
    "韓": 0.0034482758620689655,
    "total": 1
  }
}