{
  "統計": {
    "日": 172,
    "純音樂": 68,
    "中": 55,
    "英": 40,
    "俄": 32,
    "粵": 11,
    "台": 10,
    "德": 9,
    "希臘": 6,
    "unknown": 4,
    "西班牙": 3,
    "ja": 2,
    "法": 2,
    "波蘭": 2,
    "烏克蘭": 2,
    "芬蘭": 2,
    "en": 1,
    "ru": 1,
    "zh-TW": 1,
    "zxx": 1,
    "世界": 1,
    "南非": 1,
    "旁遮普": 1,
    "泰": 1,
    "羅馬尼亞": 1,
    "義": 1,
    "韓": 1,
    "total": 431
  },
  "占比": {
    "日": 0.3990719257540603,
    "純音樂": 0.15777262180974477,
    "中": 0.12761020881670534,
    "英": 0.09280742459396751,
    "俄": 0.07424593967517401,
    "粵": 0.025522041763341066,
    "台": 0.02320185614849188,
    "德": 0.02088167053364269,
    "希臘": 0.013921113689095127,
    "unknown": 0.009280742459396751,
    "西班牙": 0.0069605568445475635,
    "ja": 0.004640371229698376,
    "法": 0.004640371229698376,
    "波蘭": 0.004640371229698376,
    "烏克蘭": 0.004640371229698376,
    "芬蘭": 0.004640371229698376,
    "en": 0.002320185614849188,
    "ru": 0.002320185614849188,
    "zh-TW": 0.002320185614849188,
    "zxx": 0.002320185614849188,
    "世界": 0.002320185614849188,
    "南非": 0.002320185614849188,
    "旁遮普": 0.002320185614849188,
    "泰": 0.002320185614849188,
    "羅馬尼亞": 0.002320185614849188,
    "義": 0.002320185614849188,
    "韓": 0.002320185614849188,
    "total": 1
  }
}