{
  "統計": {
    "日": 119,
    "純音樂": 41,
    "俄": 36,
    "中": 35,
    "ja": 25,
    "英": 20,
    "烏克蘭": 14,
    "zh": 10,
    "台": 4,
    "希臘": 4,
    "德": 4,
    "en": 3,
    "ru": 3,
    "zh-Hant": 3,
    "西班牙": 3,
    "und": 2,
    "拉丁": 2,
    "粵": 2,
    "諾斯": 2,
    "ar": 1,
    "en-GB": 1,
    "en-US": 1,
    "th": 1,
    "uk": 1,
    "zh-TW": 1,
    "zxx": 1,
    "客": 1,
    "法": 1,
    "福建": 1,
    "芬蘭": 1,
    "total": 343
  },
  "占比": {
    "日": 0.3469387755102041,
    "純音樂": 0.119533527696793,
    "俄": 0.10495626822157435,
    "中": 0.10204081632653061,
    "ja": 0.0728862973760933,
    "英": 0.05830903790087463,
    "烏克蘭": 0.04081632653061224,
    "zh": 0.029154518950437316,
    "台": 0.011661807580174927,
    "希臘": 0.011661807580174927,
    "德": 0.011661807580174927,
    "en": 0.008746355685131196,
    "ru": 0.008746355685131196,
    "zh-Hant": 0.008746355685131196,
    "西班牙": 0.008746355685131196,
    "und": 0.0058309037900874635,
    "拉丁": 0.0058309037900874635,
    "粵": 0.0058309037900874635,
    "諾斯": 0.0058309037900874635,
    "ar": 0.0029154518950437317,
    "en-GB": 0.0029154518950437317,
    "en-US": 0.0029154518950437317,
    "th": 0.0029154518950437317,
    "uk": 0.0029154518950437317,
    "zh-TW": 0.0029154518950437317,
    "zxx": 0.0029154518950437317,
    "客": 0.0029154518950437317,
    "法": 0.0029154518950437317,
    "福建": 0.0029154518950437317,
    "芬蘭": 0.0029154518950437317,
    "total": 1
  }
}