{
  "統計": {
    "日": 169,
    "純音樂": 65,
    "中": 55,
    "英": 39,
    "俄": 32,
    "台": 10,
    "粵": 10,
    "德": 9,
    "希臘": 6,
    "西班牙": 3,
    "unknown": 2,
    "法": 2,
    "波蘭": 2,
    "烏克蘭": 2,
    "芬蘭": 2,
    "ja": 1,
    "世界": 1,
    "南非": 1,
    "旁遮普": 1,
    "泰": 1,
    "羅馬尼亞": 1,
    "義": 1,
    "韓": 1,
    "total": 416
  },
  "占比": {
    "日": 0.40625,
    "純音樂": 0.15625,
    "中": 0.13221153846153846,
    "英": 0.09375,
    "俄": 0.07692307692307693,
    "台": 0.02403846153846154,
    "粵": 0.02403846153846154,
    "德": 0.021634615384615384,
    "希臘": 0.014423076923076924,
    "西班牙": 0.007211538461538462,
    "unknown": 0.004807692307692308,
    "法": 0.004807692307692308,
    "波蘭": 0.004807692307692308,
    "烏克蘭": 0.004807692307692308,
    "芬蘭": 0.004807692307692308,
    "ja": 0.002403846153846154,
    "世界": 0.002403846153846154,
    "南非": 0.002403846153846154,
    "旁遮普": 0.002403846153846154,
    "泰": 0.002403846153846154,
    "羅馬尼亞": 0.002403846153846154,
    "義": 0.002403846153846154,
    "韓": 0.002403846153846154,
    "total": 1
  }
}