{
  "統計": {
    "日": 101,
    "中": 27,
    "英": 25,
    "純音樂": 24,
    "俄": 20,
    "粵": 7,
    "台": 6,
    "德": 5,
    "希臘": 3,
    "法": 2,
    "波蘭": 2,
    "芬蘭": 2,
    "世界": 1,
    "西班牙": 1,
    "客": 1,
    "義": 1,
    "total": 228
  },
  "占比": {
    "日": 0.44298245614035087,
    "中": 0.11842105263157894,
    "英": 0.10964912280701754,
    "純音樂": 0.10526315789473684,
    "俄": 0.08771929824561403,
    "粵": 0.03070175438596491,
    "台": 0.02631578947368421,
    "德": 0.021929824561403508,
    "希臘": 0.013157894736842105,
    "法": 0.008771929824561403,
    "波蘭": 0.008771929824561403,
    "芬蘭": 0.008771929824561403,
    "世界": 0.0043859649122807015,
    "西班牙": 0.0043859649122807015,
    "客": 0.0043859649122807015,
    "義": 0.0043859649122807015,
    "total": 1
  }
}