{
  "統計": {
    "日": 236,
    "純音樂": 91,
    "中": 64,
    "英": 43,
    "俄": 36,
    "粵": 13,
    "台": 8,
    "德": 8,
    "希臘": 6,
    "烏克蘭": 6,
    "芬蘭": 4,
    "韓": 3,
    "波蘭": 2,
    "ja": 1,
    "世界": 1,
    "南非": 1,
    "希伯來": 1,
    "旁遮普": 1,
    "法": 1,
    "泰": 1,
    "泰盧固": 1,
    "福建": 1,
    "羅馬尼亞": 1,
    "義": 1,
    "total": 531
  },
  "占比": {
    "日": 0.4444444444444444,
    "純音樂": 0.1713747645951036,
    "中": 0.12052730696798493,
    "英": 0.08097928436911488,
    "俄": 0.06779661016949153,
    "粵": 0.02448210922787194,
    "台": 0.015065913370998116,
    "德": 0.015065913370998116,
    "希臘": 0.011299435028248588,
    "烏克蘭": 0.011299435028248588,
    "芬蘭": 0.007532956685499058,
    "韓": 0.005649717514124294,
    "波蘭": 0.003766478342749529,
    "ja": 0.0018832391713747645,
    "世界": 0.0018832391713747645,
    "南非": 0.0018832391713747645,
    "希伯來": 0.0018832391713747645,
    "旁遮普": 0.0018832391713747645,
    "法": 0.0018832391713747645,
    "泰": 0.0018832391713747645,
    "泰盧固": 0.0018832391713747645,
    "福建": 0.0018832391713747645,
    "羅馬尼亞": 0.0018832391713747645,
    "義": 0.0018832391713747645,
    "total": 1
  }
}