{
  "統計": {
    "日": 133,
    "純音樂": 55,
    "中": 40,
    "英": 28,
    "俄": 25,
    "台": 7,
    "德": 7,
    "希臘": 5,
    "粵": 5,
    "波蘭": 2,
    "烏克蘭": 2,
    "芬蘭": 2,
    "西班牙": 2,
    "世界": 1,
    "南非": 1,
    "旁遮普": 1,
    "法": 1,
    "泰": 1,
    "羅馬尼亞": 1,
    "義": 1,
    "韓": 1,
    "total": 321
  },
  "占比": {
    "日": 0.4143302180685358,
    "純音樂": 0.17133956386292834,
    "中": 0.12461059190031153,
    "英": 0.08722741433021806,
    "俄": 0.0778816199376947,
    "台": 0.021806853582554516,
    "德": 0.021806853582554516,
    "希臘": 0.01557632398753894,
    "粵": 0.01557632398753894,
    "波蘭": 0.006230529595015576,
    "烏克蘭": 0.006230529595015576,
    "芬蘭": 0.006230529595015576,
    "西班牙": 0.006230529595015576,
    "世界": 0.003115264797507788,
    "南非": 0.003115264797507788,
    "旁遮普": 0.003115264797507788,
    "法": 0.003115264797507788,
    "泰": 0.003115264797507788,
    "羅馬尼亞": 0.003115264797507788,
    "義": 0.003115264797507788,
    "韓": 0.003115264797507788,
    "total": 1
  }
}