{
  "統計": {
    "日": 241,
    "純音樂": 99,
    "中": 73,
    "英": 44,
    "俄": 39,
    "粵": 13,
    "台": 10,
    "德": 7,
    "希臘": 6,
    "烏克蘭": 6,
    "芬蘭": 4,
    "韓": 3,
    "法": 2,
    "波蘭": 2,
    "世界": 1,
    "南非": 1,
    "希伯來": 1,
    "旁遮普": 1,
    "泰": 1,
    "泰盧固": 1,
    "羅馬尼亞": 1,
    "義": 1,
    "西班牙": 1,
    "total": 558
  },
  "占比": {
    "日": 0.43189964157706096,
    "純音樂": 0.1774193548387097,
    "中": 0.13082437275985664,
    "英": 0.07885304659498207,
    "俄": 0.06989247311827956,
    "粵": 0.023297491039426525,
    "台": 0.017921146953405017,
    "德": 0.012544802867383513,
    "希臘": 0.010752688172043012,
    "烏克蘭": 0.010752688172043012,
    "芬蘭": 0.007168458781362007,
    "韓": 0.005376344086021506,
    "法": 0.0035842293906810036,
    "波蘭": 0.0035842293906810036,
    "世界": 0.0017921146953405018,
    "南非": 0.0017921146953405018,
    "希伯來": 0.0017921146953405018,
    "旁遮普": 0.0017921146953405018,
    "泰": 0.0017921146953405018,
    "泰盧固": 0.0017921146953405018,
    "羅馬尼亞": 0.0017921146953405018,
    "義": 0.0017921146953405018,
    "西班牙": 0.0017921146953405018,
    "total": 1
  }
}