{
  "統計": {
    "日": 253,
    "純音樂": 115,
    "中": 74,
    "英": 47,
    "俄": 37,
    "粵": 14,
    "台": 9,
    "德": 9,
    "希臘": 6,
    "烏克蘭": 5,
    "芬蘭": 4,
    "西班牙": 3,
    "韓": 3,
    "ru": 2,
    "unknown": 2,
    "法": 2,
    "波蘭": 2,
    "uk": 1,
    "世界": 1,
    "南非": 1,
    "旁遮普": 1,
    "泰": 1,
    "泰盧固": 1,
    "羅馬尼亞": 1,
    "義": 1,
    "total": 595
  },
  "占比": {
    "日": 0.42521008403361343,
    "純音樂": 0.19327731092436976,
    "中": 0.12436974789915967,
    "英": 0.07899159663865546,
    "俄": 0.06218487394957983,
    "粵": 0.023529411764705882,
    "台": 0.015126050420168067,
    "德": 0.015126050420168067,
    "希臘": 0.010084033613445379,
    "烏克蘭": 0.008403361344537815,
    "芬蘭": 0.0067226890756302525,
    "西班牙": 0.005042016806722689,
    "韓": 0.005042016806722689,
    "ru": 0.0033613445378151263,
    "unknown": 0.0033613445378151263,
    "法": 0.0033613445378151263,
    "波蘭": 0.0033613445378151263,
    "uk": 0.0016806722689075631,
    "世界": 0.0016806722689075631,
    "南非": 0.0016806722689075631,
    "旁遮普": 0.0016806722689075631,
    "泰": 0.0016806722689075631,
    "泰盧固": 0.0016806722689075631,
    "羅馬尼亞": 0.0016806722689075631,
    "義": 0.0016806722689075631,
    "total": 1
  }
}