{
  "統計": {
    "日": 119,
    "純音樂": 41,
    "俄": 36,
    "中": 35,
    "英": 20,
    "烏克蘭": 14,
    "台": 4,
    "希臘": 4,
    "德": 4,
    "西班牙": 3,
    "拉丁": 2,
    "粵": 2,
    "諾斯": 2,
    "ja": 1,
    "ru": 1,
    "客": 1,
    "法": 1,
    "福建": 1,
    "芬蘭": 1,
    "total": 292
  },
  "占比": {
    "日": 0.4075342465753425,
    "純音樂": 0.1404109589041096,
    "俄": 0.1232876712328767,
    "中": 0.11986301369863013,
    "英": 0.0684931506849315,
    "烏克蘭": 0.04794520547945205,
    "台": 0.0136986301369863,
    "希臘": 0.0136986301369863,
    "德": 0.0136986301369863,
    "西班牙": 0.010273972602739725,
    "拉丁": 0.00684931506849315,
    "粵": 0.00684931506849315,
    "諾斯": 0.00684931506849315,
    "ja": 0.003424657534246575,
    "ru": 0.003424657534246575,
    "客": 0.003424657534246575,
    "法": 0.003424657534246575,
    "福建": 0.003424657534246575,
    "芬蘭": 0.003424657534246575,
    "total": 1
  }
}