{
  "統計": {
    "日": 152,
    "純音樂": 58,
    "中": 45,
    "英": 35,
    "俄": 30,
    "粵": 9,
    "台": 8,
    "德": 8,
    "希臘": 5,
    "unknown": 4,
    "西班牙": 3,
    "法": 2,
    "波蘭": 2,
    "烏克蘭": 2,
    "芬蘭": 2,
    "en": 1,
    "en-US": 1,
    "ja": 1,
    "世界": 1,
    "南非": 1,
    "旁遮普": 1,
    "泰": 1,
    "羅馬尼亞": 1,
    "義": 1,
    "韓": 1,
    "total": 375
  },
  "占比": {
    "日": 0.4053333333333333,
    "純音樂": 0.15466666666666667,
    "中": 0.12,
    "英": 0.09333333333333334,
    "俄": 0.08,
    "粵": 0.024,
    "台": 0.021333333333333333,
    "德": 0.021333333333333333,
    "希臘": 0.013333333333333334,
    "unknown": 0.010666666666666666,
    "西班牙": 0.008,
    "法": 0.005333333333333333,
    "波蘭": 0.005333333333333333,
    "烏克蘭": 0.005333333333333333,
    "芬蘭": 0.005333333333333333,
    "en": 0.0026666666666666666,
    "en-US": 0.0026666666666666666,
    "ja": 0.0026666666666666666,
    "世界": 0.0026666666666666666,
    "南非": 0.0026666666666666666,
    "旁遮普": 0.0026666666666666666,
    "泰": 0.0026666666666666666,
    "羅馬尼亞": 0.0026666666666666666,
    "義": 0.0026666666666666666,
    "韓": 0.0026666666666666666,
    "total": 1
  }
}