{
  "統計": {
    "日": 110,
    "中": 33,
    "俄": 28,
    "純音樂": 26,
    "英": 26,
    "粵": 8,
    "台": 6,
    "德": 5,
    "烏克蘭": 5,
    "希臘": 3,
    "法": 2,
    "波蘭": 2,
    "芬蘭": 2,
    "世界": 1,
    "客": 1,
    "義": 1,
    "total": 259
  },
  "占比": {
    "日": 0.4247104247104247,
    "中": 0.1274131274131274,
    "俄": 0.10810810810810811,
    "純音樂": 0.10038610038610038,
    "英": 0.10038610038610038,
    "粵": 0.03088803088803089,
    "台": 0.023166023166023165,
    "德": 0.019305019305019305,
    "烏克蘭": 0.019305019305019305,
    "希臘": 0.011583011583011582,
    "法": 0.007722007722007722,
    "波蘭": 0.007722007722007722,
    "芬蘭": 0.007722007722007722,
    "世界": 0.003861003861003861,
    "客": 0.003861003861003861,
    "義": 0.003861003861003861,
    "total": 1
  }
}