{
  "統計": {
    "日": 227,
    "純音樂": 103,
    "中": 66,
    "英": 48,
    "俄": 40,
    "粵": 12,
    "德": 9,
    "台": 8,
    "烏克蘭": 8,
    "希臘": 7,
    "芬蘭": 3,
    "韓": 3,
    "ja": 2,
    "zh": 2,
    "波蘭": 2,
    "ru": 1,
    "zh-Hant": 1,
    "世界": 1,
    "南非": 1,
    "客": 1,
    "希伯來": 1,
    "拉丁": 1,
    "法": 1,
    "泰": 1,
    "泰盧固": 1,
    "福建": 1,
    "羅馬尼亞": 1,
    "義": 1,
    "諾斯": 1,
    "total": 554
  },
  "占比": {
    "日": 0.40974729241877256,
    "純音樂": 0.18592057761732853,
    "中": 0.11913357400722022,
    "英": 0.08664259927797834,
    "俄": 0.07220216606498195,
    "粵": 0.021660649819494584,
    "德": 0.016245487364620937,
    "台": 0.01444043321299639,
    "烏克蘭": 0.01444043321299639,
    "希臘": 0.01263537906137184,
    "芬蘭": 0.005415162454873646,
    "韓": 0.005415162454873646,
    "ja": 0.0036101083032490976,
    "zh": 0.0036101083032490976,
    "波蘭": 0.0036101083032490976,
    "ru": 0.0018050541516245488,
    "zh-Hant": 0.0018050541516245488,
    "世界": 0.0018050541516245488,
    "南非": 0.0018050541516245488,
    "客": 0.0018050541516245488,
    "希伯來": 0.0018050541516245488,
    "拉丁": 0.0018050541516245488,
    "法": 0.0018050541516245488,
    "泰": 0.0018050541516245488,
    "泰盧固": 0.0018050541516245488,
    "福建": 0.0018050541516245488,
    "羅馬尼亞": 0.0018050541516245488,
    "義": 0.0018050541516245488,
    "諾斯": 0.0018050541516245488,
    "total": 1
  }
}