{
  "統計": {
    "日": 97,
    "中": 22,
    "純音樂": 22,
    "英": 22,
    "俄": 18,
    "德": 5,
    "台": 4,
    "粵": 4,
    "希臘": 2,
    "法": 2,
    "波蘭": 2,
    "芬蘭": 2,
    "世界": 1,
    "客": 1,
    "義": 1,
    "西班牙": 1,
    "total": 206
  },
  "占比": {
    "日": 0.470873786407767,
    "中": 0.10679611650485436,
    "純音樂": 0.10679611650485436,
    "英": 0.10679611650485436,
    "俄": 0.08737864077669903,
    "德": 0.024271844660194174,
    "台": 0.019417475728155338,
    "粵": 0.019417475728155338,
    "希臘": 0.009708737864077669,
    "法": 0.009708737864077669,
    "波蘭": 0.009708737864077669,
    "芬蘭": 0.009708737864077669,
    "世界": 0.0048543689320388345,
    "客": 0.0048543689320388345,
    "義": 0.0048543689320388345,
    "西班牙": 0.0048543689320388345,
    "total": 1
  }
}