{
  "統計": {
    "日": 230,
    "純音樂": 105,
    "中": 68,
    "英": 45,
    "俄": 44,
    "粵": 13,
    "烏克蘭": 10,
    "台": 9,
    "德": 9,
    "希臘": 7,
    "unknown": 4,
    "芬蘭": 3,
    "韓": 3,
    "拉丁": 2,
    "波蘭": 2,
    "zh-HK": 1,
    "世界": 1,
    "南非": 1,
    "客": 1,
    "希伯來": 1,
    "法": 1,
    "泰": 1,
    "泰盧固": 1,
    "福建": 1,
    "羅馬尼亞": 1,
    "義": 1,
    "諾斯": 1,
    "阿拉伯": 1,
    "阿美": 1,
    "total": 568
  },
  "占比": {
    "日": 0.40492957746478875,
    "純音樂": 0.18485915492957747,
    "中": 0.11971830985915492,
    "英": 0.07922535211267606,
    "俄": 0.07746478873239436,
    "粵": 0.022887323943661973,
    "烏克蘭": 0.017605633802816902,
    "台": 0.01584507042253521,
    "德": 0.01584507042253521,
    "希臘": 0.01232394366197183,
    "unknown": 0.007042253521126761,
    "芬蘭": 0.00528169014084507,
    "韓": 0.00528169014084507,
    "拉丁": 0.0035211267605633804,
    "波蘭": 0.0035211267605633804,
    "zh-HK": 0.0017605633802816902,
    "世界": 0.0017605633802816902,
    "南非": 0.0017605633802816902,
    "客": 0.0017605633802816902,
    "希伯來": 0.0017605633802816902,
    "法": 0.0017605633802816902,
    "泰": 0.0017605633802816902,
    "泰盧固": 0.0017605633802816902,
    "福建": 0.0017605633802816902,
    "羅馬尼亞": 0.0017605633802816902,
    "義": 0.0017605633802816902,
    "諾斯": 0.0017605633802816902,
    "阿拉伯": 0.0017605633802816902,
    "阿美": 0.0017605633802816902,
    "total": 1
  }
}