{
  "統計": {
    "日": 98,
    "中": 25,
    "英": 24,
    "純音樂": 23,
    "俄": 20,
    "粵": 6,
    "台": 5,
    "德": 5,
    "希臘": 2,
    "法": 2,
    "波蘭": 2,
    "芬蘭": 2,
    "en-US": 1,
    "unknown": 1,
    "世界": 1,
    "客": 1,
    "義": 1,
    "西班牙": 1,
    "total": 220
  },
  "占比": {
    "日": 0.44545454545454544,
    "中": 0.11363636363636363,
    "英": 0.10909090909090909,
    "純音樂": 0.10454545454545454,
    "俄": 0.09090909090909091,
    "粵": 0.02727272727272727,
    "台": 0.022727272727272728,
    "德": 0.022727272727272728,
    "希臘": 0.00909090909090909,
    "法": 0.00909090909090909,
    "波蘭": 0.00909090909090909,
    "芬蘭": 0.00909090909090909,
    "en-US": 0.004545454545454545,
    "unknown": 0.004545454545454545,
    "世界": 0.004545454545454545,
    "客": 0.004545454545454545,
    "義": 0.004545454545454545,
    "西班牙": 0.004545454545454545,
    "total": 1
  }
}