{
  "統計": {
    "日": 125,
    "純音樂": 54,
    "中": 35,
    "俄": 23,
    "英": 23,
    "德": 6,
    "台": 5,
    "希臘": 5,
    "粵": 5,
    "en": 2,
    "波蘭": 2,
    "烏克蘭": 2,
    "芬蘭": 2,
    "西班牙": 2,
    "en-US": 1,
    "ja": 1,
    "ru": 1,
    "unknown": 1,
    "世界": 1,
    "南非": 1,
    "旁遮普": 1,
    "法": 1,
    "羅馬尼亞": 1,
    "義": 1,
    "韓": 1,
    "total": 302
  },
  "占比": {
    "日": 0.4139072847682119,
    "純音樂": 0.17880794701986755,
    "中": 0.11589403973509933,
    "俄": 0.076158940397351,
    "英": 0.076158940397351,
    "德": 0.019867549668874173,
    "台": 0.016556291390728478,
    "希臘": 0.016556291390728478,
    "粵": 0.016556291390728478,
    "en": 0.006622516556291391,
    "波蘭": 0.006622516556291391,
    "烏克蘭": 0.006622516556291391,
    "芬蘭": 0.006622516556291391,
    "西班牙": 0.006622516556291391,
    "en-US": 0.0033112582781456954,
    "ja": 0.0033112582781456954,
    "ru": 0.0033112582781456954,
    "unknown": 0.0033112582781456954,
    "世界": 0.0033112582781456954,
    "南非": 0.0033112582781456954,
    "旁遮普": 0.0033112582781456954,
    "法": 0.0033112582781456954,
    "羅馬尼亞": 0.0033112582781456954,
    "義": 0.0033112582781456954,
    "韓": 0.0033112582781456954,
    "total": 1
  }
}