{
  "統計": {
    "日": 106,
    "中": 36,
    "俄": 28,
    "純音樂": 27,
    "英": 24,
    "粵": 8,
    "台": 6,
    "德": 5,
    "烏克蘭": 5,
    "希臘": 3,
    "法": 2,
    "波蘭": 2,
    "芬蘭": 2,
    "世界": 1,
    "客": 1,
    "泰": 1,
    "義": 1,
    "total": 258
  },
  "占比": {
    "日": 0.4108527131782946,
    "中": 0.13953488372093023,
    "俄": 0.10852713178294573,
    "純音樂": 0.10465116279069768,
    "英": 0.09302325581395349,
    "粵": 0.031007751937984496,
    "台": 0.023255813953488372,
    "德": 0.01937984496124031,
    "烏克蘭": 0.01937984496124031,
    "希臘": 0.011627906976744186,
    "法": 0.007751937984496124,
    "波蘭": 0.007751937984496124,
    "芬蘭": 0.007751937984496124,
    "世界": 0.003875968992248062,
    "客": 0.003875968992248062,
    "泰": 0.003875968992248062,
    "義": 0.003875968992248062,
    "total": 1
  }
}