{
  "統計": {
    "日": 249,
    "純音樂": 115,
    "中": 74,
    "英": 47,
    "俄": 37,
    "粵": 12,
    "台": 9,
    "德": 9,
    "希臘": 6,
    "烏克蘭": 5,
    "芬蘭": 4,
    "西班牙": 3,
    "韓": 3,
    "unknown": 2,
    "法": 2,
    "波蘭": 2,
    "世界": 1,
    "南非": 1,
    "旁遮普": 1,
    "泰": 1,
    "羅馬尼亞": 1,
    "義": 1,
    "total": 585
  },
  "占比": {
    "日": 0.4256410256410256,
    "純音樂": 0.19658119658119658,
    "中": 0.1264957264957265,
    "英": 0.08034188034188035,
    "俄": 0.06324786324786325,
    "粵": 0.020512820512820513,
    "台": 0.015384615384615385,
    "德": 0.015384615384615385,
    "希臘": 0.010256410256410256,
    "烏克蘭": 0.008547008547008548,
    "芬蘭": 0.006837606837606838,
    "西班牙": 0.005128205128205128,
    "韓": 0.005128205128205128,
    "unknown": 0.003418803418803419,
    "法": 0.003418803418803419,
    "波蘭": 0.003418803418803419,
    "世界": 0.0017094017094017094,
    "南非": 0.0017094017094017094,
    "旁遮普": 0.0017094017094017094,
    "泰": 0.0017094017094017094,
    "羅馬尼亞": 0.0017094017094017094,
    "義": 0.0017094017094017094,
    "total": 1
  }
}