{
  "統計": {
    "日": 169,
    "純音樂": 65,
    "中": 55,
    "英": 39,
    "俄": 32,
    "台": 10,
    "粵": 10,
    "德": 9,
    "希臘": 6,
    "西班牙": 3,
    "unknown": 2,
    "法": 2,
    "波蘭": 2,
    "烏克蘭": 2,
    "芬蘭": 2,
    "世界": 1,
    "南非": 1,
    "旁遮普": 1,
    "泰": 1,
    "羅馬尼亞": 1,
    "義": 1,
    "韓": 1,
    "total": 415
  },
  "占比": {
    "日": 0.4072289156626506,
    "純音樂": 0.1566265060240964,
    "中": 0.13253012048192772,
    "英": 0.09397590361445783,
    "俄": 0.07710843373493977,
    "台": 0.024096385542168676,
    "粵": 0.024096385542168676,
    "德": 0.021686746987951807,
    "希臘": 0.014457831325301205,
    "西班牙": 0.007228915662650603,
    "unknown": 0.004819277108433735,
    "法": 0.004819277108433735,
    "波蘭": 0.004819277108433735,
    "烏克蘭": 0.004819277108433735,
    "芬蘭": 0.004819277108433735,
    "世界": 0.0024096385542168677,
    "南非": 0.0024096385542168677,
    "旁遮普": 0.0024096385542168677,
    "泰": 0.0024096385542168677,
    "羅馬尼亞": 0.0024096385542168677,
    "義": 0.0024096385542168677,
    "韓": 0.0024096385542168677,
    "total": 1
  }
}