{
  "統計": {
    "日": 236,
    "純音樂": 91,
    "中": 69,
    "英": 43,
    "俄": 39,
    "粵": 13,
    "台": 8,
    "德": 8,
    "希臘": 6,
    "烏克蘭": 6,
    "芬蘭": 4,
    "韓": 3,
    "波蘭": 2,
    "en": 1,
    "ja": 1,
    "世界": 1,
    "南非": 1,
    "希伯來": 1,
    "旁遮普": 1,
    "法": 1,
    "泰": 1,
    "泰盧固": 1,
    "福建": 1,
    "羅馬尼亞": 1,
    "義": 1,
    "total": 540
  },
  "占比": {
    "日": 0.43703703703703706,
    "純音樂": 0.1685185185185185,
    "中": 0.12777777777777777,
    "英": 0.07962962962962963,
    "俄": 0.07222222222222222,
    "粵": 0.024074074074074074,
    "台": 0.014814814814814815,
    "德": 0.014814814814814815,
    "希臘": 0.011111111111111112,
    "烏克蘭": 0.011111111111111112,
    "芬蘭": 0.007407407407407408,
    "韓": 0.005555555555555556,
    "波蘭": 0.003703703703703704,
    "en": 0.001851851851851852,
    "ja": 0.001851851851851852,
    "世界": 0.001851851851851852,
    "南非": 0.001851851851851852,
    "希伯來": 0.001851851851851852,
    "旁遮普": 0.001851851851851852,
    "法": 0.001851851851851852,
    "泰": 0.001851851851851852,
    "泰盧固": 0.001851851851851852,
    "福建": 0.001851851851851852,
    "羅馬尼亞": 0.001851851851851852,
    "義": 0.001851851851851852,
    "total": 1
  }
}