{
  "統計": {
    "日": 145,
    "純音樂": 55,
    "中": 44,
    "英": 32,
    "俄": 27,
    "台": 8,
    "德": 7,
    "希臘": 5,
    "粵": 5,
    "波蘭": 2,
    "烏克蘭": 2,
    "芬蘭": 2,
    "西班牙": 2,
    "世界": 1,
    "南非": 1,
    "旁遮普": 1,
    "法": 1,
    "泰": 1,
    "羅馬尼亞": 1,
    "義": 1,
    "韓": 1,
    "total": 344
  },
  "占比": {
    "日": 0.42151162790697677,
    "純音樂": 0.15988372093023256,
    "中": 0.12790697674418605,
    "英": 0.09302325581395349,
    "俄": 0.07848837209302326,
    "台": 0.023255813953488372,
    "德": 0.020348837209302327,
    "希臘": 0.014534883720930232,
    "粵": 0.014534883720930232,
    "波蘭": 0.005813953488372093,
    "烏克蘭": 0.005813953488372093,
    "芬蘭": 0.005813953488372093,
    "西班牙": 0.005813953488372093,
    "世界": 0.0029069767441860465,
    "南非": 0.0029069767441860465,
    "旁遮普": 0.0029069767441860465,
    "法": 0.0029069767441860465,
    "泰": 0.0029069767441860465,
    "羅馬尼亞": 0.0029069767441860465,
    "義": 0.0029069767441860465,
    "韓": 0.0029069767441860465,
    "total": 1
  }
}