{
  "統計": {
    "日": 141,
    "中": 49,
    "純音樂": 46,
    "俄": 39,
    "英": 23,
    "烏克蘭": 15,
    "ja": 5,
    "台": 5,
    "希臘": 4,
    "德": 4,
    "粵": 4,
    "西班牙": 3,
    "en": 2,
    "拉丁": 2,
    "諾斯": 2,
    "da": 1,
    "en-US": 1,
    "ru": 1,
    "uk": 1,
    "zh": 1,
    "客": 1,
    "法": 1,
    "泰": 1,
    "福建": 1,
    "粵語": 1,
    "芬蘭": 1,
    "total": 355
  },
  "占比": {
    "日": 0.3971830985915493,
    "中": 0.13802816901408452,
    "純音樂": 0.1295774647887324,
    "俄": 0.10985915492957747,
    "英": 0.0647887323943662,
    "烏克蘭": 0.04225352112676056,
    "ja": 0.014084507042253521,
    "台": 0.014084507042253521,
    "希臘": 0.011267605633802818,
    "德": 0.011267605633802818,
    "粵": 0.011267605633802818,
    "西班牙": 0.008450704225352112,
    "en": 0.005633802816901409,
    "拉丁": 0.005633802816901409,
    "諾斯": 0.005633802816901409,
    "da": 0.0028169014084507044,
    "en-US": 0.0028169014084507044,
    "ru": 0.0028169014084507044,
    "uk": 0.0028169014084507044,
    "zh": 0.0028169014084507044,
    "客": 0.0028169014084507044,
    "法": 0.0028169014084507044,
    "泰": 0.0028169014084507044,
    "福建": 0.0028169014084507044,
    "粵語": 0.0028169014084507044,
    "芬蘭": 0.0028169014084507044,
    "total": 1
  }
}