{
  "統計": {
    "日": 96,
    "中": 22,
    "純音樂": 22,
    "英": 21,
    "俄": 17,
    "德": 5,
    "台": 4,
    "粵": 4,
    "希臘": 2,
    "法": 2,
    "波蘭": 2,
    "芬蘭": 2,
    "世界": 1,
    "客": 1,
    "義": 1,
    "西班牙": 1,
    "total": 203
  },
  "占比": {
    "日": 0.4729064039408867,
    "中": 0.10837438423645321,
    "純音樂": 0.10837438423645321,
    "英": 0.10344827586206896,
    "俄": 0.08374384236453201,
    "德": 0.024630541871921183,
    "台": 0.019704433497536946,
    "粵": 0.019704433497536946,
    "希臘": 0.009852216748768473,
    "法": 0.009852216748768473,
    "波蘭": 0.009852216748768473,
    "芬蘭": 0.009852216748768473,
    "世界": 0.0049261083743842365,
    "客": 0.0049261083743842365,
    "義": 0.0049261083743842365,
    "西班牙": 0.0049261083743842365,
    "total": 1
  }
}