{
  "統計": {
    "日": 229,
    "純音樂": 105,
    "中": 68,
    "英": 46,
    "俄": 43,
    "粵": 13,
    "台": 9,
    "德": 9,
    "烏克蘭": 8,
    "希臘": 7,
    "芬蘭": 3,
    "韓": 3,
    "波蘭": 2,
    "en": 1,
    "世界": 1,
    "南非": 1,
    "客": 1,
    "希伯來": 1,
    "拉丁": 1,
    "法": 1,
    "泰": 1,
    "泰盧固": 1,
    "福建": 1,
    "羅馬尼亞": 1,
    "義": 1,
    "諾斯": 1,
    "total": 558
  },
  "占比": {
    "日": 0.4103942652329749,
    "純音樂": 0.1881720430107527,
    "中": 0.12186379928315412,
    "英": 0.08243727598566308,
    "俄": 0.07706093189964158,
    "粵": 0.023297491039426525,
    "台": 0.016129032258064516,
    "德": 0.016129032258064516,
    "烏克蘭": 0.014336917562724014,
    "希臘": 0.012544802867383513,
    "芬蘭": 0.005376344086021506,
    "韓": 0.005376344086021506,
    "波蘭": 0.0035842293906810036,
    "en": 0.0017921146953405018,
    "世界": 0.0017921146953405018,
    "南非": 0.0017921146953405018,
    "客": 0.0017921146953405018,
    "希伯來": 0.0017921146953405018,
    "拉丁": 0.0017921146953405018,
    "法": 0.0017921146953405018,
    "泰": 0.0017921146953405018,
    "泰盧固": 0.0017921146953405018,
    "福建": 0.0017921146953405018,
    "羅馬尼亞": 0.0017921146953405018,
    "義": 0.0017921146953405018,
    "諾斯": 0.0017921146953405018,
    "total": 1
  }
}