{
  "統計": {
    "日": 191,
    "純音樂": 90,
    "中": 61,
    "英": 41,
    "俄": 34,
    "粵": 11,
    "台": 10,
    "德": 9,
    "希臘": 6,
    "西班牙": 3,
    "韓": 3,
    "法": 2,
    "波蘭": 2,
    "烏克蘭": 2,
    "芬蘭": 2,
    "世界": 1,
    "南非": 1,
    "旁遮普": 1,
    "泰": 1,
    "羅馬尼亞": 1,
    "義": 1,
    "total": 473
  },
  "占比": {
    "日": 0.40380549682875266,
    "純音樂": 0.19027484143763213,
    "中": 0.12896405919661733,
    "英": 0.08668076109936575,
    "俄": 0.07188160676532769,
    "粵": 0.023255813953488372,
    "台": 0.021141649048625793,
    "德": 0.019027484143763214,
    "希臘": 0.012684989429175475,
    "西班牙": 0.006342494714587738,
    "韓": 0.006342494714587738,
    "法": 0.004228329809725159,
    "波蘭": 0.004228329809725159,
    "烏克蘭": 0.004228329809725159,
    "芬蘭": 0.004228329809725159,
    "世界": 0.0021141649048625794,
    "南非": 0.0021141649048625794,
    "旁遮普": 0.0021141649048625794,
    "泰": 0.0021141649048625794,
    "羅馬尼亞": 0.0021141649048625794,
    "義": 0.0021141649048625794,
    "total": 1
  }
}