{
  "統計": {
    "日": 256,
    "純音樂": 117,
    "中": 77,
    "英": 49,
    "俄": 43,
    "粵": 15,
    "烏克蘭": 10,
    "台": 9,
    "德": 8,
    "希臘": 6,
    "芬蘭": 4,
    "unknown": 3,
    "西班牙": 3,
    "韓": 3,
    "法": 2,
    "波蘭": 2,
    "uk": 1,
    "世界": 1,
    "南非": 1,
    "旁遮普": 1,
    "泰": 1,
    "泰盧固": 1,
    "羅馬尼亞": 1,
    "義": 1,
    "total": 615
  },
  "占比": {
    "日": 0.416260162601626,
    "純音樂": 0.1902439024390244,
    "中": 0.12520325203252033,
    "英": 0.07967479674796749,
    "俄": 0.06991869918699187,
    "粵": 0.024390243902439025,
    "烏克蘭": 0.016260162601626018,
    "台": 0.014634146341463415,
    "德": 0.013008130081300813,
    "希臘": 0.00975609756097561,
    "芬蘭": 0.0065040650406504065,
    "unknown": 0.004878048780487805,
    "西班牙": 0.004878048780487805,
    "韓": 0.004878048780487805,
    "法": 0.0032520325203252032,
    "波蘭": 0.0032520325203252032,
    "uk": 0.0016260162601626016,
    "世界": 0.0016260162601626016,
    "南非": 0.0016260162601626016,
    "旁遮普": 0.0016260162601626016,
    "泰": 0.0016260162601626016,
    "泰盧固": 0.0016260162601626016,
    "羅馬尼亞": 0.0016260162601626016,
    "義": 0.0016260162601626016,
    "total": 1
  }
}