{
  "統計": {
    "日": 204,
    "純音樂": 99,
    "中": 65,
    "英": 42,
    "俄": 35,
    "粵": 11,
    "台": 10,
    "德": 10,
    "希臘": 6,
    "芬蘭": 3,
    "西班牙": 3,
    "韓": 3,
    "法": 2,
    "波蘭": 2,
    "烏克蘭": 2,
    "unknown": 1,
    "世界": 1,
    "南非": 1,
    "旁遮普": 1,
    "泰": 1,
    "羅馬尼亞": 1,
    "義": 1,
    "total": 504
  },
  "占比": {
    "日": 0.40476190476190477,
    "純音樂": 0.19642857142857142,
    "中": 0.12896825396825398,
    "英": 0.08333333333333333,
    "俄": 0.06944444444444445,
    "粵": 0.021825396825396824,
    "台": 0.01984126984126984,
    "德": 0.01984126984126984,
    "希臘": 0.011904761904761904,
    "芬蘭": 0.005952380952380952,
    "西班牙": 0.005952380952380952,
    "韓": 0.005952380952380952,
    "法": 0.003968253968253968,
    "波蘭": 0.003968253968253968,
    "烏克蘭": 0.003968253968253968,
    "unknown": 0.001984126984126984,
    "世界": 0.001984126984126984,
    "南非": 0.001984126984126984,
    "旁遮普": 0.001984126984126984,
    "泰": 0.001984126984126984,
    "羅馬尼亞": 0.001984126984126984,
    "義": 0.001984126984126984,
    "total": 1
  }
}