{
  "統計": {
    "日": 144,
    "純音樂": 54,
    "中": 43,
    "英": 32,
    "俄": 26,
    "台": 8,
    "德": 7,
    "希臘": 5,
    "粵": 5,
    "unknown": 2,
    "波蘭": 2,
    "烏克蘭": 2,
    "芬蘭": 2,
    "西班牙": 2,
    "ja": 1,
    "世界": 1,
    "南非": 1,
    "旁遮普": 1,
    "法": 1,
    "泰": 1,
    "羅馬尼亞": 1,
    "義": 1,
    "韓": 1,
    "total": 343
  },
  "占比": {
    "日": 0.4198250728862974,
    "純音樂": 0.15743440233236153,
    "中": 0.12536443148688048,
    "英": 0.09329446064139942,
    "俄": 0.07580174927113703,
    "台": 0.023323615160349854,
    "德": 0.02040816326530612,
    "希臘": 0.014577259475218658,
    "粵": 0.014577259475218658,
    "unknown": 0.0058309037900874635,
    "波蘭": 0.0058309037900874635,
    "烏克蘭": 0.0058309037900874635,
    "芬蘭": 0.0058309037900874635,
    "西班牙": 0.0058309037900874635,
    "ja": 0.0029154518950437317,
    "世界": 0.0029154518950437317,
    "南非": 0.0029154518950437317,
    "旁遮普": 0.0029154518950437317,
    "法": 0.0029154518950437317,
    "泰": 0.0029154518950437317,
    "羅馬尼亞": 0.0029154518950437317,
    "義": 0.0029154518950437317,
    "韓": 0.0029154518950437317,
    "total": 1
  }
}