{
  "統計": {
    "日": 235,
    "純音樂": 91,
    "中": 67,
    "英": 44,
    "俄": 40,
    "粵": 13,
    "德": 9,
    "台": 8,
    "希臘": 7,
    "烏克蘭": 6,
    "芬蘭": 4,
    "韓": 3,
    "波蘭": 2,
    "世界": 1,
    "南非": 1,
    "希伯來": 1,
    "法": 1,
    "泰": 1,
    "泰盧固": 1,
    "福建": 1,
    "羅馬尼亞": 1,
    "義": 1,
    "total": 538
  },
  "占比": {
    "日": 0.4368029739776952,
    "純音樂": 0.1691449814126394,
    "中": 0.12453531598513011,
    "英": 0.08178438661710037,
    "俄": 0.07434944237918216,
    "粵": 0.024163568773234202,
    "德": 0.016728624535315983,
    "台": 0.01486988847583643,
    "希臘": 0.013011152416356878,
    "烏克蘭": 0.011152416356877323,
    "芬蘭": 0.007434944237918215,
    "韓": 0.0055762081784386614,
    "波蘭": 0.0037174721189591076,
    "世界": 0.0018587360594795538,
    "南非": 0.0018587360594795538,
    "希伯來": 0.0018587360594795538,
    "法": 0.0018587360594795538,
    "泰": 0.0018587360594795538,
    "泰盧固": 0.0018587360594795538,
    "福建": 0.0018587360594795538,
    "羅馬尼亞": 0.0018587360594795538,
    "義": 0.0018587360594795538,
    "total": 1
  }
}