{
  "統計": {
    "日": 231,
    "純音樂": 106,
    "中": 68,
    "英": 45,
    "俄": 43,
    "粵": 13,
    "unknown": 9,
    "台": 9,
    "德": 9,
    "烏克蘭": 9,
    "希臘": 7,
    "芬蘭": 3,
    "韓": 3,
    "拉丁": 2,
    "波蘭": 2,
    "ja": 1,
    "zh-TW": 1,
    "世界": 1,
    "南非": 1,
    "客": 1,
    "希伯來": 1,
    "法": 1,
    "泰": 1,
    "泰盧固": 1,
    "福建": 1,
    "羅馬尼亞": 1,
    "義": 1,
    "諾斯": 1,
    "total": 572
  },
  "占比": {
    "日": 0.40384615384615385,
    "純音樂": 0.1853146853146853,
    "中": 0.11888111888111888,
    "英": 0.07867132867132867,
    "俄": 0.07517482517482517,
    "粵": 0.022727272727272728,
    "unknown": 0.015734265734265736,
    "台": 0.015734265734265736,
    "德": 0.015734265734265736,
    "烏克蘭": 0.015734265734265736,
    "希臘": 0.012237762237762238,
    "芬蘭": 0.005244755244755245,
    "韓": 0.005244755244755245,
    "拉丁": 0.0034965034965034965,
    "波蘭": 0.0034965034965034965,
    "ja": 0.0017482517482517483,
    "zh-TW": 0.0017482517482517483,
    "世界": 0.0017482517482517483,
    "南非": 0.0017482517482517483,
    "客": 0.0017482517482517483,
    "希伯來": 0.0017482517482517483,
    "法": 0.0017482517482517483,
    "泰": 0.0017482517482517483,
    "泰盧固": 0.0017482517482517483,
    "福建": 0.0017482517482517483,
    "羅馬尼亞": 0.0017482517482517483,
    "義": 0.0017482517482517483,
    "諾斯": 0.0017482517482517483,
    "total": 1
  }
}