{
  "統計": {
    "日": 139,
    "純音樂": 54,
    "中": 43,
    "英": 32,
    "俄": 26,
    "台": 8,
    "德": 7,
    "希臘": 5,
    "粵": 5,
    "unknown": 3,
    "波蘭": 2,
    "烏克蘭": 2,
    "芬蘭": 2,
    "西班牙": 2,
    "世界": 1,
    "南非": 1,
    "旁遮普": 1,
    "法": 1,
    "泰": 1,
    "羅馬尼亞": 1,
    "義": 1,
    "韓": 1,
    "total": 338
  },
  "占比": {
    "日": 0.41124260355029585,
    "純音樂": 0.15976331360946747,
    "中": 0.12721893491124261,
    "英": 0.09467455621301775,
    "俄": 0.07692307692307693,
    "台": 0.023668639053254437,
    "德": 0.020710059171597635,
    "希臘": 0.014792899408284023,
    "粵": 0.014792899408284023,
    "unknown": 0.008875739644970414,
    "波蘭": 0.005917159763313609,
    "烏克蘭": 0.005917159763313609,
    "芬蘭": 0.005917159763313609,
    "西班牙": 0.005917159763313609,
    "世界": 0.0029585798816568047,
    "南非": 0.0029585798816568047,
    "旁遮普": 0.0029585798816568047,
    "法": 0.0029585798816568047,
    "泰": 0.0029585798816568047,
    "羅馬尼亞": 0.0029585798816568047,
    "義": 0.0029585798816568047,
    "韓": 0.0029585798816568047,
    "total": 1
  }
}