{
  "統計": {
    "日": 125,
    "純音樂": 53,
    "中": 34,
    "英": 23,
    "俄": 22,
    "德": 6,
    "台": 5,
    "希臘": 5,
    "粵": 5,
    "波蘭": 2,
    "烏克蘭": 2,
    "芬蘭": 2,
    "西班牙": 2,
    "unknown": 1,
    "世界": 1,
    "南非": 1,
    "旁遮普": 1,
    "法": 1,
    "羅馬尼亞": 1,
    "義": 1,
    "韓": 1,
    "total": 294
  },
  "占比": {
    "日": 0.42517006802721086,
    "純音樂": 0.18027210884353742,
    "中": 0.11564625850340136,
    "英": 0.0782312925170068,
    "俄": 0.07482993197278912,
    "德": 0.02040816326530612,
    "台": 0.017006802721088437,
    "希臘": 0.017006802721088437,
    "粵": 0.017006802721088437,
    "波蘭": 0.006802721088435374,
    "烏克蘭": 0.006802721088435374,
    "芬蘭": 0.006802721088435374,
    "西班牙": 0.006802721088435374,
    "unknown": 0.003401360544217687,
    "世界": 0.003401360544217687,
    "南非": 0.003401360544217687,
    "旁遮普": 0.003401360544217687,
    "法": 0.003401360544217687,
    "羅馬尼亞": 0.003401360544217687,
    "義": 0.003401360544217687,
    "韓": 0.003401360544217687,
    "total": 1
  }
}