{
  "統計": {
    "日": 134,
    "純音樂": 54,
    "中": 39,
    "英": 29,
    "俄": 25,
    "台": 8,
    "德": 7,
    "希臘": 5,
    "粵": 5,
    "unknown": 3,
    "波蘭": 2,
    "烏克蘭": 2,
    "芬蘭": 2,
    "西班牙": 2,
    "ja": 1,
    "世界": 1,
    "南非": 1,
    "旁遮普": 1,
    "法": 1,
    "泰": 1,
    "羅馬尼亞": 1,
    "義": 1,
    "韓": 1,
    "total": 326
  },
  "占比": {
    "日": 0.4110429447852761,
    "純音樂": 0.1656441717791411,
    "中": 0.1196319018404908,
    "英": 0.08895705521472393,
    "俄": 0.07668711656441718,
    "台": 0.024539877300613498,
    "德": 0.02147239263803681,
    "希臘": 0.015337423312883436,
    "粵": 0.015337423312883436,
    "unknown": 0.009202453987730062,
    "波蘭": 0.006134969325153374,
    "烏克蘭": 0.006134969325153374,
    "芬蘭": 0.006134969325153374,
    "西班牙": 0.006134969325153374,
    "ja": 0.003067484662576687,
    "世界": 0.003067484662576687,
    "南非": 0.003067484662576687,
    "旁遮普": 0.003067484662576687,
    "法": 0.003067484662576687,
    "泰": 0.003067484662576687,
    "羅馬尼亞": 0.003067484662576687,
    "義": 0.003067484662576687,
    "韓": 0.003067484662576687,
    "total": 1
  }
}