{
  "統計": {
    "日": 85,
    "純音樂": 31,
    "中": 30,
    "俄": 26,
    "英": 14,
    "烏克蘭": 12,
    "希臘": 4,
    "德": 4,
    "台": 3,
    "西班牙": 3,
    "en": 2,
    "ja": 2,
    "ru": 2,
    "拉丁": 2,
    "諾斯": 2,
    "法": 1,
    "福建": 1,
    "粵": 1,
    "芬蘭": 1,
    "total": 226
  },
  "占比": {
    "日": 0.37610619469026546,
    "純音樂": 0.13716814159292035,
    "中": 0.13274336283185842,
    "俄": 0.11504424778761062,
    "英": 0.061946902654867256,
    "烏克蘭": 0.05309734513274336,
    "希臘": 0.017699115044247787,
    "德": 0.017699115044247787,
    "台": 0.01327433628318584,
    "西班牙": 0.01327433628318584,
    "en": 0.008849557522123894,
    "ja": 0.008849557522123894,
    "ru": 0.008849557522123894,
    "拉丁": 0.008849557522123894,
    "諾斯": 0.008849557522123894,
    "法": 0.004424778761061947,
    "福建": 0.004424778761061947,
    "粵": 0.004424778761061947,
    "芬蘭": 0.004424778761061947,
    "total": 1
  }
}