{
  "統計": {
    "ja": 119,
    "en": 35,
    "zh": 32,
    "ru": 22,
    "und": 11,
    "zh-TW": 10,
    "uk": 6,
    "zh-Hant": 5,
    "el": 4,
    "de": 3,
    "en-US": 2,
    "zh-CN": 2,
    "eo": 1,
    "fi": 1,
    "fr": 1,
    "id": 1,
    "th": 1,
    "zh-Hans": 1,
    "zxx": 1,
    "total": 258
  },
  "占比": {
    "ja": 0.46124031007751937,
    "en": 0.13565891472868216,
    "zh": 0.12403100775193798,
    "ru": 0.08527131782945736,
    "und": 0.04263565891472868,
    "zh-TW": 0.03875968992248062,
    "uk": 0.023255813953488372,
    "zh-Hant": 0.01937984496124031,
    "el": 0.015503875968992248,
    "de": 0.011627906976744186,
    "en-US": 0.007751937984496124,
    "zh-CN": 0.007751937984496124,
    "eo": 0.003875968992248062,
    "fi": 0.003875968992248062,
    "fr": 0.003875968992248062,
    "id": 0.003875968992248062,
    "th": 0.003875968992248062,
    "zh-Hans": 0.003875968992248062,
    "zxx": 0.003875968992248062,
    "total": 1
  }
}