{
  "統計": {
    "日": 126,
    "純音樂": 54,
    "中": 39,
    "英": 28,
    "俄": 24,
    "台": 7,
    "德": 7,
    "希臘": 5,
    "粵": 5,
    "波蘭": 2,
    "烏克蘭": 2,
    "芬蘭": 2,
    "西班牙": 2,
    "世界": 1,
    "南非": 1,
    "旁遮普": 1,
    "法": 1,
    "羅馬尼亞": 1,
    "義": 1,
    "韓": 1,
    "total": 310
  },
  "占比": {
    "日": 0.4064516129032258,
    "純音樂": 0.17419354838709677,
    "中": 0.12580645161290321,
    "英": 0.09032258064516129,
    "俄": 0.07741935483870968,
    "台": 0.02258064516129032,
    "德": 0.02258064516129032,
    "希臘": 0.016129032258064516,
    "粵": 0.016129032258064516,
    "波蘭": 0.0064516129032258064,
    "烏克蘭": 0.0064516129032258064,
    "芬蘭": 0.0064516129032258064,
    "西班牙": 0.0064516129032258064,
    "世界": 0.0032258064516129032,
    "南非": 0.0032258064516129032,
    "旁遮普": 0.0032258064516129032,
    "法": 0.0032258064516129032,
    "羅馬尼亞": 0.0032258064516129032,
    "義": 0.0032258064516129032,
    "韓": 0.0032258064516129032,
    "total": 1
  }
}