{
  "統計": {
    "ja": 291,
    "en": 74,
    "zh": 64,
    "ru": 41,
    "zh-TW": 24,
    "und": 14,
    "uk": 8,
    "de": 7,
    "el": 7,
    "ko": 5,
    "zh-Hant": 5,
    "en-US": 4,
    "zh-CN": 4,
    "en-GB": 3,
    "zxx": 3,
    "id": 2,
    "ar": 1,
    "eo": 1,
    "la": 1,
    "ro": 1,
    "th": 1,
    "yue": 1,
    "zh-Hans": 1,
    "zh-HK": 1,
    "total": 564
  },
  "占比": {
    "ja": 0.5159574468085106,
    "en": 0.13120567375886524,
    "zh": 0.11347517730496454,
    "ru": 0.0726950354609929,
    "zh-TW": 0.0425531914893617,
    "und": 0.024822695035460994,
    "uk": 0.014184397163120567,
    "de": 0.012411347517730497,
    "el": 0.012411347517730497,
    "ko": 0.008865248226950355,
    "zh-Hant": 0.008865248226950355,
    "en-US": 0.0070921985815602835,
    "zh-CN": 0.0070921985815602835,
    "en-GB": 0.005319148936170213,
    "zxx": 0.005319148936170213,
    "id": 0.0035460992907801418,
    "ar": 0.0017730496453900709,
    "eo": 0.0017730496453900709,
    "la": 0.0017730496453900709,
    "ro": 0.0017730496453900709,
    "th": 0.0017730496453900709,
    "yue": 0.0017730496453900709,
    "zh-Hans": 0.0017730496453900709,
    "zh-HK": 0.0017730496453900709,
    "total": 1
  }
}