{
  "統計": {
    "日": 253,
    "純音樂": 115,
    "中": 78,
    "英": 48,
    "俄": 40,
    "粵": 15,
    "台": 9,
    "德": 8,
    "烏克蘭": 8,
    "希臘": 6,
    "芬蘭": 4,
    "西班牙": 3,
    "韓": 3,
    "法": 2,
    "波蘭": 2,
    "unknown": 1,
    "世界": 1,
    "南非": 1,
    "旁遮普": 1,
    "泰": 1,
    "泰盧固": 1,
    "羅馬尼亞": 1,
    "義": 1,
    "total": 602
  },
  "占比": {
    "日": 0.420265780730897,
    "純音樂": 0.19102990033222592,
    "中": 0.12956810631229235,
    "英": 0.07973421926910298,
    "俄": 0.0664451827242525,
    "粵": 0.024916943521594685,
    "台": 0.014950166112956811,
    "德": 0.013289036544850499,
    "烏克蘭": 0.013289036544850499,
    "希臘": 0.009966777408637873,
    "芬蘭": 0.006644518272425249,
    "西班牙": 0.0049833887043189366,
    "韓": 0.0049833887043189366,
    "法": 0.0033222591362126247,
    "波蘭": 0.0033222591362126247,
    "unknown": 0.0016611295681063123,
    "世界": 0.0016611295681063123,
    "南非": 0.0016611295681063123,
    "旁遮普": 0.0016611295681063123,
    "泰": 0.0016611295681063123,
    "泰盧固": 0.0016611295681063123,
    "羅馬尼亞": 0.0016611295681063123,
    "義": 0.0016611295681063123,
    "total": 1
  }
}