{
  "統計": {
    "日": 116,
    "純音樂": 45,
    "中": 33,
    "英": 23,
    "俄": 18,
    "粵": 5,
    "德": 5,
    "台": 4,
    "希臘": 4,
    "波": 2,
    "芬": 2,
    "烏克蘭": 2,
    "世界": 1,
    "西班牙": 1,
    "法": 1,
    "南非": 1,
    "旁遮普": 1,
    "義": 1,
    "韓": 1,
    "total": 266
  },
  "占比": {
    "日": 0.43609022556390975,
    "純音樂": 0.16917293233082706,
    "中": 0.12406015037593984,
    "英": 0.08646616541353383,
    "俄": 0.06766917293233082,
    "粵": 0.018796992481203006,
    "德": 0.018796992481203006,
    "台": 0.015037593984962405,
    "希臘": 0.015037593984962405,
    "波": 0.007518796992481203,
    "芬": 0.007518796992481203,
    "烏克蘭": 0.007518796992481203,
    "世界": 0.0037593984962406013,
    "西班牙": 0.0037593984962406013,
    "法": 0.0037593984962406013,
    "南非": 0.0037593984962406013,
    "旁遮普": 0.0037593984962406013,
    "義": 0.0037593984962406013,
    "韓": 0.0037593984962406013,
    "total": 1
  }
}