{
  "統計": {
    "日": 103,
    "中": 25,
    "英": 25,
    "純音樂": 23,
    "俄": 21,
    "粵": 8,
    "台": 5,
    "德": 5,
    "希臘": 3,
    "法": 2,
    "波蘭": 2,
    "芬蘭": 2,
    "unknown": 1,
    "世界": 1,
    "客": 1,
    "義": 1,
    "西班牙": 1,
    "total": 229
  },
  "占比": {
    "日": 0.4497816593886463,
    "中": 0.1091703056768559,
    "英": 0.1091703056768559,
    "純音樂": 0.10043668122270742,
    "俄": 0.09170305676855896,
    "粵": 0.034934497816593885,
    "台": 0.021834061135371178,
    "德": 0.021834061135371178,
    "希臘": 0.013100436681222707,
    "法": 0.008733624454148471,
    "波蘭": 0.008733624454148471,
    "芬蘭": 0.008733624454148471,
    "unknown": 0.004366812227074236,
    "世界": 0.004366812227074236,
    "客": 0.004366812227074236,
    "義": 0.004366812227074236,
    "西班牙": 0.004366812227074236,
    "total": 1
  }
}