{
  "統計": {
    "日": 119,
    "純音樂": 41,
    "俄": 36,
    "中": 35,
    "英": 20,
    "ja": 19,
    "烏克蘭": 14,
    "zh": 10,
    "台": 4,
    "希臘": 4,
    "德": 4,
    "ru": 3,
    "zh-Hant": 3,
    "西班牙": 3,
    "und": 2,
    "拉丁": 2,
    "粵": 2,
    "諾斯": 2,
    "en": 1,
    "th": 1,
    "uk": 1,
    "zxx": 1,
    "客": 1,
    "法": 1,
    "福建": 1,
    "芬蘭": 1,
    "total": 331
  },
  "占比": {
    "日": 0.3595166163141994,
    "純音樂": 0.12386706948640483,
    "俄": 0.10876132930513595,
    "中": 0.10574018126888217,
    "英": 0.06042296072507553,
    "ja": 0.05740181268882175,
    "烏克蘭": 0.04229607250755287,
    "zh": 0.030211480362537766,
    "台": 0.012084592145015106,
    "希臘": 0.012084592145015106,
    "德": 0.012084592145015106,
    "ru": 0.00906344410876133,
    "zh-Hant": 0.00906344410876133,
    "西班牙": 0.00906344410876133,
    "und": 0.006042296072507553,
    "拉丁": 0.006042296072507553,
    "粵": 0.006042296072507553,
    "諾斯": 0.006042296072507553,
    "en": 0.0030211480362537764,
    "th": 0.0030211480362537764,
    "uk": 0.0030211480362537764,
    "zxx": 0.0030211480362537764,
    "客": 0.0030211480362537764,
    "法": 0.0030211480362537764,
    "福建": 0.0030211480362537764,
    "芬蘭": 0.0030211480362537764,
    "total": 1
  }
}