{
  "統計": {
    "日": 156,
    "純音樂": 60,
    "中": 48,
    "英": 37,
    "俄": 30,
    "台": 10,
    "粵": 10,
    "德": 7,
    "希臘": 6,
    "unknown": 4,
    "西班牙": 3,
    "法": 2,
    "波蘭": 2,
    "烏克蘭": 2,
    "芬蘭": 2,
    "世界": 1,
    "南非": 1,
    "旁遮普": 1,
    "泰": 1,
    "羅馬尼亞": 1,
    "義": 1,
    "韓": 1,
    "total": 386
  },
  "占比": {
    "日": 0.40414507772020725,
    "純音樂": 0.15544041450777202,
    "中": 0.12435233160621761,
    "英": 0.09585492227979274,
    "俄": 0.077720207253886009,
    "台": 0.025906735751295335,
    "粵": 0.025906735751295335,
    "德": 0.018134715025906734,
    "希臘": 0.015544041450777202,
    "unknown": 0.010362694300518135,
    "西班牙": 0.0077720207253886009,
    "法": 0.0051813471502590676,
    "波蘭": 0.0051813471502590676,
    "烏克蘭": 0.0051813471502590676,
    "芬蘭": 0.0051813471502590676,
    "世界": 0.0025906735751295338,
    "南非": 0.0025906735751295338,
    "旁遮普": 0.0025906735751295338,
    "泰": 0.0025906735751295338,
    "羅馬尼亞": 0.0025906735751295338,
    "義": 0.0025906735751295338,
    "韓": 0.0025906735751295338,
    "total": 1
  }
}