{
  "統計": {
    "日": 141,
    "中": 48,
    "純音樂": 46,
    "俄": 39,
    "英": 23,
    "烏克蘭": 15,
    "unknown": 12,
    "ja": 7,
    "台": 5,
    "en": 4,
    "希臘": 4,
    "德": 4,
    "粵": 4,
    "西班牙": 3,
    "ru": 2,
    "uk": 2,
    "拉丁": 2,
    "諾斯": 2,
    "da": 1,
    "en-US": 1,
    "zh": 1,
    "zh-TW": 1,
    "客": 1,
    "法": 1,
    "泰": 1,
    "福建": 1,
    "粵語": 1,
    "芬蘭": 1,
    "total": 373
  },
  "占比": {
    "日": 0.3780160857908847,
    "中": 0.128686327077748,
    "純音樂": 0.12332439678284182,
    "俄": 0.10455764075067024,
    "英": 0.06166219839142091,
    "烏克蘭": 0.040214477211796246,
    "unknown": 0.032171581769437,
    "ja": 0.01876675603217158,
    "台": 0.013404825737265416,
    "en": 0.010723860589812333,
    "希臘": 0.010723860589812333,
    "德": 0.010723860589812333,
    "粵": 0.010723860589812333,
    "西班牙": 0.00804289544235925,
    "ru": 0.005361930294906166,
    "uk": 0.005361930294906166,
    "拉丁": 0.005361930294906166,
    "諾斯": 0.005361930294906166,
    "da": 0.002680965147453083,
    "en-US": 0.002680965147453083,
    "zh": 0.002680965147453083,
    "zh-TW": 0.002680965147453083,
    "客": 0.002680965147453083,
    "法": 0.002680965147453083,
    "泰": 0.002680965147453083,
    "福建": 0.002680965147453083,
    "粵語": 0.002680965147453083,
    "芬蘭": 0.002680965147453083,
    "total": 1
  }
}