{
  "統計": {
    "日": 253,
    "純音樂": 115,
    "中": 74,
    "英": 47,
    "俄": 37,
    "粵": 14,
    "台": 9,
    "德": 9,
    "希臘": 6,
    "烏克蘭": 5,
    "芬蘭": 4,
    "西班牙": 3,
    "韓": 3,
    "unknown": 2,
    "法": 2,
    "波蘭": 2,
    "ru": 1,
    "uk": 1,
    "世界": 1,
    "南非": 1,
    "旁遮普": 1,
    "泰": 1,
    "泰盧固": 1,
    "羅馬尼亞": 1,
    "義": 1,
    "total": 594
  },
  "占比": {
    "日": 0.42592592592592593,
    "純音樂": 0.1936026936026936,
    "中": 0.12457912457912458,
    "英": 0.07912457912457913,
    "俄": 0.06228956228956229,
    "粵": 0.02356902356902357,
    "台": 0.015151515151515152,
    "德": 0.015151515151515152,
    "希臘": 0.010101010101010102,
    "烏克蘭": 0.008417508417508417,
    "芬蘭": 0.006734006734006734,
    "西班牙": 0.005050505050505051,
    "韓": 0.005050505050505051,
    "unknown": 0.003367003367003367,
    "法": 0.003367003367003367,
    "波蘭": 0.003367003367003367,
    "ru": 0.0016835016835016834,
    "uk": 0.0016835016835016834,
    "世界": 0.0016835016835016834,
    "南非": 0.0016835016835016834,
    "旁遮普": 0.0016835016835016834,
    "泰": 0.0016835016835016834,
    "泰盧固": 0.0016835016835016834,
    "羅馬尼亞": 0.0016835016835016834,
    "義": 0.0016835016835016834,
    "total": 1
  }
}