{
  "統計": {
    "日": 233,
    "純音樂": 91,
    "中": 64,
    "英": 43,
    "俄": 36,
    "粵": 13,
    "台": 8,
    "德": 8,
    "希臘": 6,
    "烏克蘭": 6,
    "ja": 4,
    "芬蘭": 4,
    "韓": 3,
    "en": 2,
    "ru": 2,
    "波蘭": 2,
    "zh": 1,
    "zh-Hant": 1,
    "世界": 1,
    "南非": 1,
    "希伯來": 1,
    "旁遮普": 1,
    "法": 1,
    "泰": 1,
    "泰盧固": 1,
    "福建": 1,
    "羅馬尼亞": 1,
    "義": 1,
    "total": 537
  },
  "占比": {
    "日": 0.4338919925512104,
    "純音樂": 0.16945996275605213,
    "中": 0.1191806331471136,
    "英": 0.08007448789571694,
    "俄": 0.0670391061452514,
    "粵": 0.024208566108007448,
    "台": 0.0148975791433892,
    "德": 0.0148975791433892,
    "希臘": 0.0111731843575419,
    "烏克蘭": 0.0111731843575419,
    "ja": 0.0074487895716946,
    "芬蘭": 0.0074487895716946,
    "韓": 0.00558659217877095,
    "en": 0.0037243947858473,
    "ru": 0.0037243947858473,
    "波蘭": 0.0037243947858473,
    "zh": 0.00186219739292365,
    "zh-Hant": 0.00186219739292365,
    "世界": 0.00186219739292365,
    "南非": 0.00186219739292365,
    "希伯來": 0.00186219739292365,
    "旁遮普": 0.00186219739292365,
    "法": 0.00186219739292365,
    "泰": 0.00186219739292365,
    "泰盧固": 0.00186219739292365,
    "福建": 0.00186219739292365,
    "羅馬尼亞": 0.00186219739292365,
    "義": 0.00186219739292365,
    "total": 1
  }
}