{
  "統計": {
    "日": 237,
    "純音樂": 92,
    "中": 70,
    "英": 44,
    "俄": 39,
    "粵": 13,
    "台": 8,
    "德": 8,
    "希臘": 7,
    "烏克蘭": 6,
    "芬蘭": 4,
    "韓": 3,
    "波蘭": 2,
    "de": 1,
    "ja": 1,
    "世界": 1,
    "南非": 1,
    "希伯來": 1,
    "旁遮普": 1,
    "法": 1,
    "泰": 1,
    "泰盧固": 1,
    "福建": 1,
    "羅馬尼亞": 1,
    "義": 1,
    "total": 545
  },
  "占比": {
    "日": 0.43486238532110094,
    "純音樂": 0.1688073394495413,
    "中": 0.12844036697247707,
    "英": 0.08073394495412844,
    "俄": 0.07155963302752294,
    "粵": 0.023853211009174313,
    "台": 0.014678899082568808,
    "德": 0.014678899082568808,
    "希臘": 0.012844036697247707,
    "烏克蘭": 0.011009174311926606,
    "芬蘭": 0.007339449541284404,
    "韓": 0.005504587155963303,
    "波蘭": 0.003669724770642202,
    "de": 0.001834862385321101,
    "ja": 0.001834862385321101,
    "世界": 0.001834862385321101,
    "南非": 0.001834862385321101,
    "希伯來": 0.001834862385321101,
    "旁遮普": 0.001834862385321101,
    "法": 0.001834862385321101,
    "泰": 0.001834862385321101,
    "泰盧固": 0.001834862385321101,
    "福建": 0.001834862385321101,
    "羅馬尼亞": 0.001834862385321101,
    "義": 0.001834862385321101,
    "total": 1
  }
}