{
  "統計": {
    "日": 92,
    "英": 25,
    "純音樂": 21,
    "中": 20,
    "俄": 15,
    "台": 4,
    "粵": 4,
    "德": 4,
    "法": 2,
    "波蘭": 2,
    "芬蘭": 2,
    "世界": 1,
    "希臘": 1,
    "客": 1,
    "義": 1,
    "total": 195
  },
  "占比": {
    "日": 0.4717948717948718,
    "英": 0.1282051282051282,
    "純音樂": 0.1076923076923077,
    "中": 0.10256410256410256,
    "俄": 0.07692307692307693,
    "台": 0.020512820512820513,
    "粵": 0.020512820512820513,
    "德": 0.020512820512820513,
    "法": 0.010256410256410256,
    "波蘭": 0.010256410256410256,
    "芬蘭": 0.010256410256410256,
    "世界": 0.005128205128205128,
    "希臘": 0.005128205128205128,
    "客": 0.005128205128205128,
    "義": 0.005128205128205128,
    "total": 1
  }
}