{
  "統計": {
    "日": 210,
    "純音樂": 103,
    "中": 66,
    "英": 43,
    "俄": 36,
    "粵": 11,
    "台": 10,
    "德": 10,
    "希臘": 6,
    "芬蘭": 3,
    "西班牙": 3,
    "韓": 3,
    "ja": 2,
    "法": 2,
    "波蘭": 2,
    "烏克蘭": 2,
    "en": 1,
    "zh-TW": 1,
    "世界": 1,
    "南非": 1,
    "旁遮普": 1,
    "泰": 1,
    "羅馬尼亞": 1,
    "義": 1,
    "total": 520
  },
  "占比": {
    "日": 0.40384615384615385,
    "純音樂": 0.19807692307692307,
    "中": 0.12692307692307692,
    "英": 0.08269230769230769,
    "俄": 0.06923076923076923,
    "粵": 0.021153846153846155,
    "台": 0.019230769230769232,
    "德": 0.019230769230769232,
    "希臘": 0.011538461538461539,
    "芬蘭": 0.0057692307692307696,
    "西班牙": 0.0057692307692307696,
    "韓": 0.0057692307692307696,
    "ja": 0.0038461538461538464,
    "法": 0.0038461538461538464,
    "波蘭": 0.0038461538461538464,
    "烏克蘭": 0.0038461538461538464,
    "en": 0.0019230769230769232,
    "zh-TW": 0.0019230769230769232,
    "世界": 0.0019230769230769232,
    "南非": 0.0019230769230769232,
    "旁遮普": 0.0019230769230769232,
    "泰": 0.0019230769230769232,
    "羅馬尼亞": 0.0019230769230769232,
    "義": 0.0019230769230769232,
    "total": 1
  }
}