{
  "統計": {
    "日": 149,
    "純音樂": 54,
    "中": 51,
    "俄": 42,
    "英": 24,
    "烏克蘭": 18,
    "unknown": 6,
    "台": 5,
    "粵": 5,
    "希臘": 4,
    "德": 4,
    "西班牙": 3,
    "拉丁": 2,
    "諾斯": 2,
    "阿拉伯": 2,
    "ja": 1,
    "zh-HK": 1,
    "客": 1,
    "法": 1,
    "泰": 1,
    "福建": 1,
    "粵語": 1,
    "芬蘭": 1,
    "阿美": 1,
    "total": 380
  },
  "占比": {
    "日": 0.39210526315789473,
    "純音樂": 0.14210526315789473,
    "中": 0.13421052631578947,
    "俄": 0.11052631578947368,
    "英": 0.06315789473684211,
    "烏克蘭": 0.04736842105263158,
    "unknown": 0.015789473684210527,
    "台": 0.013157894736842105,
    "粵": 0.013157894736842105,
    "希臘": 0.010526315789473684,
    "德": 0.010526315789473684,
    "西班牙": 0.007894736842105263,
    "拉丁": 0.005263157894736842,
    "諾斯": 0.005263157894736842,
    "阿拉伯": 0.005263157894736842,
    "ja": 0.002631578947368421,
    "zh-HK": 0.002631578947368421,
    "客": 0.002631578947368421,
    "法": 0.002631578947368421,
    "泰": 0.002631578947368421,
    "福建": 0.002631578947368421,
    "粵語": 0.002631578947368421,
    "芬蘭": 0.002631578947368421,
    "阿美": 0.002631578947368421,
    "total": 1
  }
}