{
  "統計": {
    "日": 193,
    "純音樂": 90,
    "中": 64,
    "英": 42,
    "俄": 34,
    "粵": 11,
    "台": 10,
    "德": 9,
    "希臘": 6,
    "unknown": 3,
    "西班牙": 3,
    "韓": 3,
    "法": 2,
    "波蘭": 2,
    "烏克蘭": 2,
    "芬蘭": 2,
    "ja": 1,
    "世界": 1,
    "南非": 1,
    "旁遮普": 1,
    "泰": 1,
    "羅馬尼亞": 1,
    "義": 1,
    "total": 483
  },
  "占比": {
    "日": 0.3995859213250518,
    "純音樂": 0.18633540372670807,
    "中": 0.13250517598343686,
    "英": 0.08695652173913043,
    "俄": 0.07039337474120083,
    "粵": 0.022774327122153208,
    "台": 0.020703933747412008,
    "德": 0.018633540372670808,
    "希臘": 0.012422360248447204,
    "unknown": 0.006211180124223602,
    "西班牙": 0.006211180124223602,
    "韓": 0.006211180124223602,
    "法": 0.004140786749482402,
    "波蘭": 0.004140786749482402,
    "烏克蘭": 0.004140786749482402,
    "芬蘭": 0.004140786749482402,
    "ja": 0.002070393374741201,
    "世界": 0.002070393374741201,
    "南非": 0.002070393374741201,
    "旁遮普": 0.002070393374741201,
    "泰": 0.002070393374741201,
    "羅馬尼亞": 0.002070393374741201,
    "義": 0.002070393374741201,
    "total": 1
  }
}