{
  "統計": {
    "日": 204,
    "純音樂": 99,
    "中": 65,
    "英": 42,
    "俄": 35,
    "粵": 11,
    "台": 10,
    "德": 10,
    "希臘": 6,
    "unknown": 5,
    "ja": 4,
    "芬蘭": 3,
    "西班牙": 3,
    "韓": 3,
    "法": 2,
    "波蘭": 2,
    "烏克蘭": 2,
    "世界": 1,
    "南非": 1,
    "旁遮普": 1,
    "泰": 1,
    "羅馬尼亞": 1,
    "義": 1,
    "total": 512
  },
  "占比": {
    "日": 0.3984375,
    "純音樂": 0.193359375,
    "中": 0.126953125,
    "英": 0.08203125,
    "俄": 0.068359375,
    "粵": 0.021484375,
    "台": 0.01953125,
    "德": 0.01953125,
    "希臘": 0.01171875,
    "unknown": 0.009765625,
    "ja": 0.0078125,
    "芬蘭": 0.005859375,
    "西班牙": 0.005859375,
    "韓": 0.005859375,
    "法": 0.00390625,
    "波蘭": 0.00390625,
    "烏克蘭": 0.00390625,
    "世界": 0.001953125,
    "南非": 0.001953125,
    "旁遮普": 0.001953125,
    "泰": 0.001953125,
    "羅馬尼亞": 0.001953125,
    "義": 0.001953125,
    "total": 1
  }
}