{
  "統計": {
    "日": 150,
    "純音樂": 58,
    "中": 45,
    "英": 34,
    "俄": 29,
    "粵": 9,
    "台": 8,
    "德": 8,
    "希臘": 5,
    "西班牙": 3,
    "法": 2,
    "波蘭": 2,
    "烏克蘭": 2,
    "芬蘭": 2,
    "ja": 1,
    "ru": 1,
    "世界": 1,
    "南非": 1,
    "旁遮普": 1,
    "泰": 1,
    "羅馬尼亞": 1,
    "義": 1,
    "韓": 1,
    "total": 366
  },
  "占比": {
    "日": 0.4098360655737705,
    "純音樂": 0.15846994535519127,
    "中": 0.12295081967213115,
    "英": 0.09289617486338798,
    "俄": 0.07923497267759563,
    "粵": 0.02459016393442623,
    "台": 0.02185792349726776,
    "德": 0.02185792349726776,
    "希臘": 0.01366120218579235,
    "西班牙": 0.00819672131147541,
    "法": 0.00546448087431694,
    "波蘭": 0.00546448087431694,
    "烏克蘭": 0.00546448087431694,
    "芬蘭": 0.00546448087431694,
    "ja": 0.00273224043715847,
    "ru": 0.00273224043715847,
    "世界": 0.00273224043715847,
    "南非": 0.00273224043715847,
    "旁遮普": 0.00273224043715847,
    "泰": 0.00273224043715847,
    "羅馬尼亞": 0.00273224043715847,
    "義": 0.00273224043715847,
    "韓": 0.00273224043715847,
    "total": 1
  }
}