{
  "統計": {
    "日": 119,
    "純音樂": 41,
    "俄": 36,
    "中": 35,
    "ja": 23,
    "英": 20,
    "烏克蘭": 14,
    "zh": 10,
    "台": 4,
    "希臘": 4,
    "德": 4,
    "en": 3,
    "ru": 3,
    "zh-Hant": 3,
    "西班牙": 3,
    "und": 2,
    "拉丁": 2,
    "粵": 2,
    "諾斯": 2,
    "ar": 1,
    "th": 1,
    "uk": 1,
    "zh-TW": 1,
    "zxx": 1,
    "客": 1,
    "法": 1,
    "福建": 1,
    "芬蘭": 1,
    "total": 339
  },
  "占比": {
    "日": 0.35103244837758113,
    "純音樂": 0.12094395280235988,
    "俄": 0.10619469026548672,
    "中": 0.10324483775811209,
    "ja": 0.06784660766961652,
    "英": 0.058997050147492625,
    "烏克蘭": 0.04129793510324484,
    "zh": 0.029498525073746312,
    "台": 0.011799410029498525,
    "希臘": 0.011799410029498525,
    "德": 0.011799410029498525,
    "en": 0.008849557522123894,
    "ru": 0.008849557522123894,
    "zh-Hant": 0.008849557522123894,
    "西班牙": 0.008849557522123894,
    "und": 0.0058997050147492625,
    "拉丁": 0.0058997050147492625,
    "粵": 0.0058997050147492625,
    "諾斯": 0.0058997050147492625,
    "ar": 0.0029498525073746312,
    "th": 0.0029498525073746312,
    "uk": 0.0029498525073746312,
    "zh-TW": 0.0029498525073746312,
    "zxx": 0.0029498525073746312,
    "客": 0.0029498525073746312,
    "法": 0.0029498525073746312,
    "福建": 0.0029498525073746312,
    "芬蘭": 0.0029498525073746312,
    "total": 1
  }
}