{
  "統計": {
    "日": 85,
    "純音樂": 31,
    "中": 30,
    "俄": 26,
    "英": 14,
    "烏克蘭": 12,
    "ru": 4,
    "希臘": 4,
    "德": 4,
    "en": 3,
    "ja": 3,
    "台": 3,
    "西班牙": 3,
    "拉丁": 2,
    "諾斯": 2,
    "uk": 1,
    "zh-HK": 1,
    "法": 1,
    "福建": 1,
    "粵": 1,
    "芬蘭": 1,
    "total": 232
  },
  "占比": {
    "日": 0.36637931034482757,
    "純音樂": 0.1336206896551724,
    "中": 0.12931034482758622,
    "俄": 0.11206896551724138,
    "英": 0.0603448275862069,
    "烏克蘭": 0.05172413793103448,
    "ru": 0.017241379310344827,
    "希臘": 0.017241379310344827,
    "德": 0.017241379310344827,
    "en": 0.01293103448275862,
    "ja": 0.01293103448275862,
    "台": 0.01293103448275862,
    "西班牙": 0.01293103448275862,
    "拉丁": 0.008620689655172414,
    "諾斯": 0.008620689655172414,
    "uk": 0.004310344827586207,
    "zh-HK": 0.004310344827586207,
    "法": 0.004310344827586207,
    "福建": 0.004310344827586207,
    "粵": 0.004310344827586207,
    "芬蘭": 0.004310344827586207,
    "total": 1
  }
}