{
  "統計": {
    "日": 256,
    "純音樂": 117,
    "中": 77,
    "英": 49,
    "俄": 43,
    "粵": 15,
    "烏克蘭": 10,
    "台": 9,
    "德": 8,
    "希臘": 6,
    "芬蘭": 4,
    "西班牙": 3,
    "韓": 3,
    "unknown": 2,
    "法": 2,
    "波蘭": 2,
    "uk": 1,
    "世界": 1,
    "南非": 1,
    "旁遮普": 1,
    "泰": 1,
    "泰盧固": 1,
    "羅馬尼亞": 1,
    "義": 1,
    "total": 614
  },
  "占比": {
    "日": 0.4169381107491857,
    "純音樂": 0.19055374592833876,
    "中": 0.1254071661237785,
    "英": 0.07980456026058631,
    "俄": 0.07003257328990228,
    "粵": 0.024429967426710098,
    "烏克蘭": 0.016286644951140065,
    "台": 0.014657980456026058,
    "德": 0.013029315960912053,
    "希臘": 0.009771986970684038,
    "芬蘭": 0.006514657980456026,
    "西班牙": 0.004885993485342019,
    "韓": 0.004885993485342019,
    "unknown": 0.003257328990228013,
    "法": 0.003257328990228013,
    "波蘭": 0.003257328990228013,
    "uk": 0.0016286644951140066,
    "世界": 0.0016286644951140066,
    "南非": 0.0016286644951140066,
    "旁遮普": 0.0016286644951140066,
    "泰": 0.0016286644951140066,
    "泰盧固": 0.0016286644951140066,
    "羅馬尼亞": 0.0016286644951140066,
    "義": 0.0016286644951140066,
    "total": 1
  }
}