{
  "統計": {
    "日": 204,
    "純音樂": 99,
    "中": 65,
    "英": 42,
    "俄": 35,
    "粵": 11,
    "台": 10,
    "德": 10,
    "希臘": 6,
    "芬蘭": 3,
    "西班牙": 3,
    "韓": 3,
    "ja": 2,
    "法": 2,
    "波蘭": 2,
    "烏克蘭": 2,
    "unknown": 1,
    "世界": 1,
    "南非": 1,
    "旁遮普": 1,
    "泰": 1,
    "羅馬尼亞": 1,
    "義": 1,
    "total": 506
  },
  "占比": {
    "日": 0.4031620553359684,
    "純音樂": 0.1956521739130435,
    "中": 0.12845849802371542,
    "英": 0.08300395256916997,
    "俄": 0.0691699604743083,
    "粵": 0.021739130434782608,
    "台": 0.019762845849802372,
    "德": 0.019762845849802372,
    "希臘": 0.011857707509881422,
    "芬蘭": 0.005928853754940711,
    "西班牙": 0.005928853754940711,
    "韓": 0.005928853754940711,
    "ja": 0.003952569169960474,
    "法": 0.003952569169960474,
    "波蘭": 0.003952569169960474,
    "烏克蘭": 0.003952569169960474,
    "unknown": 0.001976284584980237,
    "世界": 0.001976284584980237,
    "南非": 0.001976284584980237,
    "旁遮普": 0.001976284584980237,
    "泰": 0.001976284584980237,
    "羅馬尼亞": 0.001976284584980237,
    "義": 0.001976284584980237,
    "total": 1
  }
}