{
  "統計": {
    "日": 120,
    "純音樂": 45,
    "中": 34,
    "英": 23,
    "俄": 19,
    "德": 6,
    "台": 5,
    "粵": 5,
    "希臘": 4,
    "波": 2,
    "烏克蘭": 2,
    "芬": 2,
    "世界": 1,
    "南非": 1,
    "旁遮普": 1,
    "法": 1,
    "義": 1,
    "西班牙": 1,
    "韓": 1,
    "total": 274
  },
  "占比": {
    "日": 0.43795620437956206,
    "純音樂": 0.16423357664233576,
    "中": 0.12408759124087591,
    "英": 0.08394160583941605,
    "俄": 0.06934306569343066,
    "德": 0.021897810218978103,
    "台": 0.01824817518248175,
    "粵": 0.01824817518248175,
    "希臘": 0.014598540145985401,
    "波": 0.0072992700729927005,
    "烏克蘭": 0.0072992700729927005,
    "芬": 0.0072992700729927005,
    "世界": 0.0036496350364963502,
    "南非": 0.0036496350364963502,
    "旁遮普": 0.0036496350364963502,
    "法": 0.0036496350364963502,
    "義": 0.0036496350364963502,
    "西班牙": 0.0036496350364963502,
    "韓": 0.0036496350364963502,
    "total": 1
  }
}