{
  "統計": {
    "日": 249,
    "純音樂": 115,
    "中": 74,
    "英": 47,
    "俄": 37,
    "粵": 12,
    "台": 9,
    "德": 9,
    "希臘": 6,
    "烏克蘭": 5,
    "芬蘭": 4,
    "西班牙": 3,
    "韓": 3,
    "法": 2,
    "波蘭": 2,
    "世界": 1,
    "南非": 1,
    "旁遮普": 1,
    "泰": 1,
    "義": 1,
    "羅馬尼亞": 1,
    "total": 583
  },
  "占比": {
    "日": 0.42710120068610635,
    "純音樂": 0.19725557461406518,
    "中": 0.1269296740994854,
    "英": 0.08061749571183534,
    "俄": 0.0634648370497427,
    "粵": 0.02058319039451115,
    "台": 0.015437392795883362,
    "德": 0.015437392795883362,
    "希臘": 0.010291595197255575,
    "烏克蘭": 0.008576329331046312,
    "芬蘭": 0.00686106346483705,
    "西班牙": 0.005145797598627788,
    "韓": 0.005145797598627788,
    "法": 0.003430531732418525,
    "波蘭": 0.003430531732418525,
    "世界": 0.0017152658662092624,
    "南非": 0.0017152658662092624,
    "旁遮普": 0.0017152658662092624,
    "泰": 0.0017152658662092624,
    "義": 0.0017152658662092624,
    "羅馬尼亞": 0.0017152658662092624,
    "total": 1
  }
}