{
  "統計": {
    "日": 85,
    "純音樂": 31,
    "中": 30,
    "俄": 26,
    "英": 14,
    "烏克蘭": 12,
    "希臘": 4,
    "德": 4,
    "ja": 3,
    "ru": 3,
    "台": 3,
    "西班牙": 3,
    "en": 2,
    "拉丁": 2,
    "諾斯": 2,
    "法": 1,
    "福建": 1,
    "粵": 1,
    "芬蘭": 1,
    "total": 228
  },
  "占比": {
    "日": 0.37280701754385964,
    "純音樂": 0.13596491228070176,
    "中": 0.13157894736842105,
    "俄": 0.11403508771929824,
    "英": 0.06140350877192982,
    "烏克蘭": 0.05263157894736842,
    "希臘": 0.017543859649122806,
    "德": 0.017543859649122806,
    "ja": 0.013157894736842105,
    "ru": 0.013157894736842105,
    "台": 0.013157894736842105,
    "西班牙": 0.013157894736842105,
    "en": 0.008771929824561403,
    "拉丁": 0.008771929824561403,
    "諾斯": 0.008771929824561403,
    "法": 0.0043859649122807015,
    "福建": 0.0043859649122807015,
    "粵": 0.0043859649122807015,
    "芬蘭": 0.0043859649122807015,
    "total": 1
  }
}