{
  "統計": {
    "日": 105,
    "中": 25,
    "俄": 25,
    "英": 25,
    "純音樂": 24,
    "粵": 9,
    "台": 5,
    "德": 5,
    "希臘": 3,
    "法": 2,
    "波蘭": 2,
    "芬蘭": 2,
    "ja": 1,
    "世界": 1,
    "客": 1,
    "烏克蘭": 1,
    "義": 1,
    "西班牙": 1,
    "total": 238
  },
  "占比": {
    "日": 0.4411764705882353,
    "中": 0.10504201680672269,
    "俄": 0.10504201680672269,
    "英": 0.10504201680672269,
    "純音樂": 0.10084033613445378,
    "粵": 0.037815126050420166,
    "台": 0.02100840336134454,
    "德": 0.02100840336134454,
    "希臘": 0.012605042016806723,
    "法": 0.008403361344537815,
    "波蘭": 0.008403361344537815,
    "芬蘭": 0.008403361344537815,
    "ja": 0.004201680672268907,
    "世界": 0.004201680672268907,
    "客": 0.004201680672268907,
    "烏克蘭": 0.004201680672268907,
    "義": 0.004201680672268907,
    "西班牙": 0.004201680672268907,
    "total": 1
  }
}