{
  "統計": {
    "日": 154,
    "純音樂": 60,
    "中": 45,
    "英": 37,
    "俄": 30,
    "台": 9,
    "粵": 9,
    "德": 8,
    "希臘": 5,
    "西班牙": 3,
    "法": 2,
    "波蘭": 2,
    "烏克蘭": 2,
    "芬蘭": 2,
    "unknown": 1,
    "世界": 1,
    "南非": 1,
    "旁遮普": 1,
    "泰": 1,
    "羅馬尼亞": 1,
    "義": 1,
    "韓": 1,
    "total": 376
  },
  "占比": {
    "日": 0.4095744680851064,
    "純音樂": 0.1595744680851064,
    "中": 0.1196808510638298,
    "英": 0.09840425531914894,
    "俄": 0.0797872340425532,
    "台": 0.023936170212765957,
    "粵": 0.023936170212765957,
    "德": 0.02127659574468085,
    "希臘": 0.013297872340425532,
    "西班牙": 0.007978723404255319,
    "法": 0.005319148936170213,
    "波蘭": 0.005319148936170213,
    "烏克蘭": 0.005319148936170213,
    "芬蘭": 0.005319148936170213,
    "unknown": 0.0026595744680851063,
    "世界": 0.0026595744680851063,
    "南非": 0.0026595744680851063,
    "旁遮普": 0.0026595744680851063,
    "泰": 0.0026595744680851063,
    "羅馬尼亞": 0.0026595744680851063,
    "義": 0.0026595744680851063,
    "韓": 0.0026595744680851063,
    "total": 1
  }
}