{
  "統計": {
    "日": 110,
    "中": 33,
    "俄": 28,
    "英": 26,
    "純音樂": 25,
    "粵": 8,
    "台": 6,
    "德": 5,
    "希臘": 3,
    "法": 2,
    "波蘭": 2,
    "芬蘭": 2,
    "世界": 1,
    "客": 1,
    "烏克蘭": 1,
    "義": 1,
    "total": 254
  },
  "占比": {
    "日": 0.4330708661417323,
    "中": 0.12992125984251968,
    "俄": 0.11023622047244094,
    "英": 0.10236220472440945,
    "純音樂": 0.0984251968503937,
    "粵": 0.031496062992125984,
    "台": 0.023622047244094488,
    "德": 0.01968503937007874,
    "希臘": 0.011811023622047244,
    "法": 0.007874015748031496,
    "波蘭": 0.007874015748031496,
    "芬蘭": 0.007874015748031496,
    "世界": 0.003937007874015748,
    "客": 0.003937007874015748,
    "烏克蘭": 0.003937007874015748,
    "義": 0.003937007874015748,
    "total": 1
  }
}