{
  "統計": {
    "日": 180,
    "純音樂": 90,
    "中": 60,
    "英": 41,
    "俄": 34,
    "粵": 11,
    "台": 10,
    "德": 9,
    "希臘": 6,
    "ja": 4,
    "unknown": 4,
    "西班牙": 3,
    "韓": 3,
    "法": 2,
    "波蘭": 2,
    "烏克蘭": 2,
    "芬蘭": 2,
    "世界": 1,
    "南非": 1,
    "旁遮普": 1,
    "泰": 1,
    "羅馬尼亞": 1,
    "義": 1,
    "total": 469
  },
  "占比": {
    "日": 0.3837953091684435,
    "純音樂": 0.19189765458422176,
    "中": 0.1279317697228145,
    "英": 0.08742004264392324,
    "俄": 0.07249466950959488,
    "粵": 0.023454157782515993,
    "台": 0.021321961620469083,
    "德": 0.019189765458422176,
    "希臘": 0.01279317697228145,
    "ja": 0.008528784648187633,
    "unknown": 0.008528784648187633,
    "西班牙": 0.006396588486140725,
    "韓": 0.006396588486140725,
    "法": 0.0042643923240938165,
    "波蘭": 0.0042643923240938165,
    "烏克蘭": 0.0042643923240938165,
    "芬蘭": 0.0042643923240938165,
    "世界": 0.0021321961620469083,
    "南非": 0.0021321961620469083,
    "旁遮普": 0.0021321961620469083,
    "泰": 0.0021321961620469083,
    "羅馬尼亞": 0.0021321961620469083,
    "義": 0.0021321961620469083,
    "total": 1
  }
}