{
  "統計": {
    "日": 119,
    "純音樂": 41,
    "俄": 36,
    "中": 35,
    "英": 20,
    "ja": 19,
    "烏克蘭": 14,
    "zh": 10,
    "台": 4,
    "希臘": 4,
    "德": 4,
    "ru": 3,
    "zh-Hant": 3,
    "西班牙": 3,
    "und": 2,
    "拉丁": 2,
    "粵": 2,
    "諾斯": 2,
    "th": 1,
    "uk": 1,
    "zxx": 1,
    "客": 1,
    "法": 1,
    "福建": 1,
    "芬蘭": 1,
    "total": 330
  },
  "占比": {
    "日": 0.3606060606060606,
    "純音樂": 0.12424242424242424,
    "俄": 0.10909090909090909,
    "中": 0.10606060606060606,
    "英": 0.06060606060606061,
    "ja": 0.05757575757575758,
    "烏克蘭": 0.04242424242424243,
    "zh": 0.030303030303030304,
    "台": 0.012121212121212121,
    "希臘": 0.012121212121212121,
    "德": 0.012121212121212121,
    "ru": 0.00909090909090909,
    "zh-Hant": 0.00909090909090909,
    "西班牙": 0.00909090909090909,
    "und": 0.006060606060606061,
    "拉丁": 0.006060606060606061,
    "粵": 0.006060606060606061,
    "諾斯": 0.006060606060606061,
    "th": 0.0030303030303030303,
    "uk": 0.0030303030303030303,
    "zxx": 0.0030303030303030303,
    "客": 0.0030303030303030303,
    "法": 0.0030303030303030303,
    "福建": 0.0030303030303030303,
    "芬蘭": 0.0030303030303030303,
    "total": 1
  }
}