{
  "統計": {
    "ja": 159,
    "en": 53,
    "ru": 39,
    "zh": 36,
    "zh-TW": 19,
    "uk": 15,
    "und": 7,
    "zh-Hant": 5,
    "de": 3,
    "en-US": 3,
    "ko": 3,
    "es": 2,
    "id": 2,
    "ar": 1,
    "da": 1,
    "el": 1,
    "en-CA": 1,
    "en-GB": 1,
    "fi": 1,
    "fr-CA": 1,
    "is": 1,
    "it": 1,
    "la": 1,
    "th": 1,
    "unknown": 1,
    "zh-CN": 1,
    "zh-Hans": 1,
    "zh-HK": 1,
    "zxx": 1,
    "total": 362
  },
  "占比": {
    "ja": 0.43922651933701656,
    "en": 0.1464088397790055,
    "ru": 0.10773480662983426,
    "zh": 0.09944751381215469,
    "zh-TW": 0.052486187845303865,
    "uk": 0.04143646408839779,
    "und": 0.019337016574585635,
    "zh-Hant": 0.013812154696132596,
    "de": 0.008287292817679558,
    "en-US": 0.008287292817679558,
    "ko": 0.008287292817679558,
    "es": 0.0055248618784530384,
    "id": 0.0055248618784530384,
    "ar": 0.0027624309392265192,
    "da": 0.0027624309392265192,
    "el": 0.0027624309392265192,
    "en-CA": 0.0027624309392265192,
    "en-GB": 0.0027624309392265192,
    "fi": 0.0027624309392265192,
    "fr-CA": 0.0027624309392265192,
    "is": 0.0027624309392265192,
    "it": 0.0027624309392265192,
    "la": 0.0027624309392265192,
    "th": 0.0027624309392265192,
    "unknown": 0.0027624309392265192,
    "zh-CN": 0.0027624309392265192,
    "zh-Hans": 0.0027624309392265192,
    "zh-HK": 0.0027624309392265192,
    "zxx": 0.0027624309392265192,
    "total": 1
  }
}