{
  "統計": {
    "日": 181,
    "純音樂": 90,
    "中": 60,
    "英": 40,
    "俄": 34,
    "粵": 11,
    "台": 10,
    "德": 9,
    "希臘": 6,
    "西班牙": 3,
    "法": 2,
    "波蘭": 2,
    "烏克蘭": 2,
    "芬蘭": 2,
    "韓": 2,
    "世界": 1,
    "南非": 1,
    "旁遮普": 1,
    "泰": 1,
    "羅馬尼亞": 1,
    "義": 1,
    "total": 460
  },
  "占比": {
    "日": 0.3934782608695652,
    "純音樂": 0.1956521739130435,
    "中": 0.13043478260869565,
    "英": 0.08695652173913043,
    "俄": 0.07391304347826087,
    "粵": 0.02391304347826087,
    "台": 0.021739130434782608,
    "德": 0.01956521739130435,
    "希臘": 0.013043478260869565,
    "西班牙": 0.006521739130434782,
    "法": 0.004347826086956522,
    "波蘭": 0.004347826086956522,
    "烏克蘭": 0.004347826086956522,
    "芬蘭": 0.004347826086956522,
    "韓": 0.004347826086956522,
    "世界": 0.002173913043478261,
    "南非": 0.002173913043478261,
    "旁遮普": 0.002173913043478261,
    "泰": 0.002173913043478261,
    "羅馬尼亞": 0.002173913043478261,
    "義": 0.002173913043478261,
    "total": 1
  }
}