{
  "統計": {
    "日": 97,
    "中": 22,
    "純音樂": 22,
    "英": 22,
    "俄": 18,
    "德": 5,
    "台": 4,
    "粵": 4,
    "希臘": 2,
    "法": 2,
    "波蘭": 2,
    "芬蘭": 2,
    "unknown": 1,
    "zh-Hant": 1,
    "世界": 1,
    "客": 1,
    "義": 1,
    "西班牙": 1,
    "total": 208
  },
  "占比": {
    "日": 0.46634615384615385,
    "中": 0.10576923076923077,
    "純音樂": 0.10576923076923077,
    "英": 0.10576923076923077,
    "俄": 0.08653846153846154,
    "德": 0.02403846153846154,
    "台": 0.019230769230769232,
    "粵": 0.019230769230769232,
    "希臘": 0.009615384615384616,
    "法": 0.009615384615384616,
    "波蘭": 0.009615384615384616,
    "芬蘭": 0.009615384615384616,
    "unknown": 0.004807692307692308,
    "zh-Hant": 0.004807692307692308,
    "世界": 0.004807692307692308,
    "客": 0.004807692307692308,
    "義": 0.004807692307692308,
    "西班牙": 0.004807692307692308,
    "total": 1
  }
}