{
  "統計": {
    "日": 126,
    "純音樂": 54,
    "中": 35,
    "英": 27,
    "俄": 24,
    "德": 6,
    "台": 5,
    "希臘": 5,
    "粵": 5,
    "波蘭": 2,
    "烏克蘭": 2,
    "芬蘭": 2,
    "西班牙": 2,
    "en": 1,
    "unknown": 1,
    "zh-TW": 1,
    "世界": 1,
    "南非": 1,
    "旁遮普": 1,
    "法": 1,
    "羅馬尼亞": 1,
    "義": 1,
    "韓": 1,
    "total": 305
  },
  "占比": {
    "日": 0.4131147540983607,
    "純音樂": 0.17704918032786884,
    "中": 0.11475409836065574,
    "英": 0.08852459016393442,
    "俄": 0.07868852459016394,
    "德": 0.019672131147540985,
    "台": 0.01639344262295082,
    "希臘": 0.01639344262295082,
    "粵": 0.01639344262295082,
    "波蘭": 0.006557377049180328,
    "烏克蘭": 0.006557377049180328,
    "芬蘭": 0.006557377049180328,
    "西班牙": 0.006557377049180328,
    "en": 0.003278688524590164,
    "unknown": 0.003278688524590164,
    "zh-TW": 0.003278688524590164,
    "世界": 0.003278688524590164,
    "南非": 0.003278688524590164,
    "旁遮普": 0.003278688524590164,
    "法": 0.003278688524590164,
    "羅馬尼亞": 0.003278688524590164,
    "義": 0.003278688524590164,
    "韓": 0.003278688524590164,
    "total": 1
  }
}