{
  "統計": {
    "日": 154,
    "純音樂": 60,
    "中": 45,
    "英": 37,
    "俄": 30,
    "台": 9,
    "粵": 9,
    "德": 7,
    "希臘": 5,
    "西班牙": 3,
    "unknown": 2,
    "zh-TW": 2,
    "法": 2,
    "波蘭": 2,
    "烏克蘭": 2,
    "芬蘭": 2,
    "en": 1,
    "ja": 1,
    "zh": 1,
    "世界": 1,
    "南非": 1,
    "旁遮普": 1,
    "泰": 1,
    "羅馬尼亞": 1,
    "義": 1,
    "韓": 1,
    "total": 381
  },
  "占比": {
    "日": 0.4041994750656168,
    "純音樂": 0.15748031496062992,
    "中": 0.11811023622047244,
    "英": 0.09711286089238845,
    "俄": 0.07874015748031496,
    "台": 0.023622047244094488,
    "粵": 0.023622047244094488,
    "德": 0.01837270341207349,
    "希臘": 0.013123359580052493,
    "西班牙": 0.007874015748031496,
    "unknown": 0.005249343832020997,
    "zh-TW": 0.005249343832020997,
    "法": 0.005249343832020997,
    "波蘭": 0.005249343832020997,
    "烏克蘭": 0.005249343832020997,
    "芬蘭": 0.005249343832020997,
    "en": 0.0026246719160104987,
    "ja": 0.0026246719160104987,
    "zh": 0.0026246719160104987,
    "世界": 0.0026246719160104987,
    "南非": 0.0026246719160104987,
    "旁遮普": 0.0026246719160104987,
    "泰": 0.0026246719160104987,
    "羅馬尼亞": 0.0026246719160104987,
    "義": 0.0026246719160104987,
    "韓": 0.0026246719160104987,
    "total": 1
  }
}