{
  "統計": {
    "日": 219,
    "純音樂": 107,
    "中": 69,
    "英": 44,
    "俄": 36,
    "粵": 11,
    "unknown": 10,
    "台": 10,
    "德": 9,
    "希臘": 6,
    "芬蘭": 3,
    "西班牙": 3,
    "韓": 3,
    "ja": 2,
    "法": 2,
    "波蘭": 2,
    "烏克蘭": 2,
    "zh-TW": 1,
    "世界": 1,
    "南非": 1,
    "旁遮普": 1,
    "泰": 1,
    "羅馬尼亞": 1,
    "義": 1,
    "total": 545
  },
  "占比": {
    "日": 0.4018348623853211,
    "純音樂": 0.1963302752293578,
    "中": 0.12660550458715597,
    "英": 0.08073394495412844,
    "俄": 0.06605504587155964,
    "粵": 0.02018348623853211,
    "unknown": 0.01834862385321101,
    "台": 0.01834862385321101,
    "德": 0.01651376146788991,
    "希臘": 0.011009174311926606,
    "芬蘭": 0.005504587155963303,
    "西班牙": 0.005504587155963303,
    "韓": 0.005504587155963303,
    "ja": 0.003669724770642202,
    "法": 0.003669724770642202,
    "波蘭": 0.003669724770642202,
    "烏克蘭": 0.003669724770642202,
    "zh-TW": 0.001834862385321101,
    "世界": 0.001834862385321101,
    "南非": 0.001834862385321101,
    "旁遮普": 0.001834862385321101,
    "泰": 0.001834862385321101,
    "羅馬尼亞": 0.001834862385321101,
    "義": 0.001834862385321101,
    "total": 1
  }
}