{
  "統計": {
    "日": 236,
    "純音樂": 91,
    "中": 69,
    "英": 43,
    "俄": 39,
    "粵": 13,
    "台": 8,
    "德": 8,
    "希臘": 6,
    "烏克蘭": 6,
    "芬蘭": 4,
    "韓": 3,
    "波蘭": 2,
    "el": 1,
    "en": 1,
    "ja": 1,
    "zh": 1,
    "世界": 1,
    "南非": 1,
    "希伯來": 1,
    "旁遮普": 1,
    "法": 1,
    "泰": 1,
    "泰盧固": 1,
    "福建": 1,
    "羅馬尼亞": 1,
    "義": 1,
    "total": 542
  },
  "占比": {
    "日": 0.4354243542435424,
    "純音樂": 0.16789667896678967,
    "中": 0.12730627306273062,
    "英": 0.07933579335793357,
    "俄": 0.07195571955719557,
    "粵": 0.023985239852398525,
    "台": 0.014760147601476014,
    "德": 0.014760147601476014,
    "希臘": 0.01107011070110701,
    "烏克蘭": 0.01107011070110701,
    "芬蘭": 0.007380073800738007,
    "韓": 0.005535055350553505,
    "波蘭": 0.0036900369003690036,
    "el": 0.0018450184501845018,
    "en": 0.0018450184501845018,
    "ja": 0.0018450184501845018,
    "zh": 0.0018450184501845018,
    "世界": 0.0018450184501845018,
    "南非": 0.0018450184501845018,
    "希伯來": 0.0018450184501845018,
    "旁遮普": 0.0018450184501845018,
    "法": 0.0018450184501845018,
    "泰": 0.0018450184501845018,
    "泰盧固": 0.0018450184501845018,
    "福建": 0.0018450184501845018,
    "羅馬尼亞": 0.0018450184501845018,
    "義": 0.0018450184501845018,
    "total": 1
  }
}