{
  "統計": {
    "日": 229,
    "純音樂": 105,
    "中": 68,
    "英": 46,
    "俄": 43,
    "粵": 13,
    "台": 9,
    "德": 9,
    "烏克蘭": 8,
    "希臘": 7,
    "芬蘭": 3,
    "韓": 3,
    "波蘭": 2,
    "en": 1,
    "ja": 1,
    "zh": 1,
    "世界": 1,
    "南非": 1,
    "客": 1,
    "希伯來": 1,
    "拉丁": 1,
    "法": 1,
    "泰": 1,
    "泰盧固": 1,
    "福建": 1,
    "羅馬尼亞": 1,
    "義": 1,
    "諾斯": 1,
    "total": 560
  },
  "占比": {
    "日": 0.4089285714285714,
    "純音樂": 0.1875,
    "中": 0.12142857142857143,
    "英": 0.08214285714285714,
    "俄": 0.07678571428571429,
    "粵": 0.023214285714285715,
    "台": 0.01607142857142857,
    "德": 0.01607142857142857,
    "烏克蘭": 0.014285714285714285,
    "希臘": 0.0125,
    "芬蘭": 0.005357142857142857,
    "韓": 0.005357142857142857,
    "波蘭": 0.0035714285714285713,
    "en": 0.0017857142857142857,
    "ja": 0.0017857142857142857,
    "zh": 0.0017857142857142857,
    "世界": 0.0017857142857142857,
    "南非": 0.0017857142857142857,
    "客": 0.0017857142857142857,
    "希伯來": 0.0017857142857142857,
    "拉丁": 0.0017857142857142857,
    "法": 0.0017857142857142857,
    "泰": 0.0017857142857142857,
    "泰盧固": 0.0017857142857142857,
    "福建": 0.0017857142857142857,
    "羅馬尼亞": 0.0017857142857142857,
    "義": 0.0017857142857142857,
    "諾斯": 0.0017857142857142857,
    "total": 1
  }
}