{
  "統計": {
    "日": 257,
    "純音樂": 116,
    "中": 81,
    "英": 49,
    "俄": 44,
    "粵": 15,
    "烏克蘭": 12,
    "台": 10,
    "德": 8,
    "希臘": 6,
    "芬蘭": 4,
    "西班牙": 3,
    "韓": 3,
    "法": 2,
    "波蘭": 2,
    "unknown": 1,
    "世界": 1,
    "南非": 1,
    "希伯來": 1,
    "旁遮普": 1,
    "泰": 1,
    "泰盧固": 1,
    "羅馬尼亞": 1,
    "義": 1,
    "total": 621
  },
  "占比": {
    "日": 0.4138486312399356,
    "純音樂": 0.18679549114331723,
    "中": 0.13043478260869565,
    "英": 0.07890499194847021,
    "俄": 0.07085346215780998,
    "粵": 0.024154589371980676,
    "烏克蘭": 0.01932367149758454,
    "台": 0.01610305958132045,
    "德": 0.01288244766505636,
    "希臘": 0.00966183574879227,
    "芬蘭": 0.00644122383252818,
    "西班牙": 0.004830917874396135,
    "韓": 0.004830917874396135,
    "法": 0.00322061191626409,
    "波蘭": 0.00322061191626409,
    "unknown": 0.001610305958132045,
    "世界": 0.001610305958132045,
    "南非": 0.001610305958132045,
    "希伯來": 0.001610305958132045,
    "旁遮普": 0.001610305958132045,
    "泰": 0.001610305958132045,
    "泰盧固": 0.001610305958132045,
    "羅馬尼亞": 0.001610305958132045,
    "義": 0.001610305958132045,
    "total": 1
  }
}