{
  "統計": {
    "日": 235,
    "純音樂": 94,
    "中": 63,
    "英": 43,
    "俄": 36,
    "粵": 13,
    "ja": 10,
    "台": 9,
    "德": 7,
    "希臘": 6,
    "烏克蘭": 6,
    "芬蘭": 4,
    "韓": 3,
    "zh": 2,
    "波蘭": 2,
    "en": 1,
    "ru": 1,
    "und": 1,
    "zh-TW": 1,
    "世界": 1,
    "南非": 1,
    "希伯來": 1,
    "旁遮普": 1,
    "法": 1,
    "泰": 1,
    "泰盧固": 1,
    "羅馬尼亞": 1,
    "義": 1,
    "total": 546
  },
  "占比": {
    "日": 0.43040293040293043,
    "純音樂": 0.17216117216117216,
    "中": 0.11538461538461539,
    "英": 0.07875457875457875,
    "俄": 0.06593406593406594,
    "粵": 0.023809523809523808,
    "ja": 0.018315018315018316,
    "台": 0.016483516483516484,
    "德": 0.01282051282051282,
    "希臘": 0.01098901098901099,
    "烏克蘭": 0.01098901098901099,
    "芬蘭": 0.007326007326007326,
    "韓": 0.005494505494505495,
    "zh": 0.003663003663003663,
    "波蘭": 0.003663003663003663,
    "en": 0.0018315018315018315,
    "ru": 0.0018315018315018315,
    "und": 0.0018315018315018315,
    "zh-TW": 0.0018315018315018315,
    "世界": 0.0018315018315018315,
    "南非": 0.0018315018315018315,
    "希伯來": 0.0018315018315018315,
    "旁遮普": 0.0018315018315018315,
    "法": 0.0018315018315018315,
    "泰": 0.0018315018315018315,
    "泰盧固": 0.0018315018315018315,
    "羅馬尼亞": 0.0018315018315018315,
    "義": 0.0018315018315018315,
    "total": 1
  }
}