{
  "統計": {
    "日": 150,
    "純音樂": 58,
    "中": 45,
    "英": 34,
    "俄": 29,
    "粵": 9,
    "台": 8,
    "德": 8,
    "希臘": 5,
    "西班牙": 3,
    "ja": 2,
    "法": 2,
    "波蘭": 2,
    "烏克蘭": 2,
    "芬蘭": 2,
    "ru": 1,
    "unknown": 1,
    "世界": 1,
    "南非": 1,
    "旁遮普": 1,
    "泰": 1,
    "羅馬尼亞": 1,
    "義": 1,
    "韓": 1,
    "total": 368
  },
  "占比": {
    "日": 0.4076086956521739,
    "純音樂": 0.15760869565217392,
    "中": 0.12228260869565218,
    "英": 0.09239130434782608,
    "俄": 0.07880434782608696,
    "粵": 0.024456521739130436,
    "台": 0.021739130434782608,
    "德": 0.021739130434782608,
    "希臘": 0.01358695652173913,
    "西班牙": 0.008152173913043478,
    "ja": 0.005434782608695652,
    "法": 0.005434782608695652,
    "波蘭": 0.005434782608695652,
    "烏克蘭": 0.005434782608695652,
    "芬蘭": 0.005434782608695652,
    "ru": 0.002717391304347826,
    "unknown": 0.002717391304347826,
    "世界": 0.002717391304347826,
    "南非": 0.002717391304347826,
    "旁遮普": 0.002717391304347826,
    "泰": 0.002717391304347826,
    "羅馬尼亞": 0.002717391304347826,
    "義": 0.002717391304347826,
    "韓": 0.002717391304347826,
    "total": 1
  }
}