{
  "統計": {
    "日": 240,
    "純音樂": 114,
    "中": 72,
    "英": 47,
    "俄": 37,
    "粵": 12,
    "unknown": 11,
    "台": 10,
    "德": 9,
    "希臘": 6,
    "烏克蘭": 5,
    "芬蘭": 4,
    "西班牙": 3,
    "韓": 3,
    "法": 2,
    "波蘭": 2,
    "ja": 1,
    "世界": 1,
    "南非": 1,
    "旁遮普": 1,
    "泰": 1,
    "羅馬尼亞": 1,
    "義": 1,
    "total": 584
  },
  "占比": {
    "日": 0.410958904109589,
    "純音樂": 0.1952054794520548,
    "中": 0.1232876712328767,
    "英": 0.08047945205479452,
    "俄": 0.06335616438356165,
    "粵": 0.02054794520547945,
    "unknown": 0.018835616438356163,
    "台": 0.017123287671232876,
    "德": 0.015410958904109588,
    "希臘": 0.010273972602739725,
    "烏克蘭": 0.008561643835616438,
    "芬蘭": 0.00684931506849315,
    "西班牙": 0.005136986301369863,
    "韓": 0.005136986301369863,
    "法": 0.003424657534246575,
    "波蘭": 0.003424657534246575,
    "ja": 0.0017123287671232876,
    "世界": 0.0017123287671232876,
    "南非": 0.0017123287671232876,
    "旁遮普": 0.0017123287671232876,
    "泰": 0.0017123287671232876,
    "羅馬尼亞": 0.0017123287671232876,
    "義": 0.0017123287671232876,
    "total": 1
  }
}