{
  "統計": {
    "日": 103,
    "英": 26,
    "中": 25,
    "純音樂": 24,
    "俄": 20,
    "粵": 7,
    "台": 5,
    "德": 4,
    "希臘": 3,
    "法": 2,
    "波蘭": 2,
    "芬蘭": 2,
    "世界": 1,
    "客": 1,
    "義": 1,
    "西班牙": 1,
    "total": 227
  },
  "占比": {
    "日": 0.45374449339207046,
    "英": 0.1145374449339207,
    "中": 0.11013215859030837,
    "純音樂": 0.10572687224669604,
    "俄": 0.0881057268722467,
    "粵": 0.030837004405286344,
    "台": 0.022026431718061675,
    "德": 0.01762114537444934,
    "希臘": 0.013215859030837005,
    "法": 0.00881057268722467,
    "波蘭": 0.00881057268722467,
    "芬蘭": 0.00881057268722467,
    "世界": 0.004405286343612335,
    "客": 0.004405286343612335,
    "義": 0.004405286343612335,
    "西班牙": 0.004405286343612335,
    "total": 1
  }
}