{
  "統計": {
    "日": 255,
    "純音樂": 116,
    "中": 81,
    "英": 49,
    "俄": 45,
    "粵": 15,
    "烏克蘭": 11,
    "台": 10,
    "德": 8,
    "希臘": 6,
    "芬蘭": 4,
    "西班牙": 3,
    "韓": 3,
    "法": 2,
    "波蘭": 2,
    "世界": 1,
    "希伯來": 1,
    "南非": 1,
    "旁遮普": 1,
    "泰": 1,
    "泰盧固": 1,
    "義": 1,
    "羅馬尼亞": 1,
    "total": 618
  },
  "占比": {
    "日": 0.41262135922330095,
    "純音樂": 0.18770226537216828,
    "中": 0.13106796116504854,
    "英": 0.07928802588996764,
    "俄": 0.07281553398058252,
    "粵": 0.024271844660194174,
    "烏克蘭": 0.01779935275080906,
    "台": 0.016181229773462782,
    "德": 0.012944983818770227,
    "希臘": 0.009708737864077669,
    "芬蘭": 0.006472491909385114,
    "西班牙": 0.0048543689320388345,
    "韓": 0.0048543689320388345,
    "法": 0.003236245954692557,
    "波蘭": 0.003236245954692557,
    "世界": 0.0016181229773462784,
    "希伯來": 0.0016181229773462784,
    "南非": 0.0016181229773462784,
    "旁遮普": 0.0016181229773462784,
    "泰": 0.0016181229773462784,
    "泰盧固": 0.0016181229773462784,
    "義": 0.0016181229773462784,
    "羅馬尼亞": 0.0016181229773462784,
    "total": 1
  }
}