{
  "統計": {
    "日": 111,
    "中": 33,
    "俄": 28,
    "英": 26,
    "純音樂": 25,
    "粵": 8,
    "台": 6,
    "德": 5,
    "烏克蘭": 5,
    "希臘": 3,
    "法": 2,
    "波蘭": 2,
    "芬蘭": 2,
    "en": 1,
    "世界": 1,
    "客": 1,
    "義": 1,
    "total": 260
  },
  "占比": {
    "日": 0.4269230769230769,
    "中": 0.12692307692307692,
    "俄": 0.1076923076923077,
    "英": 0.1,
    "純音樂": 0.09615384615384616,
    "粵": 0.03076923076923077,
    "台": 0.023076923076923078,
    "德": 0.019230769230769232,
    "烏克蘭": 0.019230769230769232,
    "希臘": 0.011538461538461539,
    "法": 0.007692307692307693,
    "波蘭": 0.007692307692307693,
    "芬蘭": 0.007692307692307693,
    "en": 0.0038461538461538464,
    "世界": 0.0038461538461538464,
    "客": 0.0038461538461538464,
    "義": 0.0038461538461538464,
    "total": 1
  }
}