{
  "統計": {
    "日": 253,
    "純音樂": 115,
    "中": 74,
    "英": 47,
    "俄": 37,
    "粵": 14,
    "台": 9,
    "德": 8,
    "希臘": 6,
    "unknown": 5,
    "烏克蘭": 5,
    "芬蘭": 4,
    "uk": 3,
    "西班牙": 3,
    "韓": 3,
    "ru": 2,
    "法": 2,
    "波蘭": 2,
    "en": 1,
    "zh-CN": 1,
    "世界": 1,
    "南非": 1,
    "旁遮普": 1,
    "泰": 1,
    "泰盧固": 1,
    "羅馬尼亞": 1,
    "義": 1,
    "total": 601
  },
  "占比": {
    "日": 0.4209650582362729,
    "純音樂": 0.1913477537437604,
    "中": 0.12312811980033278,
    "英": 0.07820299500831947,
    "俄": 0.06156405990016639,
    "粵": 0.02329450915141431,
    "台": 0.014975041597337771,
    "德": 0.013311148086522463,
    "希臘": 0.009983361064891847,
    "unknown": 0.008319467554076539,
    "烏克蘭": 0.008319467554076539,
    "芬蘭": 0.0066555740432612314,
    "uk": 0.004991680532445923,
    "西班牙": 0.004991680532445923,
    "韓": 0.004991680532445923,
    "ru": 0.0033277870216306157,
    "法": 0.0033277870216306157,
    "波蘭": 0.0033277870216306157,
    "en": 0.0016638935108153079,
    "zh-CN": 0.0016638935108153079,
    "世界": 0.0016638935108153079,
    "南非": 0.0016638935108153079,
    "旁遮普": 0.0016638935108153079,
    "泰": 0.0016638935108153079,
    "泰盧固": 0.0016638935108153079,
    "羅馬尼亞": 0.0016638935108153079,
    "義": 0.0016638935108153079,
    "total": 1
  }
}