{
  "統計": {
    "日": 156,
    "純音樂": 60,
    "中": 48,
    "英": 37,
    "俄": 30,
    "台": 10,
    "粵": 10,
    "德": 7,
    "希臘": 6,
    "西班牙": 3,
    "unknown": 2,
    "法": 2,
    "波蘭": 2,
    "烏克蘭": 2,
    "芬蘭": 2,
    "世界": 1,
    "南非": 1,
    "旁遮普": 1,
    "泰": 1,
    "羅馬尼亞": 1,
    "義": 1,
    "韓": 1,
    "total": 384
  },
  "占比": {
    "日": 0.40625,
    "純音樂": 0.15625,
    "中": 0.125,
    "英": 0.09635416666666667,
    "俄": 0.078125,
    "台": 0.026041666666666668,
    "粵": 0.026041666666666668,
    "德": 0.018229166666666668,
    "希臘": 0.015625,
    "西班牙": 0.0078125,
    "unknown": 0.005208333333333333,
    "法": 0.005208333333333333,
    "波蘭": 0.005208333333333333,
    "烏克蘭": 0.005208333333333333,
    "芬蘭": 0.005208333333333333,
    "世界": 0.0026041666666666665,
    "南非": 0.0026041666666666665,
    "旁遮普": 0.0026041666666666665,
    "泰": 0.0026041666666666665,
    "羅馬尼亞": 0.0026041666666666665,
    "義": 0.0026041666666666665,
    "韓": 0.0026041666666666665,
    "total": 1
  }
}