{
  "統計": {
    "日": 169,
    "純音樂": 65,
    "中": 55,
    "英": 39,
    "俄": 32,
    "台": 10,
    "粵": 10,
    "德": 9,
    "希臘": 6,
    "unknown": 5,
    "西班牙": 3,
    "法": 2,
    "波蘭": 2,
    "烏克蘭": 2,
    "芬蘭": 2,
    "ja": 1,
    "世界": 1,
    "南非": 1,
    "旁遮普": 1,
    "泰": 1,
    "羅馬尼亞": 1,
    "義": 1,
    "韓": 1,
    "total": 419
  },
  "占比": {
    "日": 0.4033412887828162,
    "純音樂": 0.15513126491646778,
    "中": 0.13126491646778043,
    "英": 0.09307875894988067,
    "俄": 0.07637231503579953,
    "台": 0.02386634844868735,
    "粵": 0.02386634844868735,
    "德": 0.021479713603818614,
    "希臘": 0.014319809069212411,
    "unknown": 0.011933174224343675,
    "西班牙": 0.007159904534606206,
    "法": 0.00477326968973747,
    "波蘭": 0.00477326968973747,
    "烏克蘭": 0.00477326968973747,
    "芬蘭": 0.00477326968973747,
    "ja": 0.002386634844868735,
    "世界": 0.002386634844868735,
    "南非": 0.002386634844868735,
    "旁遮普": 0.002386634844868735,
    "泰": 0.002386634844868735,
    "羅馬尼亞": 0.002386634844868735,
    "義": 0.002386634844868735,
    "韓": 0.002386634844868735,
    "total": 1
  }
}