{
  "統計": {
    "日": 257,
    "純音樂": 115,
    "中": 78,
    "英": 49,
    "俄": 43,
    "粵": 15,
    "台": 9,
    "德": 8,
    "烏克蘭": 8,
    "希臘": 6,
    "芬蘭": 4,
    "西班牙": 3,
    "韓": 3,
    "法": 2,
    "波蘭": 2,
    "uk": 1,
    "zh-TW": 1,
    "世界": 1,
    "南非": 1,
    "旁遮普": 1,
    "泰": 1,
    "泰盧固": 1,
    "羅馬尼亞": 1,
    "義": 1,
    "total": 611
  },
  "占比": {
    "日": 0.4206219312602291,
    "純音樂": 0.18821603927986907,
    "中": 0.1276595744680851,
    "英": 0.08019639934533551,
    "俄": 0.07037643207855974,
    "粵": 0.024549918166939442,
    "台": 0.014729950900163666,
    "德": 0.01309328968903437,
    "烏克蘭": 0.01309328968903437,
    "希臘": 0.009819967266775777,
    "芬蘭": 0.006546644844517185,
    "西班牙": 0.004909983633387889,
    "韓": 0.004909983633387889,
    "法": 0.0032733224222585926,
    "波蘭": 0.0032733224222585926,
    "uk": 0.0016366612111292963,
    "zh-TW": 0.0016366612111292963,
    "世界": 0.0016366612111292963,
    "南非": 0.0016366612111292963,
    "旁遮普": 0.0016366612111292963,
    "泰": 0.0016366612111292963,
    "泰盧固": 0.0016366612111292963,
    "羅馬尼亞": 0.0016366612111292963,
    "義": 0.0016366612111292963,
    "total": 1
  }
}