{
  "統計": {
    "日": 226,
    "純音樂": 103,
    "中": 66,
    "英": 48,
    "俄": 40,
    "粵": 12,
    "德": 9,
    "台": 8,
    "烏克蘭": 8,
    "希臘": 7,
    "ja": 4,
    "ru": 3,
    "芬蘭": 3,
    "韓": 3,
    "zh": 2,
    "zh-Hant": 2,
    "波蘭": 2,
    "世界": 1,
    "南非": 1,
    "客": 1,
    "希伯來": 1,
    "拉丁": 1,
    "法": 1,
    "泰": 1,
    "泰盧固": 1,
    "福建": 1,
    "羅馬尼亞": 1,
    "義": 1,
    "諾斯": 1,
    "total": 558
  },
  "占比": {
    "日": 0.4050179211469534,
    "純音樂": 0.18458781362007168,
    "中": 0.11827956989247312,
    "英": 0.08602150537634409,
    "俄": 0.07168458781362007,
    "粵": 0.021505376344086023,
    "德": 0.016129032258064516,
    "台": 0.014336917562724014,
    "烏克蘭": 0.014336917562724014,
    "希臘": 0.012544802867383513,
    "ja": 0.007168458781362007,
    "ru": 0.005376344086021506,
    "芬蘭": 0.005376344086021506,
    "韓": 0.005376344086021506,
    "zh": 0.0035842293906810036,
    "zh-Hant": 0.0035842293906810036,
    "波蘭": 0.0035842293906810036,
    "世界": 0.0017921146953405018,
    "南非": 0.0017921146953405018,
    "客": 0.0017921146953405018,
    "希伯來": 0.0017921146953405018,
    "拉丁": 0.0017921146953405018,
    "法": 0.0017921146953405018,
    "泰": 0.0017921146953405018,
    "泰盧固": 0.0017921146953405018,
    "福建": 0.0017921146953405018,
    "羅馬尼亞": 0.0017921146953405018,
    "義": 0.0017921146953405018,
    "諾斯": 0.0017921146953405018,
    "total": 1
  }
}