{
  "統計": {
    "日": 235,
    "純音樂": 114,
    "中": 71,
    "英": 44,
    "俄": 37,
    "粵": 11,
    "台": 10,
    "德": 9,
    "希臘": 6,
    "芬蘭": 4,
    "unknown": 3,
    "西班牙": 3,
    "韓": 3,
    "法": 2,
    "波蘭": 2,
    "烏克蘭": 2,
    "yue-HK": 1,
    "世界": 1,
    "南非": 1,
    "旁遮普": 1,
    "泰": 1,
    "羅馬尼亞": 1,
    "義": 1,
    "total": 563
  },
  "占比": {
    "日": 0.41740674955595025,
    "純音樂": 0.2024866785079929,
    "中": 0.1261101243339254,
    "英": 0.07815275310834814,
    "俄": 0.06571936056838366,
    "粵": 0.019538188277087035,
    "台": 0.017761989342806393,
    "德": 0.015985790408525755,
    "希臘": 0.010657193605683837,
    "芬蘭": 0.007104795737122558,
    "unknown": 0.0053285968028419185,
    "西班牙": 0.0053285968028419185,
    "韓": 0.0053285968028419185,
    "法": 0.003552397868561279,
    "波蘭": 0.003552397868561279,
    "烏克蘭": 0.003552397868561279,
    "yue-HK": 0.0017761989342806395,
    "世界": 0.0017761989342806395,
    "南非": 0.0017761989342806395,
    "旁遮普": 0.0017761989342806395,
    "泰": 0.0017761989342806395,
    "羅馬尼亞": 0.0017761989342806395,
    "義": 0.0017761989342806395,
    "total": 1
  }
}