{
  "統計": {
    "日": 176,
    "純音樂": 69,
    "中": 59,
    "英": 40,
    "俄": 33,
    "粵": 11,
    "台": 10,
    "德": 9,
    "希臘": 6,
    "西班牙": 3,
    "法": 2,
    "波蘭": 2,
    "芬蘭": 2,
    "烏克蘭": 2,
    "韓": 2,
    "世界": 1,
    "南非": 1,
    "旁遮普": 1,
    "泰": 1,
    "義": 1,
    "羅馬尼亞": 1,
    "total": 432
  },
  "占比": {
    "日": 0.4074074074074074,
    "純音樂": 0.1597222222222222,
    "中": 0.13657407407407407,
    "英": 0.09259259259259259,
    "俄": 0.0763888888888889,
    "粵": 0.02546296296296296,
    "台": 0.023148148148148147,
    "德": 0.020833333333333332,
    "希臘": 0.013888888888888888,
    "西班牙": 0.006944444444444444,
    "法": 0.004629629629629629,
    "波蘭": 0.004629629629629629,
    "芬蘭": 0.004629629629629629,
    "烏克蘭": 0.004629629629629629,
    "韓": 0.004629629629629629,
    "世界": 0.0023148148148148147,
    "南非": 0.0023148148148148147,
    "旁遮普": 0.0023148148148148147,
    "泰": 0.0023148148148148147,
    "義": 0.0023148148148148147,
    "羅馬尼亞": 0.0023148148148148147,
    "total": 1
  }
}