{
  "統計": {
    "日": 119,
    "純音樂": 41,
    "俄": 36,
    "中": 35,
    "英": 20,
    "ja": 18,
    "烏克蘭": 14,
    "zh": 10,
    "台": 4,
    "希臘": 4,
    "德": 4,
    "西班牙": 3,
    "ru": 2,
    "und": 2,
    "zh-Hant": 2,
    "拉丁": 2,
    "粵": 2,
    "諾斯": 2,
    "th": 1,
    "uk": 1,
    "zxx": 1,
    "客": 1,
    "法": 1,
    "福建": 1,
    "芬蘭": 1,
    "total": 327
  },
  "占比": {
    "日": 0.363914373088685,
    "純音樂": 0.12538226299694188,
    "俄": 0.11009174311926606,
    "中": 0.10703363914373089,
    "英": 0.06116207951070336,
    "ja": 0.05504587155963303,
    "烏克蘭": 0.04281345565749235,
    "zh": 0.03058103975535168,
    "台": 0.012232415902140673,
    "希臘": 0.012232415902140673,
    "德": 0.012232415902140673,
    "西班牙": 0.009174311926605505,
    "ru": 0.0061162079510703364,
    "und": 0.0061162079510703364,
    "zh-Hant": 0.0061162079510703364,
    "拉丁": 0.0061162079510703364,
    "粵": 0.0061162079510703364,
    "諾斯": 0.0061162079510703364,
    "th": 0.0030581039755351682,
    "uk": 0.0030581039755351682,
    "zxx": 0.0030581039755351682,
    "客": 0.0030581039755351682,
    "法": 0.0030581039755351682,
    "福建": 0.0030581039755351682,
    "芬蘭": 0.0030581039755351682,
    "total": 1
  }
}