{
  "統計": {
    "日": 149,
    "純音樂": 58,
    "中": 45,
    "英": 32,
    "俄": 27,
    "台": 8,
    "德": 7,
    "粵": 6,
    "希臘": 5,
    "波蘭": 2,
    "烏克蘭": 2,
    "芬蘭": 2,
    "西班牙": 2,
    "unknown": 1,
    "zh": 1,
    "世界": 1,
    "南非": 1,
    "旁遮普": 1,
    "法": 1,
    "泰": 1,
    "羅馬尼亞": 1,
    "義": 1,
    "韓": 1,
    "total": 355
  },
  "占比": {
    "日": 0.4197183098591549,
    "純音樂": 0.16338028169014085,
    "中": 0.1267605633802817,
    "英": 0.09014084507042254,
    "俄": 0.07605633802816901,
    "台": 0.022535211267605635,
    "德": 0.01971830985915493,
    "粵": 0.016901408450704224,
    "希臘": 0.014084507042253521,
    "波蘭": 0.005633802816901409,
    "烏克蘭": 0.005633802816901409,
    "芬蘭": 0.005633802816901409,
    "西班牙": 0.005633802816901409,
    "unknown": 0.0028169014084507044,
    "zh": 0.0028169014084507044,
    "世界": 0.0028169014084507044,
    "南非": 0.0028169014084507044,
    "旁遮普": 0.0028169014084507044,
    "法": 0.0028169014084507044,
    "泰": 0.0028169014084507044,
    "羅馬尼亞": 0.0028169014084507044,
    "義": 0.0028169014084507044,
    "韓": 0.0028169014084507044,
    "total": 1
  }
}