{
  "統計": {
    "日": 97,
    "中": 24,
    "純音樂": 22,
    "英": 22,
    "俄": 18,
    "德": 5,
    "台": 4,
    "粵": 4,
    "希臘": 2,
    "法": 2,
    "波蘭": 2,
    "芬蘭": 2,
    "unknown": 1,
    "世界": 1,
    "客": 1,
    "義": 1,
    "西班牙": 1,
    "total": 209
  },
  "占比": {
    "日": 0.46411483253588515,
    "中": 0.11483253588516747,
    "純音樂": 0.10526315789473684,
    "英": 0.10526315789473684,
    "俄": 0.0861244019138756,
    "德": 0.023923444976076555,
    "台": 0.019138755980861243,
    "粵": 0.019138755980861243,
    "希臘": 0.009569377990430622,
    "法": 0.009569377990430622,
    "波蘭": 0.009569377990430622,
    "芬蘭": 0.009569377990430622,
    "unknown": 0.004784688995215311,
    "世界": 0.004784688995215311,
    "客": 0.004784688995215311,
    "義": 0.004784688995215311,
    "西班牙": 0.004784688995215311,
    "total": 1
  }
}