{
  "統計": {
    "日": 96,
    "英": 25,
    "純音樂": 21,
    "中": 20,
    "俄": 15,
    "台": 4,
    "德": 4,
    "粵": 4,
    "希臘": 2,
    "法": 2,
    "波蘭": 2,
    "芬蘭": 2,
    "en": 1,
    "世界": 1,
    "客": 1,
    "義": 1,
    "total": 201
  },
  "占比": {
    "日": 0.47761194029850745,
    "英": 0.12437810945273632,
    "純音樂": 0.1044776119402985,
    "中": 0.09950248756218906,
    "俄": 0.07462686567164178,
    "台": 0.01990049751243781,
    "德": 0.01990049751243781,
    "粵": 0.01990049751243781,
    "希臘": 0.009950248756218905,
    "法": 0.009950248756218905,
    "波蘭": 0.009950248756218905,
    "芬蘭": 0.009950248756218905,
    "en": 0.004975124378109453,
    "世界": 0.004975124378109453,
    "客": 0.004975124378109453,
    "義": 0.004975124378109453,
    "total": 1
  }
}