{
  "統計": {
    "日": 232,
    "純音樂": 108,
    "中": 69,
    "英": 46,
    "俄": 43,
    "粵": 13,
    "台": 9,
    "烏克蘭": 9,
    "德": 9,
    "希臘": 7,
    "芬蘭": 3,
    "韓": 3,
    "拉丁": 2,
    "波蘭": 2,
    "世界": 1,
    "希伯來": 1,
    "法": 1,
    "南非": 1,
    "客": 1,
    "泰": 1,
    "泰盧固": 1,
    "義": 1,
    "福建": 1,
    "諾斯": 1,
    "羅馬尼亞": 1,
    "total": 566
  },
  "占比": {
    "日": 0.4098939929328622,
    "純音樂": 0.19081272084805653,
    "中": 0.12190812720848057,
    "英": 0.0812720848056537,
    "俄": 0.07597173144876325,
    "粵": 0.022968197879858657,
    "台": 0.015901060070671377,
    "烏克蘭": 0.015901060070671377,
    "德": 0.015901060070671377,
    "希臘": 0.012367491166077738,
    "芬蘭": 0.00530035335689046,
    "韓": 0.00530035335689046,
    "拉丁": 0.0035335689045936395,
    "波蘭": 0.0035335689045936395,
    "世界": 0.0017667844522968198,
    "希伯來": 0.0017667844522968198,
    "法": 0.0017667844522968198,
    "南非": 0.0017667844522968198,
    "客": 0.0017667844522968198,
    "泰": 0.0017667844522968198,
    "泰盧固": 0.0017667844522968198,
    "義": 0.0017667844522968198,
    "福建": 0.0017667844522968198,
    "諾斯": 0.0017667844522968198,
    "羅馬尼亞": 0.0017667844522968198,
    "total": 1
  }
}