{
  "統計": {
    "日": 122,
    "純音樂": 46,
    "中": 34,
    "英": 23,
    "俄": 19,
    "德": 6,
    "台": 5,
    "粵": 5,
    "希臘": 4,
    "波蘭": 2,
    "烏克蘭": 2,
    "芬蘭": 2,
    "西班牙": 2,
    "ja": 1,
    "世界": 1,
    "南非": 1,
    "旁遮普": 1,
    "法": 1,
    "義": 1,
    "韓": 1,
    "total": 279
  },
  "占比": {
    "日": 0.43727598566308246,
    "純音樂": 0.16487455197132617,
    "中": 0.12186379928315412,
    "英": 0.08243727598566308,
    "俄": 0.06810035842293907,
    "德": 0.021505376344086023,
    "台": 0.017921146953405017,
    "粵": 0.017921146953405017,
    "希臘": 0.014336917562724014,
    "波蘭": 0.007168458781362007,
    "烏克蘭": 0.007168458781362007,
    "芬蘭": 0.007168458781362007,
    "西班牙": 0.007168458781362007,
    "ja": 0.0035842293906810036,
    "世界": 0.0035842293906810036,
    "南非": 0.0035842293906810036,
    "旁遮普": 0.0035842293906810036,
    "法": 0.0035842293906810036,
    "義": 0.0035842293906810036,
    "韓": 0.0035842293906810036,
    "total": 1
  }
}