{
  "統計": {
    "日": 154,
    "純音樂": 60,
    "中": 45,
    "英": 37,
    "俄": 30,
    "台": 9,
    "粵": 9,
    "德": 8,
    "希臘": 5,
    "西班牙": 3,
    "法": 2,
    "波蘭": 2,
    "烏克蘭": 2,
    "芬蘭": 2,
    "unknown": 1,
    "zh": 1,
    "zh-TW": 1,
    "世界": 1,
    "南非": 1,
    "旁遮普": 1,
    "泰": 1,
    "羅馬尼亞": 1,
    "義": 1,
    "韓": 1,
    "total": 378
  },
  "占比": {
    "日": 0.4074074074074074,
    "純音樂": 0.15873015873015872,
    "中": 0.11904761904761904,
    "英": 0.09788359788359788,
    "俄": 0.07936507936507936,
    "台": 0.023809523809523808,
    "粵": 0.023809523809523808,
    "德": 0.021164021164021163,
    "希臘": 0.013227513227513227,
    "西班牙": 0.007936507936507936,
    "法": 0.005291005291005291,
    "波蘭": 0.005291005291005291,
    "烏克蘭": 0.005291005291005291,
    "芬蘭": 0.005291005291005291,
    "unknown": 0.0026455026455026454,
    "zh": 0.0026455026455026454,
    "zh-TW": 0.0026455026455026454,
    "世界": 0.0026455026455026454,
    "南非": 0.0026455026455026454,
    "旁遮普": 0.0026455026455026454,
    "泰": 0.0026455026455026454,
    "羅馬尼亞": 0.0026455026455026454,
    "義": 0.0026455026455026454,
    "韓": 0.0026455026455026454,
    "total": 1
  }
}