{
  "統計": {
    "日": 230,
    "純音樂": 110,
    "中": 69,
    "英": 44,
    "俄": 36,
    "粵": 11,
    "台": 10,
    "德": 9,
    "unknown": 6,
    "希臘": 6,
    "芬蘭": 4,
    "西班牙": 3,
    "韓": 3,
    "ja": 2,
    "法": 2,
    "波蘭": 2,
    "烏克蘭": 2,
    "en": 1,
    "世界": 1,
    "南非": 1,
    "旁遮普": 1,
    "泰": 1,
    "羅馬尼亞": 1,
    "義": 1,
    "total": 556
  },
  "占比": {
    "日": 0.4136690647482014,
    "純音樂": 0.19784172661870503,
    "中": 0.12410071942446044,
    "英": 0.07913669064748201,
    "俄": 0.06474820143884892,
    "粵": 0.019784172661870502,
    "台": 0.017985611510791366,
    "德": 0.01618705035971223,
    "unknown": 0.01079136690647482,
    "希臘": 0.01079136690647482,
    "芬蘭": 0.007194244604316547,
    "西班牙": 0.00539568345323741,
    "韓": 0.00539568345323741,
    "ja": 0.0035971223021582736,
    "法": 0.0035971223021582736,
    "波蘭": 0.0035971223021582736,
    "烏克蘭": 0.0035971223021582736,
    "en": 0.0017985611510791368,
    "世界": 0.0017985611510791368,
    "南非": 0.0017985611510791368,
    "旁遮普": 0.0017985611510791368,
    "泰": 0.0017985611510791368,
    "羅馬尼亞": 0.0017985611510791368,
    "義": 0.0017985611510791368,
    "total": 1
  }
}