{
  "統計": {
    "日": 180,
    "純音樂": 90,
    "中": 60,
    "英": 41,
    "俄": 34,
    "粵": 11,
    "台": 10,
    "德": 9,
    "希臘": 6,
    "unknown": 3,
    "西班牙": 3,
    "韓": 3,
    "ja": 2,
    "法": 2,
    "波蘭": 2,
    "烏克蘭": 2,
    "芬蘭": 2,
    "世界": 1,
    "南非": 1,
    "旁遮普": 1,
    "泰": 1,
    "羅馬尼亞": 1,
    "義": 1,
    "total": 466
  },
  "占比": {
    "日": 0.38626609442060084,
    "純音樂": 0.19313304721030042,
    "中": 0.12875536480686695,
    "英": 0.08798283261802575,
    "俄": 0.07296137339055794,
    "粵": 0.023605150214592276,
    "台": 0.02145922746781116,
    "德": 0.019313304721030045,
    "希臘": 0.012875536480686695,
    "unknown": 0.006437768240343348,
    "西班牙": 0.006437768240343348,
    "韓": 0.006437768240343348,
    "ja": 0.004291845493562232,
    "法": 0.004291845493562232,
    "波蘭": 0.004291845493562232,
    "烏克蘭": 0.004291845493562232,
    "芬蘭": 0.004291845493562232,
    "世界": 0.002145922746781116,
    "南非": 0.002145922746781116,
    "旁遮普": 0.002145922746781116,
    "泰": 0.002145922746781116,
    "羅馬尼亞": 0.002145922746781116,
    "義": 0.002145922746781116,
    "total": 1
  }
}