{
  "統計": {
    "日": 90,
    "英": 25,
    "純音樂": 21,
    "中": 20,
    "俄": 15,
    "台": 4,
    "粵": 4,
    "德": 4,
    "法": 2,
    "波蘭": 2,
    "芬蘭": 2,
    "世界": 1,
    "希臘": 1,
    "客": 1,
    "義": 1,
    "total": 193
  },
  "占比": {
    "日": 0.46632124352331605,
    "英": 0.12953367875647667,
    "純音樂": 0.10880829015544041,
    "中": 0.10362694300518134,
    "俄": 0.07772020725388601,
    "台": 0.02072538860103627,
    "粵": 0.02072538860103627,
    "德": 0.02072538860103627,
    "法": 0.010362694300518135,
    "波蘭": 0.010362694300518135,
    "芬蘭": 0.010362694300518135,
    "世界": 0.0051813471502590676,
    "希臘": 0.0051813471502590676,
    "客": 0.0051813471502590676,
    "義": 0.0051813471502590676,
    "total": 1
  }
}