{
  "統計": {
    "日": 257,
    "純音樂": 115,
    "中": 77,
    "英": 49,
    "俄": 43,
    "粵": 15,
    "台": 9,
    "德": 8,
    "烏克蘭": 8,
    "希臘": 6,
    "芬蘭": 4,
    "西班牙": 3,
    "韓": 3,
    "unknown": 2,
    "法": 2,
    "波蘭": 2,
    "uk": 1,
    "zh-TW": 1,
    "世界": 1,
    "南非": 1,
    "旁遮普": 1,
    "泰": 1,
    "泰盧固": 1,
    "羅馬尼亞": 1,
    "義": 1,
    "total": 612
  },
  "占比": {
    "日": 0.4199346405228758,
    "純音樂": 0.18790849673202614,
    "中": 0.12581699346405228,
    "英": 0.08006535947712418,
    "俄": 0.07026143790849673,
    "粵": 0.024509803921568627,
    "台": 0.014705882352941176,
    "德": 0.013071895424836602,
    "烏克蘭": 0.013071895424836602,
    "希臘": 0.00980392156862745,
    "芬蘭": 0.006535947712418301,
    "西班牙": 0.004901960784313725,
    "韓": 0.004901960784313725,
    "unknown": 0.0032679738562091504,
    "法": 0.0032679738562091504,
    "波蘭": 0.0032679738562091504,
    "uk": 0.0016339869281045752,
    "zh-TW": 0.0016339869281045752,
    "世界": 0.0016339869281045752,
    "南非": 0.0016339869281045752,
    "旁遮普": 0.0016339869281045752,
    "泰": 0.0016339869281045752,
    "泰盧固": 0.0016339869281045752,
    "羅馬尼亞": 0.0016339869281045752,
    "義": 0.0016339869281045752,
    "total": 1
  }
}