{
  "統計": {
    "日": 210,
    "純音樂": 103,
    "中": 66,
    "英": 43,
    "俄": 36,
    "粵": 11,
    "台": 10,
    "德": 10,
    "希臘": 6,
    "芬蘭": 3,
    "西班牙": 3,
    "韓": 3,
    "法": 2,
    "波蘭": 2,
    "烏克蘭": 2,
    "世界": 1,
    "南非": 1,
    "旁遮普": 1,
    "泰": 1,
    "羅馬尼亞": 1,
    "義": 1,
    "total": 516
  },
  "占比": {
    "日": 0.4069767441860465,
    "純音樂": 0.1996124031007752,
    "中": 0.12790697674418605,
    "英": 0.08333333333333333,
    "俄": 0.06976744186046512,
    "粵": 0.02131782945736434,
    "台": 0.01937984496124031,
    "德": 0.01937984496124031,
    "希臘": 0.011627906976744186,
    "芬蘭": 0.005813953488372093,
    "西班牙": 0.005813953488372093,
    "韓": 0.005813953488372093,
    "法": 0.003875968992248062,
    "波蘭": 0.003875968992248062,
    "烏克蘭": 0.003875968992248062,
    "世界": 0.001937984496124031,
    "南非": 0.001937984496124031,
    "旁遮普": 0.001937984496124031,
    "泰": 0.001937984496124031,
    "羅馬尼亞": 0.001937984496124031,
    "義": 0.001937984496124031,
    "total": 1
  }
}