{
  "統計": {
    "日": 256,
    "純音樂": 117,
    "中": 77,
    "英": 49,
    "俄": 43,
    "粵": 15,
    "烏克蘭": 10,
    "台": 9,
    "德": 8,
    "希臘": 6,
    "unknown": 5,
    "芬蘭": 4,
    "西班牙": 3,
    "韓": 3,
    "法": 2,
    "波蘭": 2,
    "uk": 1,
    "zh-Hant": 1,
    "世界": 1,
    "南非": 1,
    "旁遮普": 1,
    "泰": 1,
    "泰盧固": 1,
    "羅馬尼亞": 1,
    "義": 1,
    "total": 618
  },
  "占比": {
    "日": 0.41423948220064727,
    "純音樂": 0.18932038834951456,
    "中": 0.12459546925566344,
    "英": 0.07928802588996764,
    "俄": 0.06957928802588997,
    "粵": 0.024271844660194174,
    "烏克蘭": 0.016181229773462782,
    "台": 0.014563106796116505,
    "德": 0.012944983818770227,
    "希臘": 0.009708737864077669,
    "unknown": 0.008090614886731391,
    "芬蘭": 0.006472491909385114,
    "西班牙": 0.0048543689320388345,
    "韓": 0.0048543689320388345,
    "法": 0.003236245954692557,
    "波蘭": 0.003236245954692557,
    "uk": 0.0016181229773462784,
    "zh-Hant": 0.0016181229773462784,
    "世界": 0.0016181229773462784,
    "南非": 0.0016181229773462784,
    "旁遮普": 0.0016181229773462784,
    "泰": 0.0016181229773462784,
    "泰盧固": 0.0016181229773462784,
    "羅馬尼亞": 0.0016181229773462784,
    "義": 0.0016181229773462784,
    "total": 1
  }
}