{
  "統計": {
    "日": 218,
    "純音樂": 97,
    "中": 65,
    "英": 44,
    "俄": 39,
    "ja": 19,
    "粵": 12,
    "德": 9,
    "en": 8,
    "台": 8,
    "烏克蘭": 8,
    "希臘": 7,
    "zh": 5,
    "und": 3,
    "芬蘭": 3,
    "韓": 3,
    "ru": 2,
    "波蘭": 2,
    "id": 1,
    "uk": 1,
    "zh-CN": 1,
    "zh-TW": 1,
    "世界": 1,
    "南非": 1,
    "希伯來": 1,
    "拉丁": 1,
    "法": 1,
    "泰": 1,
    "泰盧固": 1,
    "福建": 1,
    "羅馬尼亞": 1,
    "義": 1,
    "諾斯": 1,
    "total": 567
  },
  "占比": {
    "日": 0.3844797178130511,
    "純音樂": 0.1710758377425044,
    "中": 0.1146384479717813,
    "英": 0.07760141093474426,
    "俄": 0.06878306878306878,
    "ja": 0.03350970017636684,
    "粵": 0.021164021164021163,
    "德": 0.015873015873015872,
    "en": 0.014109347442680775,
    "台": 0.014109347442680775,
    "烏克蘭": 0.014109347442680775,
    "希臘": 0.012345679012345678,
    "zh": 0.008818342151675485,
    "und": 0.005291005291005291,
    "芬蘭": 0.005291005291005291,
    "韓": 0.005291005291005291,
    "ru": 0.003527336860670194,
    "波蘭": 0.003527336860670194,
    "id": 0.001763668430335097,
    "uk": 0.001763668430335097,
    "zh-CN": 0.001763668430335097,
    "zh-TW": 0.001763668430335097,
    "世界": 0.001763668430335097,
    "南非": 0.001763668430335097,
    "希伯來": 0.001763668430335097,
    "拉丁": 0.001763668430335097,
    "法": 0.001763668430335097,
    "泰": 0.001763668430335097,
    "泰盧固": 0.001763668430335097,
    "福建": 0.001763668430335097,
    "羅馬尼亞": 0.001763668430335097,
    "義": 0.001763668430335097,
    "諾斯": 0.001763668430335097,
    "total": 1
  }
}