{
  "統計": {
    "日": 84,
    "中": 30,
    "純音樂": 29,
    "俄": 25,
    "英": 14,
    "烏克蘭": 12,
    "希臘": 4,
    "台": 3,
    "西班牙": 3,
    "德": 3,
    "拉丁": 2,
    "諾斯": 2,
    "法": 1,
    "粵": 1,
    "福建": 1,
    "total": 214
  },
  "占比": {
    "日": 0.3925233644859813,
    "中": 0.14018691588785046,
    "純音樂": 0.13551401869158877,
    "俄": 0.11682242990654206,
    "英": 0.06542056074766354,
    "烏克蘭": 0.056074766355140186,
    "希臘": 0.018691588785046728,
    "台": 0.014018691588785047,
    "西班牙": 0.014018691588785047,
    "德": 0.014018691588785047,
    "拉丁": 0.009345794392523364,
    "諾斯": 0.009345794392523364,
    "法": 0.004672897196261682,
    "粵": 0.004672897196261682,
    "福建": 0.004672897196261682,
    "total": 1
  }
}