{
  "統計": {
    "日": 119,
    "純音樂": 41,
    "俄": 36,
    "中": 35,
    "英": 20,
    "烏克蘭": 14,
    "ja": 12,
    "zh": 10,
    "台": 4,
    "希臘": 4,
    "德": 4,
    "西班牙": 3,
    "und": 2,
    "zh-Hant": 2,
    "拉丁": 2,
    "粵": 2,
    "諾斯": 2,
    "ru": 1,
    "th": 1,
    "uk": 1,
    "zxx": 1,
    "客": 1,
    "法": 1,
    "福建": 1,
    "芬蘭": 1,
    "total": 320
  },
  "占比": {
    "日": 0.371875,
    "純音樂": 0.128125,
    "俄": 0.1125,
    "中": 0.109375,
    "英": 0.0625,
    "烏克蘭": 0.04375,
    "ja": 0.0375,
    "zh": 0.03125,
    "台": 0.0125,
    "希臘": 0.0125,
    "德": 0.0125,
    "西班牙": 0.009375,
    "und": 0.00625,
    "zh-Hant": 0.00625,
    "拉丁": 0.00625,
    "粵": 0.00625,
    "諾斯": 0.00625,
    "ru": 0.003125,
    "th": 0.003125,
    "uk": 0.003125,
    "zxx": 0.003125,
    "客": 0.003125,
    "法": 0.003125,
    "福建": 0.003125,
    "芬蘭": 0.003125,
    "total": 1
  }
}