{
  "統計": {
    "日": 230,
    "純音樂": 110,
    "中": 69,
    "英": 44,
    "俄": 36,
    "粵": 11,
    "台": 10,
    "德": 9,
    "unknown": 8,
    "希臘": 6,
    "芬蘭": 4,
    "西班牙": 3,
    "韓": 3,
    "ja": 2,
    "法": 2,
    "波蘭": 2,
    "烏克蘭": 2,
    "en": 1,
    "世界": 1,
    "南非": 1,
    "旁遮普": 1,
    "泰": 1,
    "羅馬尼亞": 1,
    "義": 1,
    "total": 558
  },
  "占比": {
    "日": 0.4121863799283154,
    "純音樂": 0.1971326164874552,
    "中": 0.12365591397849462,
    "英": 0.07885304659498207,
    "俄": 0.06451612903225806,
    "粵": 0.01971326164874552,
    "台": 0.017921146953405017,
    "德": 0.016129032258064516,
    "unknown": 0.014336917562724014,
    "希臘": 0.010752688172043012,
    "芬蘭": 0.007168458781362007,
    "西班牙": 0.005376344086021506,
    "韓": 0.005376344086021506,
    "ja": 0.0035842293906810036,
    "法": 0.0035842293906810036,
    "波蘭": 0.0035842293906810036,
    "烏克蘭": 0.0035842293906810036,
    "en": 0.0017921146953405018,
    "世界": 0.0017921146953405018,
    "南非": 0.0017921146953405018,
    "旁遮普": 0.0017921146953405018,
    "泰": 0.0017921146953405018,
    "羅馬尼亞": 0.0017921146953405018,
    "義": 0.0017921146953405018,
    "total": 1
  }
}