{
  "統計": {
    "日": 249,
    "純音樂": 115,
    "中": 74,
    "英": 47,
    "俄": 37,
    "粵": 12,
    "台": 9,
    "德": 9,
    "希臘": 6,
    "烏克蘭": 5,
    "芬蘭": 4,
    "unknown": 3,
    "西班牙": 3,
    "韓": 3,
    "ja": 2,
    "法": 2,
    "波蘭": 2,
    "zh-TW": 1,
    "世界": 1,
    "南非": 1,
    "旁遮普": 1,
    "泰": 1,
    "羅馬尼亞": 1,
    "義": 1,
    "total": 589
  },
  "占比": {
    "日": 0.4227504244482173,
    "純音樂": 0.19524617996604415,
    "中": 0.12563667232597622,
    "英": 0.07979626485568761,
    "俄": 0.06281833616298811,
    "粵": 0.02037351443123939,
    "台": 0.015280135823429542,
    "德": 0.015280135823429542,
    "希臘": 0.010186757215619695,
    "烏克蘭": 0.008488964346349746,
    "芬蘭": 0.006791171477079796,
    "unknown": 0.0050933786078098476,
    "西班牙": 0.0050933786078098476,
    "韓": 0.0050933786078098476,
    "ja": 0.003395585738539898,
    "法": 0.003395585738539898,
    "波蘭": 0.003395585738539898,
    "zh-TW": 0.001697792869269949,
    "世界": 0.001697792869269949,
    "南非": 0.001697792869269949,
    "旁遮普": 0.001697792869269949,
    "泰": 0.001697792869269949,
    "羅馬尼亞": 0.001697792869269949,
    "義": 0.001697792869269949,
    "total": 1
  }
}