{
  "統計": {
    "日": 126,
    "純音樂": 53,
    "中": 39,
    "英": 28,
    "俄": 24,
    "台": 7,
    "德": 7,
    "希臘": 5,
    "粵": 5,
    "ja": 3,
    "unknown": 2,
    "波蘭": 2,
    "烏克蘭": 2,
    "芬蘭": 2,
    "西班牙": 2,
    "世界": 1,
    "南非": 1,
    "旁遮普": 1,
    "法": 1,
    "泰": 1,
    "羅馬尼亞": 1,
    "義": 1,
    "韓": 1,
    "total": 315
  },
  "占比": {
    "日": 0.4,
    "純音樂": 0.16825396825396827,
    "中": 0.12380952380952381,
    "英": 0.08888888888888889,
    "俄": 0.0761904761904762,
    "台": 0.022222222222222223,
    "德": 0.022222222222222223,
    "希臘": 0.015873015873015872,
    "粵": 0.015873015873015872,
    "ja": 0.009523809523809525,
    "unknown": 0.006349206349206349,
    "波蘭": 0.006349206349206349,
    "烏克蘭": 0.006349206349206349,
    "芬蘭": 0.006349206349206349,
    "西班牙": 0.006349206349206349,
    "世界": 0.0031746031746031746,
    "南非": 0.0031746031746031746,
    "旁遮普": 0.0031746031746031746,
    "法": 0.0031746031746031746,
    "泰": 0.0031746031746031746,
    "羅馬尼亞": 0.0031746031746031746,
    "義": 0.0031746031746031746,
    "韓": 0.0031746031746031746,
    "total": 1
  }
}