{
  "統計": {
    "日": 180,
    "純音樂": 90,
    "中": 60,
    "英": 41,
    "俄": 34,
    "粵": 11,
    "台": 10,
    "德": 9,
    "希臘": 6,
    "西班牙": 3,
    "韓": 3,
    "unknown": 2,
    "法": 2,
    "波蘭": 2,
    "烏克蘭": 2,
    "芬蘭": 2,
    "世界": 1,
    "南非": 1,
    "旁遮普": 1,
    "泰": 1,
    "羅馬尼亞": 1,
    "義": 1,
    "total": 463
  },
  "占比": {
    "日": 0.38876889848812096,
    "純音樂": 0.19438444924406048,
    "中": 0.12958963282937366,
    "英": 0.08855291576673865,
    "俄": 0.0734341252699784,
    "粵": 0.023758099352051837,
    "台": 0.02159827213822894,
    "德": 0.019438444924406047,
    "希臘": 0.012958963282937365,
    "西班牙": 0.0064794816414686825,
    "韓": 0.0064794816414686825,
    "unknown": 0.004319654427645789,
    "法": 0.004319654427645789,
    "波蘭": 0.004319654427645789,
    "烏克蘭": 0.004319654427645789,
    "芬蘭": 0.004319654427645789,
    "世界": 0.0021598272138228943,
    "南非": 0.0021598272138228943,
    "旁遮普": 0.0021598272138228943,
    "泰": 0.0021598272138228943,
    "羅馬尼亞": 0.0021598272138228943,
    "義": 0.0021598272138228943,
    "total": 1
  }
}