{
  "統計": {
    "日": 156,
    "純音樂": 60,
    "中": 48,
    "英": 37,
    "俄": 30,
    "台": 10,
    "粵": 9,
    "unknown": 8,
    "德": 7,
    "希臘": 6,
    "西班牙": 3,
    "de": 2,
    "法": 2,
    "波蘭": 2,
    "烏克蘭": 2,
    "芬蘭": 2,
    "ja": 1,
    "zh-CN": 1,
    "zh-TW": 1,
    "世界": 1,
    "南非": 1,
    "旁遮普": 1,
    "泰": 1,
    "羅馬尼亞": 1,
    "義": 1,
    "韓": 1,
    "total": 394
  },
  "占比": {
    "日": 0.39593908629441626,
    "純音樂": 0.15228426395939088,
    "中": 0.12182741116751269,
    "英": 0.093908629441624369,
    "俄": 0.076142131979695438,
    "台": 0.025380710659898477,
    "粵": 0.022842639593908629,
    "unknown": 0.02030456852791878,
    "德": 0.017766497461928935,
    "希臘": 0.015228426395939087,
    "西班牙": 0.0076142131979695434,
    "de": 0.005076142131979695,
    "法": 0.005076142131979695,
    "波蘭": 0.005076142131979695,
    "烏克蘭": 0.005076142131979695,
    "芬蘭": 0.005076142131979695,
    "ja": 0.0025380710659898475,
    "zh-CN": 0.0025380710659898475,
    "zh-TW": 0.0025380710659898475,
    "世界": 0.0025380710659898475,
    "南非": 0.0025380710659898475,
    "旁遮普": 0.0025380710659898475,
    "泰": 0.0025380710659898475,
    "羅馬尼亞": 0.0025380710659898475,
    "義": 0.0025380710659898475,
    "韓": 0.0025380710659898475,
    "total": 1
  }
}