{
  "統計": {
    "日": 154,
    "純音樂": 60,
    "中": 45,
    "英": 37,
    "俄": 30,
    "台": 9,
    "粵": 9,
    "德": 8,
    "希臘": 5,
    "西班牙": 3,
    "法": 2,
    "波蘭": 2,
    "烏克蘭": 2,
    "芬蘭": 2,
    "ja": 1,
    "unknown": 1,
    "zh": 1,
    "zh-TW": 1,
    "世界": 1,
    "南非": 1,
    "旁遮普": 1,
    "泰": 1,
    "羅馬尼亞": 1,
    "義": 1,
    "韓": 1,
    "total": 379
  },
  "占比": {
    "日": 0.40633245382585753,
    "純音樂": 0.158311345646438,
    "中": 0.11873350923482849,
    "英": 0.09762532981530343,
    "俄": 0.079155672823219,
    "台": 0.023746701846965697,
    "粵": 0.023746701846965697,
    "德": 0.021108179419525065,
    "希臘": 0.013192612137203167,
    "西班牙": 0.0079155672823219,
    "法": 0.005277044854881266,
    "波蘭": 0.005277044854881266,
    "烏克蘭": 0.005277044854881266,
    "芬蘭": 0.005277044854881266,
    "ja": 0.002638522427440633,
    "unknown": 0.002638522427440633,
    "zh": 0.002638522427440633,
    "zh-TW": 0.002638522427440633,
    "世界": 0.002638522427440633,
    "南非": 0.002638522427440633,
    "旁遮普": 0.002638522427440633,
    "泰": 0.002638522427440633,
    "羅馬尼亞": 0.002638522427440633,
    "義": 0.002638522427440633,
    "韓": 0.002638522427440633,
    "total": 1
  }
}