{
  "統計": {
    "日": 96,
    "英": 25,
    "純音樂": 22,
    "中": 20,
    "俄": 16,
    "台": 4,
    "德": 4,
    "粵": 4,
    "希臘": 2,
    "法": 2,
    "波蘭": 2,
    "芬蘭": 2,
    "ru": 1,
    "世界": 1,
    "客": 1,
    "義": 1,
    "西班牙": 1,
    "total": 204
  },
  "占比": {
    "日": 0.47058823529411764,
    "英": 0.12254901960784313,
    "純音樂": 0.10784313725490197,
    "中": 0.09803921568627451,
    "俄": 0.0784313725490196,
    "台": 0.0196078431372549,
    "德": 0.0196078431372549,
    "粵": 0.0196078431372549,
    "希臘": 0.00980392156862745,
    "法": 0.00980392156862745,
    "波蘭": 0.00980392156862745,
    "芬蘭": 0.00980392156862745,
    "ru": 0.004901960784313725,
    "世界": 0.004901960784313725,
    "客": 0.004901960784313725,
    "義": 0.004901960784313725,
    "西班牙": 0.004901960784313725,
    "total": 1
  }
}