{
  "統計": {
    "日": 223,
    "純音樂": 103,
    "中": 65,
    "英": 45,
    "俄": 40,
    "粵": 12,
    "德": 9,
    "台": 8,
    "烏克蘭": 8,
    "ja": 7,
    "希臘": 7,
    "ru": 3,
    "芬蘭": 3,
    "韓": 3,
    "zh": 2,
    "zh-Hant": 2,
    "波蘭": 2,
    "ar": 1,
    "en": 1,
    "en-GB": 1,
    "世界": 1,
    "南非": 1,
    "客": 1,
    "希伯來": 1,
    "拉丁": 1,
    "法": 1,
    "泰": 1,
    "泰盧固": 1,
    "福建": 1,
    "羅馬尼亞": 1,
    "義": 1,
    "諾斯": 1,
    "total": 557
  },
  "占比": {
    "日": 0.400359066427289,
    "純音樂": 0.18491921005385997,
    "中": 0.11669658886894076,
    "英": 0.0807899461400359,
    "俄": 0.0718132854578097,
    "粵": 0.02154398563734291,
    "德": 0.01615798922800718,
    "台": 0.01436265709156194,
    "烏克蘭": 0.01436265709156194,
    "ja": 0.012567324955116697,
    "希臘": 0.012567324955116697,
    "ru": 0.005385996409335727,
    "芬蘭": 0.005385996409335727,
    "韓": 0.005385996409335727,
    "zh": 0.003590664272890485,
    "zh-Hant": 0.003590664272890485,
    "波蘭": 0.003590664272890485,
    "ar": 0.0017953321364452424,
    "en": 0.0017953321364452424,
    "en-GB": 0.0017953321364452424,
    "世界": 0.0017953321364452424,
    "南非": 0.0017953321364452424,
    "客": 0.0017953321364452424,
    "希伯來": 0.0017953321364452424,
    "拉丁": 0.0017953321364452424,
    "法": 0.0017953321364452424,
    "泰": 0.0017953321364452424,
    "泰盧固": 0.0017953321364452424,
    "福建": 0.0017953321364452424,
    "羅馬尼亞": 0.0017953321364452424,
    "義": 0.0017953321364452424,
    "諾斯": 0.0017953321364452424,
    "total": 1
  }
}