{
  "統計": {
    "日": 109,
    "中": 26,
    "俄": 25,
    "純音樂": 24,
    "英": 24,
    "粵": 9,
    "台": 5,
    "德": 5,
    "希臘": 3,
    "法": 2,
    "波蘭": 2,
    "芬蘭": 2,
    "世界": 1,
    "客": 1,
    "烏克蘭": 1,
    "義": 1,
    "total": 240
  },
  "占比": {
    "日": 0.45416666666666666,
    "中": 0.10833333333333334,
    "俄": 0.10416666666666667,
    "純音樂": 0.1,
    "英": 0.1,
    "粵": 0.0375,
    "台": 0.020833333333333332,
    "德": 0.020833333333333332,
    "希臘": 0.0125,
    "法": 0.008333333333333333,
    "波蘭": 0.008333333333333333,
    "芬蘭": 0.008333333333333333,
    "世界": 0.004166666666666667,
    "客": 0.004166666666666667,
    "烏克蘭": 0.004166666666666667,
    "義": 0.004166666666666667,
    "total": 1
  }
}