{
  "統計": {
    "日": 97,
    "中": 22,
    "英": 22,
    "純音樂": 22,
    "俄": 17,
    "德": 5,
    "台": 4,
    "粵": 4,
    "希臘": 2,
    "法": 2,
    "波蘭": 2,
    "芬蘭": 2,
    "世界": 1,
    "西班牙": 1,
    "客": 1,
    "義": 1,
    "total": 205
  },
  "占比": {
    "日": 0.47317073170731705,
    "中": 0.1073170731707317,
    "英": 0.1073170731707317,
    "純音樂": 0.1073170731707317,
    "俄": 0.08292682926829269,
    "德": 0.024390243902439025,
    "台": 0.01951219512195122,
    "粵": 0.01951219512195122,
    "希臘": 0.00975609756097561,
    "法": 0.00975609756097561,
    "波蘭": 0.00975609756097561,
    "芬蘭": 0.00975609756097561,
    "世界": 0.004878048780487805,
    "西班牙": 0.004878048780487805,
    "客": 0.004878048780487805,
    "義": 0.004878048780487805,
    "total": 1
  }
}