{
  "統計": {
    "日": 224,
    "純音樂": 91,
    "中": 66,
    "英": 45,
    "俄": 40,
    "粵": 13,
    "德": 9,
    "ja": 8,
    "台": 8,
    "希臘": 6,
    "烏克蘭": 6,
    "芬蘭": 4,
    "韓": 3,
    "波蘭": 2,
    "en": 1,
    "世界": 1,
    "南非": 1,
    "希伯來": 1,
    "法": 1,
    "泰": 1,
    "泰盧固": 1,
    "福建": 1,
    "羅馬尼亞": 1,
    "義": 1,
    "total": 535
  },
  "占比": {
    "日": 0.41869158878504675,
    "純音樂": 0.17009345794392525,
    "中": 0.1233644859813084,
    "英": 0.08411214953271028,
    "俄": 0.07476635514018691,
    "粵": 0.024299065420560748,
    "德": 0.016822429906542057,
    "ja": 0.014953271028037384,
    "台": 0.014953271028037384,
    "希臘": 0.011214953271028037,
    "烏克蘭": 0.011214953271028037,
    "芬蘭": 0.007476635514018692,
    "韓": 0.005607476635514018,
    "波蘭": 0.003738317757009346,
    "en": 0.001869158878504673,
    "世界": 0.001869158878504673,
    "南非": 0.001869158878504673,
    "希伯來": 0.001869158878504673,
    "法": 0.001869158878504673,
    "泰": 0.001869158878504673,
    "泰盧固": 0.001869158878504673,
    "福建": 0.001869158878504673,
    "羅馬尼亞": 0.001869158878504673,
    "義": 0.001869158878504673,
    "total": 1
  }
}