{
  "統計": {
    "日": 98,
    "中": 25,
    "純音樂": 23,
    "英": 23,
    "俄": 20,
    "粵": 6,
    "台": 5,
    "德": 5,
    "希臘": 2,
    "法": 2,
    "波蘭": 2,
    "芬蘭": 2,
    "ja": 1,
    "世界": 1,
    "客": 1,
    "義": 1,
    "西班牙": 1,
    "total": 218
  },
  "占比": {
    "日": 0.44954128440366975,
    "中": 0.11467889908256881,
    "純音樂": 0.10550458715596331,
    "英": 0.10550458715596331,
    "俄": 0.09174311926605505,
    "粵": 0.027522935779816515,
    "台": 0.022935779816513763,
    "德": 0.022935779816513763,
    "希臘": 0.009174311926605505,
    "法": 0.009174311926605505,
    "波蘭": 0.009174311926605505,
    "芬蘭": 0.009174311926605505,
    "ja": 0.0045871559633027525,
    "世界": 0.0045871559633027525,
    "客": 0.0045871559633027525,
    "義": 0.0045871559633027525,
    "西班牙": 0.0045871559633027525,
    "total": 1
  }
}