{
  "統計": {
    "日": 100,
    "中": 25,
    "英": 25,
    "純音樂": 23,
    "俄": 20,
    "粵": 7,
    "台": 6,
    "德": 4,
    "unknown": 3,
    "希臘": 3,
    "法": 2,
    "波蘭": 2,
    "芬蘭": 2,
    "zh-CN": 1,
    "世界": 1,
    "客": 1,
    "義": 1,
    "西班牙": 1,
    "total": 227
  },
  "占比": {
    "日": 0.44052863436123346,
    "中": 0.11013215859030837,
    "英": 0.11013215859030837,
    "純音樂": 0.1013215859030837,
    "俄": 0.088105726872246701,
    "粵": 0.030837004405286344,
    "台": 0.02643171806167401,
    "德": 0.017621145374449341,
    "unknown": 0.013215859030837005,
    "希臘": 0.013215859030837005,
    "法": 0.0088105726872246704,
    "波蘭": 0.0088105726872246704,
    "芬蘭": 0.0088105726872246704,
    "zh-CN": 0.0044052863436123352,
    "世界": 0.0044052863436123352,
    "客": 0.0044052863436123352,
    "義": 0.0044052863436123352,
    "西班牙": 0.0044052863436123352,
    "total": 1
  }
}