{
  "統計": {
    "日": 98,
    "中": 25,
    "純音樂": 23,
    "英": 22,
    "俄": 19,
    "台": 5,
    "德": 5,
    "粵": 5,
    "希臘": 2,
    "法": 2,
    "波蘭": 2,
    "芬蘭": 2,
    "世界": 1,
    "客": 1,
    "義": 1,
    "西班牙": 1,
    "total": 214
  },
  "占比": {
    "日": 0.45794392523364486,
    "中": 0.11682242990654206,
    "純音樂": 0.10747663551401869,
    "英": 0.102803738317757,
    "俄": 0.08878504672897196,
    "台": 0.02336448598130841,
    "德": 0.02336448598130841,
    "粵": 0.02336448598130841,
    "希臘": 0.009345794392523364,
    "法": 0.009345794392523364,
    "波蘭": 0.009345794392523364,
    "芬蘭": 0.009345794392523364,
    "世界": 0.004672897196261682,
    "客": 0.004672897196261682,
    "義": 0.004672897196261682,
    "西班牙": 0.004672897196261682,
    "total": 1
  }
}