{
  "統計": {
    "日": 229,
    "純音樂": 105,
    "中": 68,
    "英": 46,
    "俄": 43,
    "粵": 13,
    "台": 9,
    "德": 9,
    "烏克蘭": 8,
    "希臘": 7,
    "芬蘭": 3,
    "韓": 3,
    "波蘭": 2,
    "en": 1,
    "ja": 1,
    "uk": 1,
    "zh": 1,
    "世界": 1,
    "南非": 1,
    "客": 1,
    "希伯來": 1,
    "拉丁": 1,
    "法": 1,
    "泰": 1,
    "泰盧固": 1,
    "福建": 1,
    "羅馬尼亞": 1,
    "義": 1,
    "諾斯": 1,
    "total": 561
  },
  "占比": {
    "日": 0.40819964349376114,
    "純音樂": 0.18716577540106952,
    "中": 0.12121212121212122,
    "英": 0.08199643493761141,
    "俄": 0.0766488413547237,
    "粵": 0.023172905525846704,
    "台": 0.016042780748663103,
    "德": 0.016042780748663103,
    "烏克蘭": 0.0142602495543672,
    "希臘": 0.012477718360071301,
    "芬蘭": 0.0053475935828877,
    "韓": 0.0053475935828877,
    "波蘭": 0.0035650623885918,
    "en": 0.0017825311942959,
    "ja": 0.0017825311942959,
    "uk": 0.0017825311942959,
    "zh": 0.0017825311942959,
    "世界": 0.0017825311942959,
    "南非": 0.0017825311942959,
    "客": 0.0017825311942959,
    "希伯來": 0.0017825311942959,
    "拉丁": 0.0017825311942959,
    "法": 0.0017825311942959,
    "泰": 0.0017825311942959,
    "泰盧固": 0.0017825311942959,
    "福建": 0.0017825311942959,
    "羅馬尼亞": 0.0017825311942959,
    "義": 0.0017825311942959,
    "諾斯": 0.0017825311942959,
    "total": 1
  }
}