{
  "統計": {
    "日": 212,
    "純音樂": 105,
    "中": 68,
    "英": 43,
    "俄": 36,
    "粵": 11,
    "台": 10,
    "德": 9,
    "希臘": 6,
    "ja": 3,
    "unknown": 3,
    "芬蘭": 3,
    "西班牙": 3,
    "韓": 3,
    "法": 2,
    "波蘭": 2,
    "烏克蘭": 2,
    "zh-TW": 1,
    "世界": 1,
    "南非": 1,
    "旁遮普": 1,
    "泰": 1,
    "羅馬尼亞": 1,
    "義": 1,
    "total": 528
  },
  "占比": {
    "日": 0.4015151515151515,
    "純音樂": 0.19886363636363635,
    "中": 0.12878787878787878,
    "英": 0.08143939393939394,
    "俄": 0.06818181818181818,
    "粵": 0.020833333333333332,
    "台": 0.01893939393939394,
    "德": 0.017045454545454544,
    "希臘": 0.011363636363636364,
    "ja": 0.005681818181818182,
    "unknown": 0.005681818181818182,
    "芬蘭": 0.005681818181818182,
    "西班牙": 0.005681818181818182,
    "韓": 0.005681818181818182,
    "法": 0.003787878787878788,
    "波蘭": 0.003787878787878788,
    "烏克蘭": 0.003787878787878788,
    "zh-TW": 0.001893939393939394,
    "世界": 0.001893939393939394,
    "南非": 0.001893939393939394,
    "旁遮普": 0.001893939393939394,
    "泰": 0.001893939393939394,
    "羅馬尼亞": 0.001893939393939394,
    "義": 0.001893939393939394,
    "total": 1
  }
}