{
  "統計": {
    "日": 152,
    "純音樂": 58,
    "中": 45,
    "英": 35,
    "俄": 30,
    "粵": 9,
    "台": 8,
    "德": 8,
    "希臘": 5,
    "西班牙": 3,
    "法": 2,
    "波蘭": 2,
    "烏克蘭": 2,
    "芬蘭": 2,
    "ja": 1,
    "unknown": 1,
    "世界": 1,
    "南非": 1,
    "旁遮普": 1,
    "泰": 1,
    "羅馬尼亞": 1,
    "義": 1,
    "韓": 1,
    "total": 370
  },
  "占比": {
    "日": 0.41081081081081083,
    "純音樂": 0.15675675675675677,
    "中": 0.12162162162162163,
    "英": 0.0945945945945946,
    "俄": 0.08108108108108109,
    "粵": 0.024324324324324326,
    "台": 0.021621621621621623,
    "德": 0.021621621621621623,
    "希臘": 0.013513513513513514,
    "西班牙": 0.008108108108108109,
    "法": 0.005405405405405406,
    "波蘭": 0.005405405405405406,
    "烏克蘭": 0.005405405405405406,
    "芬蘭": 0.005405405405405406,
    "ja": 0.002702702702702703,
    "unknown": 0.002702702702702703,
    "世界": 0.002702702702702703,
    "南非": 0.002702702702702703,
    "旁遮普": 0.002702702702702703,
    "泰": 0.002702702702702703,
    "羅馬尼亞": 0.002702702702702703,
    "義": 0.002702702702702703,
    "韓": 0.002702702702702703,
    "total": 1
  }
}