{
  "統計": {
    "日": 240,
    "純音樂": 114,
    "中": 73,
    "英": 47,
    "俄": 37,
    "粵": 12,
    "台": 10,
    "德": 9,
    "unknown": 6,
    "希臘": 6,
    "烏克蘭": 5,
    "芬蘭": 4,
    "西班牙": 3,
    "韓": 3,
    "法": 2,
    "波蘭": 2,
    "ja": 1,
    "世界": 1,
    "南非": 1,
    "旁遮普": 1,
    "泰": 1,
    "羅馬尼亞": 1,
    "義": 1,
    "total": 580
  },
  "占比": {
    "日": 0.41379310344827586,
    "純音樂": 0.19655172413793104,
    "中": 0.12586206896551724,
    "英": 0.08103448275862069,
    "俄": 0.06379310344827586,
    "粵": 0.020689655172413793,
    "台": 0.017241379310344827,
    "德": 0.015517241379310345,
    "unknown": 0.010344827586206896,
    "希臘": 0.010344827586206896,
    "烏克蘭": 0.008620689655172414,
    "芬蘭": 0.006896551724137931,
    "西班牙": 0.005172413793103448,
    "韓": 0.005172413793103448,
    "法": 0.0034482758620689655,
    "波蘭": 0.0034482758620689655,
    "ja": 0.0017241379310344827,
    "世界": 0.0017241379310344827,
    "南非": 0.0017241379310344827,
    "旁遮普": 0.0017241379310344827,
    "泰": 0.0017241379310344827,
    "羅馬尼亞": 0.0017241379310344827,
    "義": 0.0017241379310344827,
    "total": 1
  }
}