{
  "統計": {
    "日": 253,
    "純音樂": 115,
    "中": 74,
    "英": 47,
    "俄": 37,
    "粵": 14,
    "台": 9,
    "德": 9,
    "希臘": 6,
    "烏克蘭": 5,
    "芬蘭": 4,
    "uk": 3,
    "西班牙": 3,
    "韓": 3,
    "ru": 2,
    "unknown": 2,
    "法": 2,
    "波蘭": 2,
    "世界": 1,
    "南非": 1,
    "旁遮普": 1,
    "泰": 1,
    "泰盧固": 1,
    "羅馬尼亞": 1,
    "義": 1,
    "total": 597
  },
  "占比": {
    "日": 0.423785594639866,
    "純音樂": 0.19262981574539365,
    "中": 0.12395309882747069,
    "英": 0.07872696817420435,
    "俄": 0.06197654941373534,
    "粵": 0.023450586264656615,
    "台": 0.01507537688442211,
    "德": 0.01507537688442211,
    "希臘": 0.010050251256281407,
    "烏克蘭": 0.008375209380234505,
    "芬蘭": 0.006700167504187605,
    "uk": 0.005025125628140704,
    "西班牙": 0.005025125628140704,
    "韓": 0.005025125628140704,
    "ru": 0.0033500837520938024,
    "unknown": 0.0033500837520938024,
    "法": 0.0033500837520938024,
    "波蘭": 0.0033500837520938024,
    "世界": 0.0016750418760469012,
    "南非": 0.0016750418760469012,
    "旁遮普": 0.0016750418760469012,
    "泰": 0.0016750418760469012,
    "泰盧固": 0.0016750418760469012,
    "羅馬尼亞": 0.0016750418760469012,
    "義": 0.0016750418760469012,
    "total": 1
  }
}