{
  "統計": {
    "日": 169,
    "純音樂": 65,
    "中": 55,
    "英": 39,
    "俄": 32,
    "台": 10,
    "粵": 10,
    "德": 9,
    "希臘": 6,
    "unknown": 3,
    "西班牙": 3,
    "法": 2,
    "波蘭": 2,
    "烏克蘭": 2,
    "芬蘭": 2,
    "ja": 1,
    "世界": 1,
    "南非": 1,
    "旁遮普": 1,
    "泰": 1,
    "羅馬尼亞": 1,
    "義": 1,
    "韓": 1,
    "total": 417
  },
  "占比": {
    "日": 0.4052757793764988,
    "純音樂": 0.15587529976019185,
    "中": 0.13189448441247004,
    "英": 0.09352517985611511,
    "俄": 0.07673860911270983,
    "台": 0.023980815347721823,
    "粵": 0.023980815347721823,
    "德": 0.02158273381294964,
    "希臘": 0.014388489208633094,
    "unknown": 0.007194244604316547,
    "西班牙": 0.007194244604316547,
    "法": 0.004796163069544364,
    "波蘭": 0.004796163069544364,
    "烏克蘭": 0.004796163069544364,
    "芬蘭": 0.004796163069544364,
    "ja": 0.002398081534772182,
    "世界": 0.002398081534772182,
    "南非": 0.002398081534772182,
    "旁遮普": 0.002398081534772182,
    "泰": 0.002398081534772182,
    "羅馬尼亞": 0.002398081534772182,
    "義": 0.002398081534772182,
    "韓": 0.002398081534772182,
    "total": 1
  }
}