{
  "統計": {
    "日": 163,
    "純音樂": 63,
    "中": 52,
    "英": 38,
    "俄": 31,
    "台": 10,
    "德": 9,
    "粵": 9,
    "希臘": 6,
    "unknown": 4,
    "西班牙": 3,
    "法": 2,
    "波蘭": 2,
    "烏克蘭": 2,
    "芬蘭": 2,
    "ja": 1,
    "yue": 1,
    "世界": 1,
    "南非": 1,
    "旁遮普": 1,
    "泰": 1,
    "羅馬尼亞": 1,
    "義": 1,
    "韓": 1,
    "total": 405
  },
  "占比": {
    "日": 0.4024691358024691,
    "純音樂": 0.15555555555555556,
    "中": 0.12839506172839507,
    "英": 0.09382716049382717,
    "俄": 0.07654320987654321,
    "台": 0.024691358024691357,
    "德": 0.022222222222222223,
    "粵": 0.022222222222222223,
    "希臘": 0.014814814814814815,
    "unknown": 0.009876543209876543,
    "西班牙": 0.007407407407407408,
    "法": 0.0049382716049382715,
    "波蘭": 0.0049382716049382715,
    "烏克蘭": 0.0049382716049382715,
    "芬蘭": 0.0049382716049382715,
    "ja": 0.0024691358024691358,
    "yue": 0.0024691358024691358,
    "世界": 0.0024691358024691358,
    "南非": 0.0024691358024691358,
    "旁遮普": 0.0024691358024691358,
    "泰": 0.0024691358024691358,
    "羅馬尼亞": 0.0024691358024691358,
    "義": 0.0024691358024691358,
    "韓": 0.0024691358024691358,
    "total": 1
  }
}