{
  "統計": {
    "日": 93,
    "英": 25,
    "純音樂": 21,
    "中": 20,
    "俄": 15,
    "台": 4,
    "粵": 4,
    "德": 4,
    "法": 2,
    "波蘭": 2,
    "芬蘭": 2,
    "世界": 1,
    "希臘": 1,
    "客": 1,
    "義": 1,
    "total": 196
  },
  "占比": {
    "日": 0.4744897959183674,
    "英": 0.12755102040816327,
    "純音樂": 0.10714285714285714,
    "中": 0.10204081632653061,
    "俄": 0.07653061224489796,
    "台": 0.02040816326530612,
    "粵": 0.02040816326530612,
    "德": 0.02040816326530612,
    "法": 0.01020408163265306,
    "波蘭": 0.01020408163265306,
    "芬蘭": 0.01020408163265306,
    "世界": 0.00510204081632653,
    "希臘": 0.00510204081632653,
    "客": 0.00510204081632653,
    "義": 0.00510204081632653,
    "total": 1
  }
}