{
  "統計": {
    "日": 104,
    "中": 25,
    "英": 25,
    "純音樂": 24,
    "俄": 22,
    "粵": 8,
    "台": 5,
    "德": 5,
    "希臘": 3,
    "法": 2,
    "波蘭": 2,
    "芬蘭": 2,
    "世界": 1,
    "客": 1,
    "烏克蘭": 1,
    "義": 1,
    "西班牙": 1,
    "total": 232
  },
  "占比": {
    "日": 0.4482758620689655,
    "中": 0.10775862068965517,
    "英": 0.10775862068965517,
    "純音樂": 0.10344827586206896,
    "俄": 0.09482758620689655,
    "粵": 0.034482758620689655,
    "台": 0.021551724137931036,
    "德": 0.021551724137931036,
    "希臘": 0.01293103448275862,
    "法": 0.008620689655172414,
    "波蘭": 0.008620689655172414,
    "芬蘭": 0.008620689655172414,
    "世界": 0.004310344827586207,
    "客": 0.004310344827586207,
    "烏克蘭": 0.004310344827586207,
    "義": 0.004310344827586207,
    "西班牙": 0.004310344827586207,
    "total": 1
  }
}