{
  "統計": {
    "日": 240,
    "純音樂": 114,
    "中": 73,
    "英": 47,
    "俄": 37,
    "粵": 12,
    "台": 10,
    "德": 9,
    "希臘": 6,
    "烏克蘭": 5,
    "芬蘭": 4,
    "西班牙": 3,
    "韓": 3,
    "法": 2,
    "波蘭": 2,
    "世界": 1,
    "南非": 1,
    "旁遮普": 1,
    "泰": 1,
    "羅馬尼亞": 1,
    "義": 1,
    "total": 573
  },
  "占比": {
    "日": 0.418848167539267,
    "純音樂": 0.19895287958115182,
    "中": 0.1273996509598604,
    "英": 0.08202443280977312,
    "俄": 0.06457242582897033,
    "粵": 0.020942408376963352,
    "台": 0.017452006980802792,
    "德": 0.015706806282722512,
    "希臘": 0.010471204188481676,
    "烏克蘭": 0.008726003490401396,
    "芬蘭": 0.006980802792321117,
    "西班牙": 0.005235602094240838,
    "韓": 0.005235602094240838,
    "法": 0.0034904013961605585,
    "波蘭": 0.0034904013961605585,
    "世界": 0.0017452006980802793,
    "南非": 0.0017452006980802793,
    "旁遮普": 0.0017452006980802793,
    "泰": 0.0017452006980802793,
    "羅馬尼亞": 0.0017452006980802793,
    "義": 0.0017452006980802793,
    "total": 1
  }
}