{
  "統計": {
    "日": 218,
    "純音樂": 97,
    "中": 65,
    "英": 44,
    "俄": 39,
    "ja": 18,
    "粵": 12,
    "德": 9,
    "en": 8,
    "台": 8,
    "烏克蘭": 8,
    "希臘": 7,
    "zh": 5,
    "und": 3,
    "芬蘭": 3,
    "韓": 3,
    "ru": 2,
    "波蘭": 2,
    "id": 1,
    "uk": 1,
    "zh-CN": 1,
    "zh-TW": 1,
    "世界": 1,
    "南非": 1,
    "希伯來": 1,
    "拉丁": 1,
    "法": 1,
    "泰": 1,
    "泰盧固": 1,
    "福建": 1,
    "羅馬尼亞": 1,
    "義": 1,
    "諾斯": 1,
    "total": 566
  },
  "占比": {
    "日": 0.38515901060070673,
    "純音樂": 0.17137809187279152,
    "中": 0.11484098939929328,
    "英": 0.07773851590106007,
    "俄": 0.06890459363957598,
    "ja": 0.03180212014134275,
    "粵": 0.02120141342756184,
    "德": 0.015901060070671377,
    "en": 0.014134275618374558,
    "台": 0.014134275618374558,
    "烏克蘭": 0.014134275618374558,
    "希臘": 0.012367491166077738,
    "zh": 0.0088339222614841,
    "und": 0.00530035335689046,
    "芬蘭": 0.00530035335689046,
    "韓": 0.00530035335689046,
    "ru": 0.0035335689045936395,
    "波蘭": 0.0035335689045936395,
    "id": 0.0017667844522968198,
    "uk": 0.0017667844522968198,
    "zh-CN": 0.0017667844522968198,
    "zh-TW": 0.0017667844522968198,
    "世界": 0.0017667844522968198,
    "南非": 0.0017667844522968198,
    "希伯來": 0.0017667844522968198,
    "拉丁": 0.0017667844522968198,
    "法": 0.0017667844522968198,
    "泰": 0.0017667844522968198,
    "泰盧固": 0.0017667844522968198,
    "福建": 0.0017667844522968198,
    "羅馬尼亞": 0.0017667844522968198,
    "義": 0.0017667844522968198,
    "諾斯": 0.0017667844522968198,
    "total": 1
  }
}