{
  "統計": {
    "日": 119,
    "純音樂": 41,
    "俄": 36,
    "中": 35,
    "英": 20,
    "烏克蘭": 14,
    "台": 4,
    "希臘": 4,
    "德": 4,
    "西班牙": 3,
    "拉丁": 2,
    "粵": 2,
    "諾斯": 2,
    "ru": 1,
    "客": 1,
    "法": 1,
    "福建": 1,
    "芬蘭": 1,
    "total": 291
  },
  "占比": {
    "日": 0.40893470790378006,
    "純音樂": 0.140893470790378,
    "俄": 0.12371134020618557,
    "中": 0.12027491408934708,
    "英": 0.06872852233676977,
    "烏克蘭": 0.048109965635738834,
    "台": 0.013745704467353952,
    "希臘": 0.013745704467353952,
    "德": 0.013745704467353952,
    "西班牙": 0.010309278350515464,
    "拉丁": 0.006872852233676976,
    "粵": 0.006872852233676976,
    "諾斯": 0.006872852233676976,
    "ru": 0.003436426116838488,
    "客": 0.003436426116838488,
    "法": 0.003436426116838488,
    "福建": 0.003436426116838488,
    "芬蘭": 0.003436426116838488,
    "total": 1
  }
}