{
  "統計": {
    "日": 123,
    "純音樂": 46,
    "中": 34,
    "英": 23,
    "俄": 20,
    "德": 6,
    "台": 5,
    "粵": 5,
    "希臘": 4,
    "波蘭": 2,
    "烏克蘭": 2,
    "芬蘭": 2,
    "西班牙": 2,
    "世界": 1,
    "南非": 1,
    "旁遮普": 1,
    "法": 1,
    "義": 1,
    "韓": 1,
    "total": 280
  },
  "占比": {
    "日": 0.4392857142857143,
    "純音樂": 0.16428571428571428,
    "中": 0.12142857142857143,
    "英": 0.08214285714285714,
    "俄": 0.07142857142857142,
    "德": 0.02142857142857143,
    "台": 0.017857142857142856,
    "粵": 0.017857142857142856,
    "希臘": 0.014285714285714285,
    "波蘭": 0.007142857142857143,
    "烏克蘭": 0.007142857142857143,
    "芬蘭": 0.007142857142857143,
    "西班牙": 0.007142857142857143,
    "世界": 0.0035714285714285713,
    "南非": 0.0035714285714285713,
    "旁遮普": 0.0035714285714285713,
    "法": 0.0035714285714285713,
    "義": 0.0035714285714285713,
    "韓": 0.0035714285714285713,
    "total": 1
  }
}