{
  "統計": {
    "日": 137,
    "純音樂": 54,
    "中": 41,
    "英": 31,
    "俄": 26,
    "台": 8,
    "德": 7,
    "希臘": 5,
    "粵": 5,
    "unknown": 2,
    "波蘭": 2,
    "烏克蘭": 2,
    "芬蘭": 2,
    "西班牙": 2,
    "世界": 1,
    "南非": 1,
    "旁遮普": 1,
    "法": 1,
    "泰": 1,
    "羅馬尼亞": 1,
    "義": 1,
    "韓": 1,
    "total": 332
  },
  "占比": {
    "日": 0.4126506024096386,
    "純音樂": 0.16265060240963855,
    "中": 0.12349397590361445,
    "英": 0.09337349397590361,
    "俄": 0.0783132530120482,
    "台": 0.024096385542168676,
    "德": 0.02108433734939759,
    "希臘": 0.015060240963855422,
    "粵": 0.015060240963855422,
    "unknown": 0.006024096385542169,
    "波蘭": 0.006024096385542169,
    "烏克蘭": 0.006024096385542169,
    "芬蘭": 0.006024096385542169,
    "西班牙": 0.006024096385542169,
    "世界": 0.0030120481927710845,
    "南非": 0.0030120481927710845,
    "旁遮普": 0.0030120481927710845,
    "法": 0.0030120481927710845,
    "泰": 0.0030120481927710845,
    "羅馬尼亞": 0.0030120481927710845,
    "義": 0.0030120481927710845,
    "韓": 0.0030120481927710845,
    "total": 1
  }
}