{
  "統計": {
    "ja": 159,
    "en": 53,
    "ru": 39,
    "zh": 36,
    "zh-TW": 20,
    "uk": 15,
    "und": 7,
    "zh-Hant": 5,
    "de": 3,
    "en-US": 3,
    "ko": 3,
    "es": 2,
    "id": 2,
    "ar": 1,
    "da": 1,
    "el": 1,
    "en-CA": 1,
    "en-GB": 1,
    "fi": 1,
    "fr-CA": 1,
    "is": 1,
    "it": 1,
    "la": 1,
    "th": 1,
    "unknown": 1,
    "zh-CN": 1,
    "zh-Hans": 1,
    "zh-HK": 1,
    "zxx": 1,
    "total": 363
  },
  "占比": {
    "ja": 0.4380165289256198,
    "en": 0.14600550964187328,
    "ru": 0.10743801652892562,
    "zh": 0.09917355371900827,
    "zh-TW": 0.05509641873278237,
    "uk": 0.04132231404958678,
    "und": 0.01928374655647383,
    "zh-Hant": 0.013774104683195593,
    "de": 0.008264462809917356,
    "en-US": 0.008264462809917356,
    "ko": 0.008264462809917356,
    "es": 0.005509641873278237,
    "id": 0.005509641873278237,
    "ar": 0.0027548209366391185,
    "da": 0.0027548209366391185,
    "el": 0.0027548209366391185,
    "en-CA": 0.0027548209366391185,
    "en-GB": 0.0027548209366391185,
    "fi": 0.0027548209366391185,
    "fr-CA": 0.0027548209366391185,
    "is": 0.0027548209366391185,
    "it": 0.0027548209366391185,
    "la": 0.0027548209366391185,
    "th": 0.0027548209366391185,
    "unknown": 0.0027548209366391185,
    "zh-CN": 0.0027548209366391185,
    "zh-Hans": 0.0027548209366391185,
    "zh-HK": 0.0027548209366391185,
    "zxx": 0.0027548209366391185,
    "total": 1
  }
}