{
  "統計": {
    "日": 103,
    "中": 25,
    "英": 25,
    "純音樂": 23,
    "俄": 21,
    "粵": 8,
    "台": 5,
    "德": 5,
    "希臘": 3,
    "法": 2,
    "波蘭": 2,
    "芬蘭": 2,
    "世界": 1,
    "客": 1,
    "義": 1,
    "西班牙": 1,
    "total": 228
  },
  "占比": {
    "日": 0.4517543859649123,
    "中": 0.10964912280701754,
    "英": 0.10964912280701754,
    "純音樂": 0.10087719298245613,
    "俄": 0.09210526315789473,
    "粵": 0.03508771929824561,
    "台": 0.021929824561403508,
    "德": 0.021929824561403508,
    "希臘": 0.013157894736842105,
    "法": 0.008771929824561403,
    "波蘭": 0.008771929824561403,
    "芬蘭": 0.008771929824561403,
    "世界": 0.0043859649122807015,
    "客": 0.0043859649122807015,
    "義": 0.0043859649122807015,
    "西班牙": 0.0043859649122807015,
    "total": 1
  }
}