{
  "統計": {
    "日": 108,
    "純音樂": 40,
    "中": 31,
    "英": 23,
    "俄": 18,
    "粵": 5,
    "德": 5,
    "台": 4,
    "希臘": 4,
    "波": 2,
    "芬": 2,
    "烏克蘭": 2,
    "世界": 1,
    "西班牙": 1,
    "法": 1,
    "南非": 1,
    "旁遮普": 1,
    "義": 1,
    "韓": 1,
    "total": 251
  },
  "占比": {
    "日": 0.4302788844621514,
    "純音樂": 0.1593625498007968,
    "中": 0.12350597609561753,
    "英": 0.09163346613545817,
    "俄": 0.07171314741035857,
    "粵": 0.0199203187250996,
    "德": 0.0199203187250996,
    "台": 0.01593625498007968,
    "希臘": 0.01593625498007968,
    "波": 0.00796812749003984,
    "芬": 0.00796812749003984,
    "烏克蘭": 0.00796812749003984,
    "世界": 0.00398406374501992,
    "西班牙": 0.00398406374501992,
    "法": 0.00398406374501992,
    "南非": 0.00398406374501992,
    "旁遮普": 0.00398406374501992,
    "義": 0.00398406374501992,
    "韓": 0.00398406374501992,
    "total": 1
  }
}