{
  "統計": {
    "日": 95,
    "中": 22,
    "純音樂": 22,
    "英": 22,
    "俄": 17,
    "台": 4,
    "德": 4,
    "粵": 4,
    "希臘": 2,
    "法": 2,
    "波蘭": 2,
    "芬蘭": 2,
    "世界": 1,
    "客": 1,
    "義": 1,
    "西班牙": 1,
    "total": 202
  },
  "占比": {
    "日": 0.47029702970297027,
    "中": 0.10891089108910891,
    "純音樂": 0.10891089108910891,
    "英": 0.10891089108910891,
    "俄": 0.08415841584158416,
    "台": 0.019801980198019802,
    "德": 0.019801980198019802,
    "粵": 0.019801980198019802,
    "希臘": 0.009900990099009901,
    "法": 0.009900990099009901,
    "波蘭": 0.009900990099009901,
    "芬蘭": 0.009900990099009901,
    "世界": 0.0049504950495049506,
    "客": 0.0049504950495049506,
    "義": 0.0049504950495049506,
    "西班牙": 0.0049504950495049506,
    "total": 1
  }
}