{
  "統計": {
    "日": 255,
    "純音樂": 115,
    "中": 78,
    "英": 48,
    "俄": 42,
    "粵": 15,
    "台": 9,
    "德": 8,
    "烏克蘭": 8,
    "希臘": 6,
    "芬蘭": 4,
    "unknown": 3,
    "西班牙": 3,
    "韓": 3,
    "法": 2,
    "波蘭": 2,
    "ja": 1,
    "世界": 1,
    "南非": 1,
    "旁遮普": 1,
    "泰": 1,
    "泰盧固": 1,
    "羅馬尼亞": 1,
    "義": 1,
    "total": 609
  },
  "占比": {
    "日": 0.4187192118226601,
    "純音樂": 0.18883415435139572,
    "中": 0.12807881773399016,
    "英": 0.07881773399014778,
    "俄": 0.06896551724137931,
    "粵": 0.024630541871921183,
    "台": 0.014778325123152709,
    "德": 0.013136288998357963,
    "烏克蘭": 0.013136288998357963,
    "希臘": 0.009852216748768473,
    "芬蘭": 0.006568144499178982,
    "unknown": 0.0049261083743842365,
    "西班牙": 0.0049261083743842365,
    "韓": 0.0049261083743842365,
    "法": 0.003284072249589491,
    "波蘭": 0.003284072249589491,
    "ja": 0.0016420361247947454,
    "世界": 0.0016420361247947454,
    "南非": 0.0016420361247947454,
    "旁遮普": 0.0016420361247947454,
    "泰": 0.0016420361247947454,
    "泰盧固": 0.0016420361247947454,
    "羅馬尼亞": 0.0016420361247947454,
    "義": 0.0016420361247947454,
    "total": 1
  }
}