{
  "統計": {
    "日": 172,
    "純音樂": 68,
    "中": 55,
    "英": 40,
    "俄": 32,
    "粵": 11,
    "台": 10,
    "德": 9,
    "希臘": 6,
    "西班牙": 3,
    "法": 2,
    "波蘭": 2,
    "烏克蘭": 2,
    "芬蘭": 2,
    "世界": 1,
    "南非": 1,
    "旁遮普": 1,
    "泰": 1,
    "羅馬尼亞": 1,
    "義": 1,
    "韓": 1,
    "total": 421
  },
  "占比": {
    "日": 0.4085510688836104,
    "純音樂": 0.16152019002375298,
    "中": 0.13064133016627077,
    "英": 0.09501187648456057,
    "俄": 0.07600950118764846,
    "粵": 0.026128266033254157,
    "台": 0.023752969121140142,
    "德": 0.021377672209026127,
    "希臘": 0.014251781472684086,
    "西班牙": 0.007125890736342043,
    "法": 0.004750593824228029,
    "波蘭": 0.004750593824228029,
    "烏克蘭": 0.004750593824228029,
    "芬蘭": 0.004750593824228029,
    "世界": 0.0023752969121140144,
    "南非": 0.0023752969121140144,
    "旁遮普": 0.0023752969121140144,
    "泰": 0.0023752969121140144,
    "羅馬尼亞": 0.0023752969121140144,
    "義": 0.0023752969121140144,
    "韓": 0.0023752969121140144,
    "total": 1
  }
}