{
  "統計": {
    "日": 149,
    "純音樂": 54,
    "中": 51,
    "俄": 42,
    "英": 24,
    "烏克蘭": 18,
    "台": 5,
    "粵": 5,
    "unknown": 4,
    "希臘": 4,
    "德": 4,
    "西班牙": 3,
    "拉丁": 2,
    "諾斯": 2,
    "阿拉伯": 2,
    "ja": 1,
    "zh-HK": 1,
    "客": 1,
    "法": 1,
    "泰": 1,
    "福建": 1,
    "粵語": 1,
    "芬蘭": 1,
    "阿美": 1,
    "total": 378
  },
  "占比": {
    "日": 0.3941798941798942,
    "純音樂": 0.14285714285714285,
    "中": 0.1349206349206349,
    "俄": 0.1111111111111111,
    "英": 0.06349206349206349,
    "烏克蘭": 0.047619047619047616,
    "台": 0.013227513227513227,
    "粵": 0.013227513227513227,
    "unknown": 0.010582010582010581,
    "希臘": 0.010582010582010581,
    "德": 0.010582010582010581,
    "西班牙": 0.007936507936507936,
    "拉丁": 0.005291005291005291,
    "諾斯": 0.005291005291005291,
    "阿拉伯": 0.005291005291005291,
    "ja": 0.0026455026455026454,
    "zh-HK": 0.0026455026455026454,
    "客": 0.0026455026455026454,
    "法": 0.0026455026455026454,
    "泰": 0.0026455026455026454,
    "福建": 0.0026455026455026454,
    "粵語": 0.0026455026455026454,
    "芬蘭": 0.0026455026455026454,
    "阿美": 0.0026455026455026454,
    "total": 1
  }
}