{
  "統計": {
    "日": 104,
    "中": 25,
    "英": 25,
    "純音樂": 24,
    "俄": 22,
    "粵": 8,
    "台": 5,
    "德": 5,
    "希臘": 3,
    "法": 2,
    "波蘭": 2,
    "芬蘭": 2,
    "世界": 1,
    "客": 1,
    "義": 1,
    "西班牙": 1,
    "total": 231
  },
  "占比": {
    "日": 0.45021645021645024,
    "中": 0.10822510822510822,
    "英": 0.10822510822510822,
    "純音樂": 0.1038961038961039,
    "俄": 0.09523809523809523,
    "粵": 0.03463203463203463,
    "台": 0.021645021645021644,
    "德": 0.021645021645021644,
    "希臘": 0.012987012987012988,
    "法": 0.008658008658008658,
    "波蘭": 0.008658008658008658,
    "芬蘭": 0.008658008658008658,
    "世界": 0.004329004329004329,
    "客": 0.004329004329004329,
    "義": 0.004329004329004329,
    "西班牙": 0.004329004329004329,
    "total": 1
  }
}