{
  "統計": {
    "日": 231,
    "純音樂": 100,
    "中": 66,
    "英": 45,
    "俄": 40,
    "粵": 13,
    "烏克蘭": 9,
    "德": 9,
    "台": 8,
    "希臘": 7,
    "芬蘭": 4,
    "韓": 3,
    "波蘭": 2,
    "世界": 1,
    "希伯來": 1,
    "拉丁": 1,
    "法": 1,
    "南非": 1,
    "泰": 1,
    "泰盧固": 1,
    "義": 1,
    "福建": 1,
    "諾斯": 1,
    "羅馬尼亞": 1,
    "total": 548
  },
  "占比": {
    "日": 0.4215328467153285,
    "純音樂": 0.18248175182481752,
    "中": 0.12043795620437957,
    "英": 0.08211678832116788,
    "俄": 0.072992700729927,
    "粵": 0.023722627737226276,
    "烏克蘭": 0.016423357664233577,
    "德": 0.016423357664233577,
    "台": 0.014598540145985401,
    "希臘": 0.012773722627737226,
    "芬蘭": 0.0072992700729927005,
    "韓": 0.005474452554744526,
    "波蘭": 0.0036496350364963502,
    "世界": 0.0018248175182481751,
    "希伯來": 0.0018248175182481751,
    "拉丁": 0.0018248175182481751,
    "法": 0.0018248175182481751,
    "南非": 0.0018248175182481751,
    "泰": 0.0018248175182481751,
    "泰盧固": 0.0018248175182481751,
    "義": 0.0018248175182481751,
    "福建": 0.0018248175182481751,
    "諾斯": 0.0018248175182481751,
    "羅馬尼亞": 0.0018248175182481751,
    "total": 1
  }
}