{
  "統計": {
    "日": 236,
    "純音樂": 91,
    "中": 64,
    "英": 43,
    "俄": 36,
    "粵": 13,
    "台": 8,
    "德": 8,
    "希臘": 6,
    "烏克蘭": 6,
    "芬蘭": 4,
    "韓": 3,
    "ja": 2,
    "波蘭": 2,
    "en": 1,
    "世界": 1,
    "南非": 1,
    "希伯來": 1,
    "旁遮普": 1,
    "法": 1,
    "泰": 1,
    "泰盧固": 1,
    "福建": 1,
    "羅馬尼亞": 1,
    "義": 1,
    "total": 533
  },
  "占比": {
    "日": 0.4427767354596623,
    "純音樂": 0.17073170731707318,
    "中": 0.1200750469043152,
    "英": 0.08067542213883677,
    "俄": 0.0675422138836773,
    "粵": 0.024390243902439025,
    "台": 0.0150093808630394,
    "德": 0.0150093808630394,
    "希臘": 0.01125703564727955,
    "烏克蘭": 0.01125703564727955,
    "芬蘭": 0.0075046904315197,
    "韓": 0.005628517823639775,
    "ja": 0.00375234521575985,
    "波蘭": 0.00375234521575985,
    "en": 0.001876172607879925,
    "世界": 0.001876172607879925,
    "南非": 0.001876172607879925,
    "希伯來": 0.001876172607879925,
    "旁遮普": 0.001876172607879925,
    "法": 0.001876172607879925,
    "泰": 0.001876172607879925,
    "泰盧固": 0.001876172607879925,
    "福建": 0.001876172607879925,
    "羅馬尼亞": 0.001876172607879925,
    "義": 0.001876172607879925,
    "total": 1
  }
}