{
  "統計": {
    "日": 141,
    "中": 49,
    "純音樂": 46,
    "俄": 39,
    "英": 23,
    "烏克蘭": 15,
    "台": 5,
    "希臘": 4,
    "德": 4,
    "粵": 4,
    "西班牙": 3,
    "拉丁": 2,
    "諾斯": 2,
    "en-US": 1,
    "ru": 1,
    "客": 1,
    "法": 1,
    "泰": 1,
    "福建": 1,
    "粵語": 1,
    "芬蘭": 1,
    "total": 345
  },
  "占比": {
    "日": 0.40869565217391307,
    "中": 0.14202898550724638,
    "純音樂": 0.13333333333333333,
    "俄": 0.11304347826086956,
    "英": 0.06666666666666667,
    "烏克蘭": 0.043478260869565216,
    "台": 0.014492753623188406,
    "希臘": 0.011594202898550725,
    "德": 0.011594202898550725,
    "粵": 0.011594202898550725,
    "西班牙": 0.008695652173913044,
    "拉丁": 0.005797101449275362,
    "諾斯": 0.005797101449275362,
    "en-US": 0.002898550724637681,
    "ru": 0.002898550724637681,
    "客": 0.002898550724637681,
    "法": 0.002898550724637681,
    "泰": 0.002898550724637681,
    "福建": 0.002898550724637681,
    "粵語": 0.002898550724637681,
    "芬蘭": 0.002898550724637681,
    "total": 1
  }
}