{
  "統計": {
    "日": 149,
    "純音樂": 58,
    "中": 45,
    "英": 32,
    "俄": 27,
    "台": 8,
    "德": 7,
    "粵": 6,
    "希臘": 5,
<<<<<<< HEAD
    "西班牙": 2,
=======
    "粵": 5,
    "unknown": 3,
>>>>>>> bf6bebf8ef72b4d00c17b908b8c47bd59eebf0f8
    "波蘭": 2,
    "烏克蘭": 2,
    "芬蘭": 2,
    "西班牙": 2,
    "zh-TW": 1,
    "世界": 1,
    "南非": 1,
    "旁遮普": 1,
    "法": 1,
    "泰": 1,
    "羅馬尼亞": 1,
    "義": 1,
    "韓": 1,
<<<<<<< HEAD
    "羅馬尼亞": 1,
    "total": 353
  },
  "占比": {
    "日": 0.42209631728045327,
    "純音樂": 0.1643059490084986,
    "中": 0.1274787535410765,
    "英": 0.0906515580736544,
    "俄": 0.0764872521246459,
    "台": 0.0226628895184136,
    "德": 0.019830028328611898,
    "粵": 0.0169971671388102,
    "希臘": 0.014164305949008499,
    "西班牙": 0.0056657223796034,
    "波蘭": 0.0056657223796034,
    "芬蘭": 0.0056657223796034,
    "烏克蘭": 0.0056657223796034,
    "世界": 0.0028328611898017,
    "法": 0.0028328611898017,
    "南非": 0.0028328611898017,
    "旁遮普": 0.0028328611898017,
    "泰": 0.0028328611898017,
    "義": 0.0028328611898017,
    "韓": 0.0028328611898017,
    "羅馬尼亞": 0.0028328611898017,
=======
    "total": 352
  },
  "占比": {
    "日": 0.42045454545454547,
    "純音樂": 0.1590909090909091,
    "中": 0.125,
    "英": 0.09090909090909091,
    "俄": 0.07670454545454546,
    "台": 0.022727272727272728,
    "德": 0.019886363636363636,
    "希臘": 0.014204545454545454,
    "粵": 0.014204545454545454,
    "unknown": 0.008522727272727272,
    "波蘭": 0.005681818181818182,
    "烏克蘭": 0.005681818181818182,
    "芬蘭": 0.005681818181818182,
    "西班牙": 0.005681818181818182,
    "zh-TW": 0.002840909090909091,
    "世界": 0.002840909090909091,
    "南非": 0.002840909090909091,
    "旁遮普": 0.002840909090909091,
    "法": 0.002840909090909091,
    "泰": 0.002840909090909091,
    "羅馬尼亞": 0.002840909090909091,
    "義": 0.002840909090909091,
    "韓": 0.002840909090909091,
>>>>>>> bf6bebf8ef72b4d00c17b908b8c47bd59eebf0f8
    "total": 1
  }
}