{
  "統計": {
    "日": 210,
    "純音樂": 103,
    "中": 66,
    "英": 43,
    "俄": 36,
    "粵": 11,
    "台": 10,
    "德": 10,
    "希臘": 6,
    "芬蘭": 3,
    "西班牙": 3,
    "韓": 3,
    "ja": 2,
    "法": 2,
    "波蘭": 2,
    "烏克蘭": 2,
    "en": 1,
    "unknown": 1,
    "zh-TW": 1,
    "世界": 1,
    "南非": 1,
    "旁遮普": 1,
    "泰": 1,
    "羅馬尼亞": 1,
    "義": 1,
    "total": 521
  },
  "占比": {
    "日": 0.40307101727447214,
    "純音樂": 0.19769673704414586,
    "中": 0.12667946257197696,
    "英": 0.08253358925143954,
    "俄": 0.0690978886756238,
    "粵": 0.02111324376199616,
    "台": 0.019193857965451054,
    "德": 0.019193857965451054,
    "希臘": 0.011516314779270634,
    "芬蘭": 0.005758157389635317,
    "西班牙": 0.005758157389635317,
    "韓": 0.005758157389635317,
    "ja": 0.003838771593090211,
    "法": 0.003838771593090211,
    "波蘭": 0.003838771593090211,
    "烏克蘭": 0.003838771593090211,
    "en": 0.0019193857965451055,
    "unknown": 0.0019193857965451055,
    "zh-TW": 0.0019193857965451055,
    "世界": 0.0019193857965451055,
    "南非": 0.0019193857965451055,
    "旁遮普": 0.0019193857965451055,
    "泰": 0.0019193857965451055,
    "羅馬尼亞": 0.0019193857965451055,
    "義": 0.0019193857965451055,
    "total": 1
  }
}