{
  "統計": {
    "日": 123,
    "純音樂": 46,
    "中": 34,
    "英": 23,
    "俄": 20,
    "德": 6,
    "台": 5,
    "粵": 5,
    "希臘": 4,
    "波蘭": 2,
    "烏克蘭": 2,
    "芬蘭": 2,
    "西班牙": 2,
    "el": 1,
    "世界": 1,
    "南非": 1,
    "旁遮普": 1,
    "法": 1,
    "義": 1,
    "韓": 1,
    "total": 281
  },
  "占比": {
    "日": 0.4377224199288256,
    "純音樂": 0.16370106761565836,
    "中": 0.12099644128113879,
    "英": 0.08185053380782918,
    "俄": 0.0711743772241993,
    "德": 0.021352313167259787,
    "台": 0.017793594306049824,
    "粵": 0.017793594306049824,
    "希臘": 0.014234875444839857,
    "波蘭": 0.0071174377224199285,
    "烏克蘭": 0.0071174377224199285,
    "芬蘭": 0.0071174377224199285,
    "西班牙": 0.0071174377224199285,
    "el": 0.0035587188612099642,
    "世界": 0.0035587188612099642,
    "南非": 0.0035587188612099642,
    "旁遮普": 0.0035587188612099642,
    "法": 0.0035587188612099642,
    "義": 0.0035587188612099642,
    "韓": 0.0035587188612099642,
    "total": 1
  }
}