{
  "統計": {
    "日": 98,
    "中": 25,
    "英": 23,
    "純音樂": 23,
    "俄": 20,
    "粵": 6,
    "台": 5,
    "德": 5,
    "希臘": 2,
    "法": 2,
    "波蘭": 2,
    "芬蘭": 2,
    "世界": 1,
    "西班牙": 1,
    "客": 1,
    "義": 1,
    "total": 217
  },
  "占比": {
    "日": 0.45161290322580644,
    "中": 0.1152073732718894,
    "英": 0.10599078341013825,
    "純音樂": 0.10599078341013825,
    "俄": 0.09216589861751152,
    "粵": 0.027649769585253458,
    "台": 0.02304147465437788,
    "德": 0.02304147465437788,
    "希臘": 0.009216589861751152,
    "法": 0.009216589861751152,
    "波蘭": 0.009216589861751152,
    "芬蘭": 0.009216589861751152,
    "世界": 0.004608294930875576,
    "西班牙": 0.004608294930875576,
    "客": 0.004608294930875576,
    "義": 0.004608294930875576,
    "total": 1
  }
}