{
  "統計": {
    "日": 119,
    "純音樂": 41,
    "俄": 36,
    "中": 35,
    "英": 20,
    "ja": 18,
    "烏克蘭": 14,
    "zh": 10,
    "台": 4,
    "希臘": 4,
    "德": 4,
    "ru": 3,
    "西班牙": 3,
    "und": 2,
    "zh-Hant": 2,
    "拉丁": 2,
    "粵": 2,
    "諾斯": 2,
    "th": 1,
    "uk": 1,
    "zxx": 1,
    "客": 1,
    "法": 1,
    "福建": 1,
    "芬蘭": 1,
    "total": 328
  },
  "占比": {
    "日": 0.3628048780487805,
    "純音樂": 0.125,
    "俄": 0.10975609756097561,
    "中": 0.10670731707317073,
    "英": 0.06097560975609756,
    "ja": 0.054878048780487805,
    "烏克蘭": 0.042682926829268296,
    "zh": 0.03048780487804878,
    "台": 0.012195121951219513,
    "希臘": 0.012195121951219513,
    "德": 0.012195121951219513,
    "ru": 0.009146341463414634,
    "西班牙": 0.009146341463414634,
    "und": 0.006097560975609756,
    "zh-Hant": 0.006097560975609756,
    "拉丁": 0.006097560975609756,
    "粵": 0.006097560975609756,
    "諾斯": 0.006097560975609756,
    "th": 0.003048780487804878,
    "uk": 0.003048780487804878,
    "zxx": 0.003048780487804878,
    "客": 0.003048780487804878,
    "法": 0.003048780487804878,
    "福建": 0.003048780487804878,
    "芬蘭": 0.003048780487804878,
    "total": 1
  }
}