{
  "統計": {
    "日": 119,
    "純音樂": 41,
    "俄": 36,
    "中": 35,
    "英": 20,
    "ja": 16,
    "烏克蘭": 14,
    "zh": 10,
    "台": 4,
    "希臘": 4,
    "德": 4,
    "西班牙": 3,
    "und": 2,
    "zh-Hant": 2,
    "拉丁": 2,
    "粵": 2,
    "諾斯": 2,
    "ru": 1,
    "th": 1,
    "uk": 1,
    "zxx": 1,
    "客": 1,
    "法": 1,
    "福建": 1,
    "芬蘭": 1,
    "total": 324
  },
  "占比": {
    "日": 0.36728395061728397,
    "純音樂": 0.12654320987654322,
    "俄": 0.1111111111111111,
    "中": 0.10802469135802469,
    "英": 0.06172839506172839,
    "ja": 0.04938271604938271,
    "烏克蘭": 0.043209876543209874,
    "zh": 0.030864197530864196,
    "台": 0.012345679012345678,
    "希臘": 0.012345679012345678,
    "德": 0.012345679012345678,
    "西班牙": 0.009259259259259259,
    "und": 0.006172839506172839,
    "zh-Hant": 0.006172839506172839,
    "拉丁": 0.006172839506172839,
    "粵": 0.006172839506172839,
    "諾斯": 0.006172839506172839,
    "ru": 0.0030864197530864196,
    "th": 0.0030864197530864196,
    "uk": 0.0030864197530864196,
    "zxx": 0.0030864197530864196,
    "客": 0.0030864197530864196,
    "法": 0.0030864197530864196,
    "福建": 0.0030864197530864196,
    "芬蘭": 0.0030864197530864196,
    "total": 1
  }
}