{
  "統計": {
    "日": 226,
    "純音樂": 103,
    "中": 66,
    "英": 48,
    "俄": 40,
    "粵": 12,
    "德": 9,
    "台": 8,
    "烏克蘭": 8,
    "希臘": 7,
    "ja": 3,
    "芬蘭": 3,
    "韓": 3,
    "ru": 2,
    "zh": 2,
    "波蘭": 2,
    "zh-Hant": 1,
    "世界": 1,
    "南非": 1,
    "客": 1,
    "希伯來": 1,
    "拉丁": 1,
    "法": 1,
    "泰": 1,
    "泰盧固": 1,
    "福建": 1,
    "羅馬尼亞": 1,
    "義": 1,
    "諾斯": 1,
    "total": 555
  },
  "占比": {
    "日": 0.4072072072072072,
    "純音樂": 0.18558558558558558,
    "中": 0.11891891891891893,
    "英": 0.08648648648648649,
    "俄": 0.07207207207207207,
    "粵": 0.021621621621621623,
    "德": 0.016216216216216217,
    "台": 0.014414414414414415,
    "烏克蘭": 0.014414414414414415,
    "希臘": 0.012612612612612612,
    "ja": 0.005405405405405406,
    "芬蘭": 0.005405405405405406,
    "韓": 0.005405405405405406,
    "ru": 0.0036036036036036037,
    "zh": 0.0036036036036036037,
    "波蘭": 0.0036036036036036037,
    "zh-Hant": 0.0018018018018018018,
    "世界": 0.0018018018018018018,
    "南非": 0.0018018018018018018,
    "客": 0.0018018018018018018,
    "希伯來": 0.0018018018018018018,
    "拉丁": 0.0018018018018018018,
    "法": 0.0018018018018018018,
    "泰": 0.0018018018018018018,
    "泰盧固": 0.0018018018018018018,
    "福建": 0.0018018018018018018,
    "羅馬尼亞": 0.0018018018018018018,
    "義": 0.0018018018018018018,
    "諾斯": 0.0018018018018018018,
    "total": 1
  }
}