{
  "統計": {
    "日": 126,
    "純音樂": 54,
    "中": 39,
    "英": 28,
    "俄": 24,
    "台": 7,
    "德": 6,
    "希臘": 5,
    "粵": 5,
    "波蘭": 2,
    "烏克蘭": 2,
    "芬蘭": 2,
    "西班牙": 2,
    "世界": 1,
    "南非": 1,
    "旁遮普": 1,
    "法": 1,
    "羅馬尼亞": 1,
    "義": 1,
    "韓": 1,
    "total": 309
  },
  "占比": {
    "日": 0.4077669902912621,
    "純音樂": 0.17475728155339806,
    "中": 0.1262135922330097,
    "英": 0.09061488673139159,
    "俄": 0.07766990291262135,
    "台": 0.022653721682847898,
    "德": 0.019417475728155338,
    "希臘": 0.016181229773462782,
    "粵": 0.016181229773462782,
    "波蘭": 0.006472491909385114,
    "烏克蘭": 0.006472491909385114,
    "芬蘭": 0.006472491909385114,
    "西班牙": 0.006472491909385114,
    "世界": 0.003236245954692557,
    "南非": 0.003236245954692557,
    "旁遮普": 0.003236245954692557,
    "法": 0.003236245954692557,
    "羅馬尼亞": 0.003236245954692557,
    "義": 0.003236245954692557,
    "韓": 0.003236245954692557,
    "total": 1
  }
}