{
  "統計": {
    "日": 224,
    "純音樂": 91,
    "中": 66,
    "英": 45,
    "俄": 40,
    "粵": 13,
    "德": 9,
    "台": 8,
    "ja": 7,
    "希臘": 6,
    "烏克蘭": 6,
    "芬蘭": 4,
    "韓": 3,
    "波蘭": 2,
    "en": 1,
    "世界": 1,
    "南非": 1,
    "希伯來": 1,
    "法": 1,
    "泰": 1,
    "泰盧固": 1,
    "福建": 1,
    "羅馬尼亞": 1,
    "義": 1,
    "total": 534
  },
  "占比": {
    "日": 0.41947565543071164,
    "純音樂": 0.1704119850187266,
    "中": 0.12359550561797752,
    "英": 0.08426966292134831,
    "俄": 0.0749063670411985,
    "粵": 0.024344569288389514,
    "德": 0.016853932584269662,
    "台": 0.0149812734082397,
    "ja": 0.013108614232209739,
    "希臘": 0.011235955056179775,
    "烏克蘭": 0.011235955056179775,
    "芬蘭": 0.00749063670411985,
    "韓": 0.0056179775280898875,
    "波蘭": 0.003745318352059925,
    "en": 0.0018726591760299626,
    "世界": 0.0018726591760299626,
    "南非": 0.0018726591760299626,
    "希伯來": 0.0018726591760299626,
    "法": 0.0018726591760299626,
    "泰": 0.0018726591760299626,
    "泰盧固": 0.0018726591760299626,
    "福建": 0.0018726591760299626,
    "羅馬尼亞": 0.0018726591760299626,
    "義": 0.0018726591760299626,
    "total": 1
  }
}