{
  "統計": {
    "日": 104,
    "中": 25,
    "英": 25,
    "純音樂": 24,
    "俄": 22,
    "粵": 9,
    "台": 5,
    "德": 5,
    "希臘": 3,
    "法": 2,
    "波蘭": 2,
    "芬蘭": 2,
    "世界": 1,
    "客": 1,
    "烏克蘭": 1,
    "義": 1,
    "西班牙": 1,
    "total": 233
  },
  "占比": {
    "日": 0.44635193133047213,
    "中": 0.1072961373390558,
    "英": 0.1072961373390558,
    "純音樂": 0.10300429184549356,
    "俄": 0.0944206008583691,
    "粵": 0.03862660944206009,
    "台": 0.02145922746781116,
    "德": 0.02145922746781116,
    "希臘": 0.012875536480686695,
    "法": 0.008583690987124463,
    "波蘭": 0.008583690987124463,
    "芬蘭": 0.008583690987124463,
    "世界": 0.004291845493562232,
    "客": 0.004291845493562232,
    "烏克蘭": 0.004291845493562232,
    "義": 0.004291845493562232,
    "西班牙": 0.004291845493562232,
    "total": 1
  }
}