{
  "統計": {
    "日": 143,
    "純音樂": 54,
    "中": 43,
    "英": 32,
    "俄": 26,
    "台": 8,
    "德": 7,
    "希臘": 5,
    "粵": 5,
    "波蘭": 2,
    "烏克蘭": 2,
    "芬蘭": 2,
    "西班牙": 2,
    "世界": 1,
    "南非": 1,
    "旁遮普": 1,
    "法": 1,
    "泰": 1,
    "羅馬尼亞": 1,
    "義": 1,
    "韓": 1,
    "total": 339
  },
  "占比": {
    "日": 0.4218289085545723,
    "純音樂": 0.1592920353982301,
    "中": 0.12684365781710916,
    "英": 0.0943952802359882,
    "俄": 0.07669616519174041,
    "台": 0.02359882005899705,
    "德": 0.02064896755162242,
    "希臘": 0.014749262536873156,
    "粵": 0.014749262536873156,
    "波蘭": 0.0058997050147492625,
    "烏克蘭": 0.0058997050147492625,
    "芬蘭": 0.0058997050147492625,
    "西班牙": 0.0058997050147492625,
    "世界": 0.0029498525073746312,
    "南非": 0.0029498525073746312,
    "旁遮普": 0.0029498525073746312,
    "法": 0.0029498525073746312,
    "泰": 0.0029498525073746312,
    "羅馬尼亞": 0.0029498525073746312,
    "義": 0.0029498525073746312,
    "韓": 0.0029498525073746312,
    "total": 1
  }
}