{
  "統計": {
    "日": 85,
    "純音樂": 31,
    "中": 30,
    "俄": 26,
    "英": 14,
    "烏克蘭": 12,
    "ru": 4,
    "希臘": 4,
    "德": 4,
    "ja": 3,
    "台": 3,
    "西班牙": 3,
    "en": 2,
    "拉丁": 2,
    "諾斯": 2,
    "法": 1,
    "福建": 1,
    "粵": 1,
    "芬蘭": 1,
    "total": 229
  },
  "占比": {
    "日": 0.37117903930131,
    "純音樂": 0.13537117903930132,
    "中": 0.13100436681222707,
    "俄": 0.11353711790393013,
    "英": 0.0611353711790393,
    "烏克蘭": 0.05240174672489083,
    "ru": 0.017467248908296942,
    "希臘": 0.017467248908296942,
    "德": 0.017467248908296942,
    "ja": 0.013100436681222707,
    "台": 0.013100436681222707,
    "西班牙": 0.013100436681222707,
    "en": 0.008733624454148471,
    "拉丁": 0.008733624454148471,
    "諾斯": 0.008733624454148471,
    "法": 0.004366812227074236,
    "福建": 0.004366812227074236,
    "粵": 0.004366812227074236,
    "芬蘭": 0.004366812227074236,
    "total": 1
  }
}