{
  "統計": {
    "日": 119,
    "純音樂": 41,
    "俄": 36,
    "中": 35,
    "英": 20,
    "ja": 17,
    "烏克蘭": 14,
    "zh": 10,
    "台": 4,
    "希臘": 4,
    "德": 4,
    "西班牙": 3,
    "ru": 2,
    "und": 2,
    "zh-Hant": 2,
    "拉丁": 2,
    "粵": 2,
    "諾斯": 2,
    "th": 1,
    "uk": 1,
    "zxx": 1,
    "客": 1,
    "法": 1,
    "福建": 1,
    "芬蘭": 1,
    "total": 326
  },
  "占比": {
    "日": 0.36503067484662577,
    "純音樂": 0.12576687116564417,
    "俄": 0.11042944785276074,
    "中": 0.10736196319018405,
    "英": 0.06134969325153374,
    "ja": 0.05214723926380368,
    "烏克蘭": 0.04294478527607362,
    "zh": 0.03067484662576687,
    "台": 0.012269938650306749,
    "希臘": 0.012269938650306749,
    "德": 0.012269938650306749,
    "西班牙": 0.009202453987730062,
    "ru": 0.006134969325153374,
    "und": 0.006134969325153374,
    "zh-Hant": 0.006134969325153374,
    "拉丁": 0.006134969325153374,
    "粵": 0.006134969325153374,
    "諾斯": 0.006134969325153374,
    "th": 0.003067484662576687,
    "uk": 0.003067484662576687,
    "zxx": 0.003067484662576687,
    "客": 0.003067484662576687,
    "法": 0.003067484662576687,
    "福建": 0.003067484662576687,
    "芬蘭": 0.003067484662576687,
    "total": 1
  }
}