{
  "統計": {
    "日": 121,
    "純音樂": 45,
    "中": 34,
    "英": 23,
    "俄": 19,
    "德": 6,
    "台": 5,
    "粵": 5,
    "希臘": 4,
    "波": 2,
    "芬": 2,
    "烏克蘭": 2,
    "世界": 1,
    "西班牙": 1,
    "法": 1,
    "南非": 1,
    "旁遮普": 1,
    "義": 1,
    "韓": 1,
    "total": 275
  },
  "占比": {
    "日": 0.44,
    "純音樂": 0.16363636363636364,
    "中": 0.12363636363636364,
    "英": 0.08363636363636363,
    "俄": 0.06909090909090909,
    "德": 0.02181818181818182,
    "台": 0.01818181818181818,
    "粵": 0.01818181818181818,
    "希臘": 0.014545454545454545,
    "波": 0.007272727272727273,
    "芬": 0.007272727272727273,
    "烏克蘭": 0.007272727272727273,
    "世界": 0.0036363636363636364,
    "西班牙": 0.0036363636363636364,
    "法": 0.0036363636363636364,
    "南非": 0.0036363636363636364,
    "旁遮普": 0.0036363636363636364,
    "義": 0.0036363636363636364,
    "韓": 0.0036363636363636364,
    "total": 1
  }
}