{
  "統計": {
    "日": 105,
    "中": 33,
    "俄": 27,
    "純音樂": 27,
    "英": 24,
    "粵": 8,
    "台": 6,
    "德": 5,
    "烏克蘭": 5,
    "希臘": 3,
    "zh": 2,
    "法": 2,
    "波蘭": 2,
    "芬蘭": 2,
    "ru": 1,
    "th": 1,
    "zxx": 1,
    "世界": 1,
    "客": 1,
    "義": 1,
    "total": 257
  },
  "占比": {
    "日": 0.4085603112840467,
    "中": 0.12840466926070038,
    "俄": 0.10505836575875487,
    "純音樂": 0.10505836575875487,
    "英": 0.0933852140077821,
    "粵": 0.0311284046692607,
    "台": 0.023346303501945526,
    "德": 0.019455252918287938,
    "烏克蘭": 0.019455252918287938,
    "希臘": 0.011673151750972763,
    "zh": 0.007782101167315175,
    "法": 0.007782101167315175,
    "波蘭": 0.007782101167315175,
    "芬蘭": 0.007782101167315175,
    "ru": 0.0038910505836575876,
    "th": 0.0038910505836575876,
    "zxx": 0.0038910505836575876,
    "世界": 0.0038910505836575876,
    "客": 0.0038910505836575876,
    "義": 0.0038910505836575876,
    "total": 1
  }
}