{
  "統計": {
    "日": 156,
    "純音樂": 60,
    "中": 48,
    "英": 37,
    "俄": 30,
    "台": 10,
    "粵": 10,
    "unknown": 8,
    "德": 7,
    "希臘": 6,
    "西班牙": 3,
    "de": 2,
    "法": 2,
    "波蘭": 2,
    "烏克蘭": 2,
    "芬蘭": 2,
    "ja": 1,
    "世界": 1,
    "南非": 1,
    "旁遮普": 1,
    "泰": 1,
    "羅馬尼亞": 1,
    "義": 1,
    "韓": 1,
    "total": 393
  },
  "占比": {
    "日": 0.39694656488549618,
    "純音樂": 0.15267175572519084,
    "中": 0.12213740458015267,
    "英": 0.094147582697201013,
    "俄": 0.076335877862595422,
    "台": 0.025445292620865138,
    "粵": 0.025445292620865138,
    "unknown": 0.020356234096692113,
    "德": 0.017811704834605598,
    "希臘": 0.015267175572519083,
    "西班牙": 0.0076335877862595417,
    "de": 0.0050890585241730284,
    "法": 0.0050890585241730284,
    "波蘭": 0.0050890585241730284,
    "烏克蘭": 0.0050890585241730284,
    "芬蘭": 0.0050890585241730284,
    "ja": 0.0025445292620865142,
    "世界": 0.0025445292620865142,
    "南非": 0.0025445292620865142,
    "旁遮普": 0.0025445292620865142,
    "泰": 0.0025445292620865142,
    "羅馬尼亞": 0.0025445292620865142,
    "義": 0.0025445292620865142,
    "韓": 0.0025445292620865142,
    "total": 1
  }
}