{
  "統計": {
    "日": 239,
    "純音樂": 114,
    "中": 73,
    "英": 46,
    "俄": 37,
    "粵": 12,
    "台": 10,
    "德": 9,
    "希臘": 6,
    "芬蘭": 4,
    "西班牙": 3,
    "韓": 3,
    "unknown": 2,
    "法": 2,
    "波蘭": 2,
    "烏克蘭": 2,
    "世界": 1,
    "南非": 1,
    "旁遮普": 1,
    "泰": 1,
    "羅馬尼亞": 1,
    "義": 1,
    "total": 570
  },
  "占比": {
    "日": 0.4192982456140351,
    "純音樂": 0.2,
    "中": 0.1280701754385965,
    "英": 0.08070175438596491,
    "俄": 0.06491228070175438,
    "粵": 0.021052631578947368,
    "台": 0.017543859649122806,
    "德": 0.015789473684210527,
    "希臘": 0.010526315789473684,
    "芬蘭": 0.007017543859649123,
    "西班牙": 0.005263157894736842,
    "韓": 0.005263157894736842,
    "unknown": 0.0035087719298245615,
    "法": 0.0035087719298245615,
    "波蘭": 0.0035087719298245615,
    "烏克蘭": 0.0035087719298245615,
    "世界": 0.0017543859649122807,
    "南非": 0.0017543859649122807,
    "旁遮普": 0.0017543859649122807,
    "泰": 0.0017543859649122807,
    "羅馬尼亞": 0.0017543859649122807,
    "義": 0.0017543859649122807,
    "total": 1
  }
}