{
  "統計": {
    "日": 149,
    "純音樂": 53,
    "中": 51,
    "俄": 42,
    "英": 24,
    "烏克蘭": 18,
    "unknown": 10,
    "台": 5,
    "粵": 5,
    "希臘": 4,
    "德": 4,
    "西班牙": 3,
    "拉丁": 2,
    "諾斯": 2,
    "阿拉伯": 2,
    "ja": 1,
    "zh-HK": 1,
    "客": 1,
    "法": 1,
    "泰": 1,
    "福建": 1,
    "粵語": 1,
    "芬蘭": 1,
    "阿美": 1,
    "total": 383
  },
  "占比": {
    "日": 0.38903394255874674,
    "純音樂": 0.13838120104438642,
    "中": 0.13315926892950392,
    "俄": 0.10966057441253264,
    "英": 0.06266318537859007,
    "烏克蘭": 0.04699738903394256,
    "unknown": 0.02610966057441253,
    "台": 0.013054830287206266,
    "粵": 0.013054830287206266,
    "希臘": 0.010443864229765013,
    "德": 0.010443864229765013,
    "西班牙": 0.007832898172323759,
    "拉丁": 0.005221932114882507,
    "諾斯": 0.005221932114882507,
    "阿拉伯": 0.005221932114882507,
    "ja": 0.0026109660574412533,
    "zh-HK": 0.0026109660574412533,
    "客": 0.0026109660574412533,
    "法": 0.0026109660574412533,
    "泰": 0.0026109660574412533,
    "福建": 0.0026109660574412533,
    "粵語": 0.0026109660574412533,
    "芬蘭": 0.0026109660574412533,
    "阿美": 0.0026109660574412533,
    "total": 1
  }
}