{
  "統計": {
    "日": 98,
    "中": 24,
    "純音樂": 23,
    "英": 22,
    "俄": 19,
    "台": 5,
    "德": 5,
    "粵": 4,
    "希臘": 2,
    "法": 2,
    "波蘭": 2,
    "芬蘭": 2,
    "世界": 1,
    "客": 1,
    "義": 1,
    "西班牙": 1,
    "total": 212
  },
  "占比": {
    "日": 0.46226415094339623,
    "中": 0.11320754716981132,
    "純音樂": 0.10849056603773585,
    "英": 0.10377358490566038,
    "俄": 0.08962264150943396,
    "台": 0.02358490566037736,
    "德": 0.02358490566037736,
    "粵": 0.018867924528301886,
    "希臘": 0.009433962264150943,
    "法": 0.009433962264150943,
    "波蘭": 0.009433962264150943,
    "芬蘭": 0.009433962264150943,
    "世界": 0.0047169811320754715,
    "客": 0.0047169811320754715,
    "義": 0.0047169811320754715,
    "西班牙": 0.0047169811320754715,
    "total": 1
  }
}