{
  "統計": {
    "日": 231,
    "純音樂": 100,
    "中": 66,
    "英": 45,
    "俄": 40,
    "粵": 13,
    "德": 9,
    "烏克蘭": 9,
    "台": 8,
    "希臘": 7,
    "芬蘭": 4,
    "韓": 3,
    "波蘭": 2,
    "ru": 1,
    "世界": 1,
    "南非": 1,
    "希伯來": 1,
    "拉丁": 1,
    "法": 1,
    "泰": 1,
    "泰盧固": 1,
    "福建": 1,
    "羅馬尼亞": 1,
    "義": 1,
    "諾斯": 1,
    "total": 549
  },
  "占比": {
    "日": 0.4207650273224044,
    "純音樂": 0.18214936247723132,
    "中": 0.12021857923497267,
    "英": 0.08196721311475409,
    "俄": 0.07285974499089254,
    "粵": 0.023679417122040074,
    "德": 0.01639344262295082,
    "烏克蘭": 0.01639344262295082,
    "台": 0.014571948998178506,
    "希臘": 0.012750455373406194,
    "芬蘭": 0.007285974499089253,
    "韓": 0.00546448087431694,
    "波蘭": 0.0036429872495446266,
    "ru": 0.0018214936247723133,
    "世界": 0.0018214936247723133,
    "南非": 0.0018214936247723133,
    "希伯來": 0.0018214936247723133,
    "拉丁": 0.0018214936247723133,
    "法": 0.0018214936247723133,
    "泰": 0.0018214936247723133,
    "泰盧固": 0.0018214936247723133,
    "福建": 0.0018214936247723133,
    "羅馬尼亞": 0.0018214936247723133,
    "義": 0.0018214936247723133,
    "諾斯": 0.0018214936247723133,
    "total": 1
  }
}