{
  "統計": {
    "日": 100,
    "中": 25,
    "英": 25,
    "純音樂": 23,
    "俄": 20,
    "粵": 7,
    "台": 6,
    "德": 4,
    "希臘": 3,
    "法": 2,
    "波蘭": 2,
    "芬蘭": 2,
    "unknown": 1,
    "世界": 1,
    "客": 1,
    "義": 1,
    "西班牙": 1,
    "total": 224
  },
  "占比": {
    "日": 0.44642857142857145,
    "中": 0.11160714285714286,
    "英": 0.11160714285714286,
    "純音樂": 0.10267857142857142,
    "俄": 0.08928571428571429,
    "粵": 0.03125,
    "台": 0.026785714285714284,
    "德": 0.017857142857142856,
    "希臘": 0.013392857142857142,
    "法": 0.008928571428571428,
    "波蘭": 0.008928571428571428,
    "芬蘭": 0.008928571428571428,
    "unknown": 0.004464285714285714,
    "世界": 0.004464285714285714,
    "客": 0.004464285714285714,
    "義": 0.004464285714285714,
    "西班牙": 0.004464285714285714,
    "total": 1
  }
}