{
  "統計": {
    "日": 240,
    "純音樂": 114,
    "中": 72,
    "英": 47,
    "俄": 37,
    "粵": 12,
    "unknown": 11,
    "台": 10,
    "德": 9,
    "希臘": 6,
    "烏克蘭": 5,
    "芬蘭": 4,
    "西班牙": 3,
    "韓": 3,
    "法": 2,
    "波蘭": 2,
    "ja": 1,
    "ko": 1,
    "世界": 1,
    "南非": 1,
    "旁遮普": 1,
    "泰": 1,
    "羅馬尼亞": 1,
    "義": 1,
    "total": 585
  },
  "占比": {
    "日": 0.41025641025641024,
    "純音樂": 0.19487179487179487,
    "中": 0.12307692307692308,
    "英": 0.08034188034188035,
    "俄": 0.06324786324786325,
    "粵": 0.020512820512820513,
    "unknown": 0.018803418803418803,
    "台": 0.017094017094017096,
    "德": 0.015384615384615385,
    "希臘": 0.010256410256410256,
    "烏克蘭": 0.008547008547008548,
    "芬蘭": 0.006837606837606838,
    "西班牙": 0.005128205128205128,
    "韓": 0.005128205128205128,
    "法": 0.003418803418803419,
    "波蘭": 0.003418803418803419,
    "ja": 0.0017094017094017094,
    "ko": 0.0017094017094017094,
    "世界": 0.0017094017094017094,
    "南非": 0.0017094017094017094,
    "旁遮普": 0.0017094017094017094,
    "泰": 0.0017094017094017094,
    "羅馬尼亞": 0.0017094017094017094,
    "義": 0.0017094017094017094,
    "total": 1
  }
}