{
  "統計": {
    "日": 109,
    "中": 28,
    "俄": 26,
    "英": 25,
    "純音樂": 24,
    "粵": 9,
    "台": 5,
    "德": 5,
    "希臘": 3,
    "法": 2,
    "波蘭": 2,
    "芬蘭": 2,
    "und": 1,
    "世界": 1,
    "客": 1,
    "烏克蘭": 1,
    "義": 1,
    "total": 245
  },
  "占比": {
    "日": 0.4448979591836735,
    "中": 0.11428571428571428,
    "俄": 0.10612244897959183,
    "英": 0.10204081632653061,
    "純音樂": 0.09795918367346938,
    "粵": 0.036734693877551024,
    "台": 0.02040816326530612,
    "德": 0.02040816326530612,
    "希臘": 0.012244897959183673,
    "法": 0.00816326530612245,
    "波蘭": 0.00816326530612245,
    "芬蘭": 0.00816326530612245,
    "und": 0.004081632653061225,
    "世界": 0.004081632653061225,
    "客": 0.004081632653061225,
    "烏克蘭": 0.004081632653061225,
    "義": 0.004081632653061225,
    "total": 1
  }
}