{
  "統計": {
    "日": 241,
    "純音樂": 98,
    "中": 73,
    "英": 43,
    "俄": 39,
    "粵": 13,
    "台": 10,
    "德": 7,
    "希臘": 6,
    "烏克蘭": 6,
    "ja": 4,
    "芬蘭": 4,
    "韓": 3,
    "法": 2,
    "波蘭": 2,
    "und": 1,
    "zh": 1,
    "zh-TW": 1,
    "世界": 1,
    "南非": 1,
    "希伯來": 1,
    "旁遮普": 1,
    "泰": 1,
    "泰盧固": 1,
    "羅馬尼亞": 1,
    "義": 1,
    "西班牙": 1,
    "total": 563
  },
  "占比": {
    "日": 0.4280639431616341,
    "純音樂": 0.17406749555950266,
    "中": 0.12966252220248667,
    "英": 0.0763765541740675,
    "俄": 0.06927175843694494,
    "粵": 0.023090586145648313,
    "台": 0.017761989342806393,
    "德": 0.012433392539964476,
    "希臘": 0.010657193605683837,
    "烏克蘭": 0.010657193605683837,
    "ja": 0.007104795737122558,
    "芬蘭": 0.007104795737122558,
    "韓": 0.0053285968028419185,
    "法": 0.003552397868561279,
    "波蘭": 0.003552397868561279,
    "und": 0.0017761989342806395,
    "zh": 0.0017761989342806395,
    "zh-TW": 0.0017761989342806395,
    "世界": 0.0017761989342806395,
    "南非": 0.0017761989342806395,
    "希伯來": 0.0017761989342806395,
    "旁遮普": 0.0017761989342806395,
    "泰": 0.0017761989342806395,
    "泰盧固": 0.0017761989342806395,
    "羅馬尼亞": 0.0017761989342806395,
    "義": 0.0017761989342806395,
    "西班牙": 0.0017761989342806395,
    "total": 1
  }
}