{
  "統計": {
    "日": 163,
    "純音樂": 63,
    "中": 52,
    "英": 38,
    "俄": 31,
    "台": 10,
    "德": 9,
    "粵": 9,
    "unknown": 8,
    "希臘": 6,
    "ja": 3,
    "西班牙": 3,
    "zh": 2,
    "法": 2,
    "波蘭": 2,
    "烏克蘭": 2,
    "芬蘭": 2,
    "yue": 1,
    "世界": 1,
    "南非": 1,
    "旁遮普": 1,
    "泰": 1,
    "羅馬尼亞": 1,
    "義": 1,
    "韓": 1,
    "total": 413
  },
  "占比": {
    "日": 0.3946731234866828,
    "純音樂": 0.15254237288135594,
    "中": 0.12590799031476999,
    "英": 0.09200968523002422,
    "俄": 0.07506053268765134,
    "台": 0.024213075060532687,
    "德": 0.021791767554479417,
    "粵": 0.021791767554479417,
    "unknown": 0.01937046004842615,
    "希臘": 0.014527845036319613,
    "ja": 0.007263922518159807,
    "西班牙": 0.007263922518159807,
    "zh": 0.004842615012106538,
    "法": 0.004842615012106538,
    "波蘭": 0.004842615012106538,
    "烏克蘭": 0.004842615012106538,
    "芬蘭": 0.004842615012106538,
    "yue": 0.002421307506053269,
    "世界": 0.002421307506053269,
    "南非": 0.002421307506053269,
    "旁遮普": 0.002421307506053269,
    "泰": 0.002421307506053269,
    "羅馬尼亞": 0.002421307506053269,
    "義": 0.002421307506053269,
    "韓": 0.002421307506053269,
    "total": 1
  }
}