{
  "統計": {
    "日": 229,
    "純音樂": 105,
    "中": 68,
    "英": 46,
    "俄": 43,
    "粵": 13,
    "台": 9,
    "德": 9,
    "烏克蘭": 8,
    "希臘": 7,
    "芬蘭": 3,
    "韓": 3,
    "ja": 2,
    "波蘭": 2,
    "da": 1,
    "en": 1,
    "uk": 1,
    "zh": 1,
    "世界": 1,
    "南非": 1,
    "客": 1,
    "希伯來": 1,
    "拉丁": 1,
    "法": 1,
    "泰": 1,
    "泰盧固": 1,
    "福建": 1,
    "羅馬尼亞": 1,
    "義": 1,
    "諾斯": 1,
    "total": 563
  },
  "占比": {
    "日": 0.4067495559502664,
    "純音樂": 0.18650088809946713,
    "中": 0.12078152753108348,
    "英": 0.08170515097690942,
    "俄": 0.0763765541740675,
    "粵": 0.023090586145648313,
    "台": 0.015985790408525755,
    "德": 0.015985790408525755,
    "烏克蘭": 0.014209591474245116,
    "希臘": 0.012433392539964476,
    "芬蘭": 0.0053285968028419185,
    "韓": 0.0053285968028419185,
    "ja": 0.003552397868561279,
    "波蘭": 0.003552397868561279,
    "da": 0.0017761989342806395,
    "en": 0.0017761989342806395,
    "uk": 0.0017761989342806395,
    "zh": 0.0017761989342806395,
    "世界": 0.0017761989342806395,
    "南非": 0.0017761989342806395,
    "客": 0.0017761989342806395,
    "希伯來": 0.0017761989342806395,
    "拉丁": 0.0017761989342806395,
    "法": 0.0017761989342806395,
    "泰": 0.0017761989342806395,
    "泰盧固": 0.0017761989342806395,
    "福建": 0.0017761989342806395,
    "羅馬尼亞": 0.0017761989342806395,
    "義": 0.0017761989342806395,
    "諾斯": 0.0017761989342806395,
    "total": 1
  }
}