{
  "統計": {
    "日": 125,
    "純音樂": 54,
    "中": 34,
    "英": 23,
    "俄": 22,
    "德": 6,
    "台": 5,
    "希臘": 5,
    "粵": 5,
    "波蘭": 2,
    "烏克蘭": 2,
    "芬蘭": 2,
    "西班牙": 2,
    "zh-TW": 1,
    "世界": 1,
    "南非": 1,
    "旁遮普": 1,
    "法": 1,
    "羅馬尼亞": 1,
    "義": 1,
    "韓": 1,
    "total": 295
  },
  "占比": {
    "日": 0.423728813559322,
    "純音樂": 0.18305084745762712,
    "中": 0.1152542372881356,
    "英": 0.07796610169491526,
    "俄": 0.07457627118644068,
    "德": 0.020338983050847456,
    "台": 0.01694915254237288,
    "希臘": 0.01694915254237288,
    "粵": 0.01694915254237288,
    "波蘭": 0.006779661016949152,
    "烏克蘭": 0.006779661016949152,
    "芬蘭": 0.006779661016949152,
    "西班牙": 0.006779661016949152,
    "zh-TW": 0.003389830508474576,
    "世界": 0.003389830508474576,
    "南非": 0.003389830508474576,
    "旁遮普": 0.003389830508474576,
    "法": 0.003389830508474576,
    "羅馬尼亞": 0.003389830508474576,
    "義": 0.003389830508474576,
    "韓": 0.003389830508474576,
    "total": 1
  }
}