{
  "統計": {
    "日": 139,
    "純音樂": 54,
    "中": 43,
    "英": 32,
    "俄": 26,
    "台": 8,
    "德": 7,
    "希臘": 5,
    "粵": 5,
    "unknown": 2,
    "波蘭": 2,
    "烏克蘭": 2,
    "芬蘭": 2,
    "西班牙": 2,
    "世界": 1,
    "南非": 1,
    "旁遮普": 1,
    "法": 1,
    "泰": 1,
    "羅馬尼亞": 1,
    "義": 1,
    "韓": 1,
    "total": 337
  },
  "占比": {
    "日": 0.4124629080118694,
    "純音樂": 0.16023738872403562,
    "中": 0.12759643916913946,
    "英": 0.09495548961424333,
    "俄": 0.0771513353115727,
    "台": 0.02373887240356083,
    "德": 0.020771513353115726,
    "希臘": 0.01483679525222552,
    "粵": 0.01483679525222552,
    "unknown": 0.005934718100890208,
    "波蘭": 0.005934718100890208,
    "烏克蘭": 0.005934718100890208,
    "芬蘭": 0.005934718100890208,
    "西班牙": 0.005934718100890208,
    "世界": 0.002967359050445104,
    "南非": 0.002967359050445104,
    "旁遮普": 0.002967359050445104,
    "法": 0.002967359050445104,
    "泰": 0.002967359050445104,
    "羅馬尼亞": 0.002967359050445104,
    "義": 0.002967359050445104,
    "韓": 0.002967359050445104,
    "total": 1
  }
}