{
  "統計": {
    "日": 141,
    "中": 49,
    "純音樂": 46,
    "俄": 39,
    "英": 23,
    "烏克蘭": 15,
    "ja": 5,
    "台": 5,
    "希臘": 4,
    "德": 4,
    "粵": 4,
    "en": 3,
    "西班牙": 3,
    "uk": 2,
    "拉丁": 2,
    "諾斯": 2,
    "da": 1,
    "en-US": 1,
    "ru": 1,
    "zh": 1,
    "客": 1,
    "法": 1,
    "泰": 1,
    "福建": 1,
    "粵語": 1,
    "芬蘭": 1,
    "total": 357
  },
  "占比": {
    "日": 0.3949579831932773,
    "中": 0.13725490196078433,
    "純音樂": 0.12885154061624648,
    "俄": 0.1092436974789916,
    "英": 0.06442577030812324,
    "烏克蘭": 0.04201680672268908,
    "ja": 0.014005602240896359,
    "台": 0.014005602240896359,
    "希臘": 0.011204481792717087,
    "德": 0.011204481792717087,
    "粵": 0.011204481792717087,
    "en": 0.008403361344537815,
    "西班牙": 0.008403361344537815,
    "uk": 0.0056022408963585435,
    "拉丁": 0.0056022408963585435,
    "諾斯": 0.0056022408963585435,
    "da": 0.0028011204481792717,
    "en-US": 0.0028011204481792717,
    "ru": 0.0028011204481792717,
    "zh": 0.0028011204481792717,
    "客": 0.0028011204481792717,
    "法": 0.0028011204481792717,
    "泰": 0.0028011204481792717,
    "福建": 0.0028011204481792717,
    "粵語": 0.0028011204481792717,
    "芬蘭": 0.0028011204481792717,
    "total": 1
  }
}