{
  "統計": {
    "日": 149,
    "純音樂": 54,
    "中": 51,
    "俄": 42,
    "英": 24,
    "烏克蘭": 18,
    "unknown": 5,
    "台": 5,
    "粵": 5,
    "希臘": 4,
    "德": 4,
    "西班牙": 3,
    "拉丁": 2,
    "諾斯": 2,
    "阿拉伯": 2,
    "ja": 1,
    "zh-HK": 1,
    "客": 1,
    "法": 1,
    "泰": 1,
    "福建": 1,
    "粵語": 1,
    "芬蘭": 1,
    "阿美": 1,
    "total": 379
  },
  "占比": {
    "日": 0.39313984168865435,
    "純音樂": 0.1424802110817942,
    "中": 0.1345646437994723,
    "俄": 0.11081794195250659,
    "英": 0.0633245382585752,
    "烏克蘭": 0.047493403693931395,
    "unknown": 0.013192612137203167,
    "台": 0.013192612137203167,
    "粵": 0.013192612137203167,
    "希臘": 0.010554089709762533,
    "德": 0.010554089709762533,
    "西班牙": 0.0079155672823219,
    "拉丁": 0.005277044854881266,
    "諾斯": 0.005277044854881266,
    "阿拉伯": 0.005277044854881266,
    "ja": 0.002638522427440633,
    "zh-HK": 0.002638522427440633,
    "客": 0.002638522427440633,
    "法": 0.002638522427440633,
    "泰": 0.002638522427440633,
    "福建": 0.002638522427440633,
    "粵語": 0.002638522427440633,
    "芬蘭": 0.002638522427440633,
    "阿美": 0.002638522427440633,
    "total": 1
  }
}