{
  "統計": {
    "日": 125,
    "純音樂": 53,
    "中": 34,
    "英": 23,
    "俄": 22,
    "德": 6,
    "台": 5,
    "希臘": 5,
    "粵": 5,
    "波蘭": 2,
    "烏克蘭": 2,
    "芬蘭": 2,
    "西班牙": 2,
    "世界": 1,
    "南非": 1,
    "旁遮普": 1,
    "法": 1,
    "羅馬尼亞": 1,
    "義": 1,
    "韓": 1,
    "total": 293
  },
  "占比": {
    "日": 0.42662116040955633,
    "純音樂": 0.18088737201365188,
    "中": 0.11604095563139932,
    "英": 0.07849829351535836,
    "俄": 0.07508532423208192,
    "德": 0.020477815699658702,
    "台": 0.017064846416382253,
    "希臘": 0.017064846416382253,
    "粵": 0.017064846416382253,
    "波蘭": 0.006825938566552901,
    "烏克蘭": 0.006825938566552901,
    "芬蘭": 0.006825938566552901,
    "西班牙": 0.006825938566552901,
    "世界": 0.0034129692832764505,
    "南非": 0.0034129692832764505,
    "旁遮普": 0.0034129692832764505,
    "法": 0.0034129692832764505,
    "羅馬尼亞": 0.0034129692832764505,
    "義": 0.0034129692832764505,
    "韓": 0.0034129692832764505,
    "total": 1
  }
}