{
  "統計": {
    "日": 98,
    "中": 25,
    "英": 25,
    "純音樂": 23,
    "俄": 20,
    "台": 6,
    "粵": 6,
    "德": 5,
    "ja": 2,
    "希臘": 2,
    "法": 2,
    "波蘭": 2,
    "芬蘭": 2,
    "世界": 1,
    "客": 1,
    "義": 1,
    "西班牙": 1,
    "total": 222
  },
  "占比": {
    "日": 0.44144144144144143,
    "中": 0.11261261261261261,
    "英": 0.11261261261261261,
    "純音樂": 0.1036036036036036,
    "俄": 0.09009009009009009,
    "台": 0.02702702702702703,
    "粵": 0.02702702702702703,
    "德": 0.02252252252252252,
    "ja": 0.009009009009009009,
    "希臘": 0.009009009009009009,
    "法": 0.009009009009009009,
    "波蘭": 0.009009009009009009,
    "芬蘭": 0.009009009009009009,
    "世界": 0.0045045045045045045,
    "客": 0.0045045045045045045,
    "義": 0.0045045045045045045,
    "西班牙": 0.0045045045045045045,
    "total": 1
  }
}