{
  "統計": {
    "日": 172,
    "純音樂": 68,
    "中": 55,
    "英": 40,
    "俄": 32,
    "粵": 11,
    "台": 10,
    "德": 9,
    "希臘": 6,
    "西班牙": 3,
    "法": 2,
    "波蘭": 2,
    "烏克蘭": 2,
    "芬蘭": 2,
    "en": 1,
    "ja": 1,
    "ru": 1,
    "unknown": 1,
    "zh-TW": 1,
    "zxx": 1,
    "世界": 1,
    "南非": 1,
    "旁遮普": 1,
    "泰": 1,
    "羅馬尼亞": 1,
    "義": 1,
    "韓": 1,
    "total": 427
  },
  "占比": {
    "日": 0.4028103044496487,
    "純音樂": 0.1592505854800937,
    "中": 0.1288056206088993,
    "英": 0.0936768149882904,
    "俄": 0.07494145199063232,
    "粵": 0.02576112412177986,
    "台": 0.0234192037470726,
    "德": 0.02107728337236534,
    "希臘": 0.01405152224824356,
    "西班牙": 0.00702576112412178,
    "法": 0.00468384074941452,
    "波蘭": 0.00468384074941452,
    "烏克蘭": 0.00468384074941452,
    "芬蘭": 0.00468384074941452,
    "en": 0.00234192037470726,
    "ja": 0.00234192037470726,
    "ru": 0.00234192037470726,
    "unknown": 0.00234192037470726,
    "zh-TW": 0.00234192037470726,
    "zxx": 0.00234192037470726,
    "世界": 0.00234192037470726,
    "南非": 0.00234192037470726,
    "旁遮普": 0.00234192037470726,
    "泰": 0.00234192037470726,
    "羅馬尼亞": 0.00234192037470726,
    "義": 0.00234192037470726,
    "韓": 0.00234192037470726,
    "total": 1
  }
}