{
  "統計": {
    "日": 219,
    "純音樂": 107,
    "中": 69,
    "英": 44,
    "俄": 36,
    "粵": 11,
    "台": 10,
    "德": 9,
    "希臘": 6,
    "西班牙": 3,
    "芬蘭": 3,
    "韓": 3,
    "法": 2,
    "波蘭": 2,
    "烏克蘭": 2,
    "世界": 1,
    "南非": 1,
    "旁遮普": 1,
    "泰": 1,
    "義": 1,
    "羅馬尼亞": 1,
    "total": 532
  },
  "占比": {
    "日": 0.4116541353383459,
    "純音樂": 0.20112781954887218,
    "中": 0.12969924812030076,
    "英": 0.08270676691729323,
    "俄": 0.06766917293233082,
    "粵": 0.020676691729323307,
    "台": 0.018796992481203006,
    "德": 0.016917293233082706,
    "希臘": 0.011278195488721804,
    "西班牙": 0.005639097744360902,
    "芬蘭": 0.005639097744360902,
    "韓": 0.005639097744360902,
    "法": 0.0037593984962406013,
    "波蘭": 0.0037593984962406013,
    "烏克蘭": 0.0037593984962406013,
    "世界": 0.0018796992481203006,
    "南非": 0.0018796992481203006,
    "旁遮普": 0.0018796992481203006,
    "泰": 0.0018796992481203006,
    "義": 0.0018796992481203006,
    "羅馬尼亞": 0.0018796992481203006,
    "total": 1
  }
}