{
  "統計": {
    "日": 105,
    "中": 25,
    "俄": 25,
    "英": 25,
    "純音樂": 24,
    "粵": 9,
    "台": 5,
    "德": 5,
    "希臘": 3,
    "法": 2,
    "波蘭": 2,
    "芬蘭": 2,
    "世界": 1,
    "客": 1,
    "烏克蘭": 1,
    "義": 1,
    "西班牙": 1,
    "total": 237
  },
  "占比": {
    "日": 0.4430379746835443,
    "中": 0.10548523206751055,
    "俄": 0.10548523206751055,
    "英": 0.10548523206751055,
    "純音樂": 0.10126582278481013,
    "粵": 0.0379746835443038,
    "台": 0.02109704641350211,
    "德": 0.02109704641350211,
    "希臘": 0.012658227848101266,
    "法": 0.008438818565400843,
    "波蘭": 0.008438818565400843,
    "芬蘭": 0.008438818565400843,
    "世界": 0.004219409282700422,
    "客": 0.004219409282700422,
    "烏克蘭": 0.004219409282700422,
    "義": 0.004219409282700422,
    "西班牙": 0.004219409282700422,
    "total": 1
  }
}