{
  "統計": {
    "日": 253,
    "純音樂": 115,
    "中": 74,
    "英": 47,
    "俄": 37,
    "粵": 14,
    "台": 9,
    "德": 8,
    "希臘": 6,
    "烏克蘭": 5,
    "芬蘭": 4,
    "uk": 3,
    "unknown": 3,
    "西班牙": 3,
    "韓": 3,
    "ru": 2,
    "法": 2,
    "波蘭": 2,
    "en": 1,
    "zh-TW": 1,
    "世界": 1,
    "南非": 1,
    "旁遮普": 1,
    "泰": 1,
    "泰盧固": 1,
    "羅馬尼亞": 1,
    "義": 1,
    "total": 599
  },
  "占比": {
    "日": 0.42237061769616024,
    "純音樂": 0.19198664440734559,
    "中": 0.12353923205342238,
    "英": 0.07846410684474124,
    "俄": 0.06176961602671119,
    "粵": 0.02337228714524207,
    "台": 0.015025041736227046,
    "德": 0.01335559265442404,
    "希臘": 0.01001669449081803,
    "烏克蘭": 0.008347245409015025,
    "芬蘭": 0.00667779632721202,
    "uk": 0.005008347245409015,
    "unknown": 0.005008347245409015,
    "西班牙": 0.005008347245409015,
    "韓": 0.005008347245409015,
    "ru": 0.00333889816360601,
    "法": 0.00333889816360601,
    "波蘭": 0.00333889816360601,
    "en": 0.001669449081803005,
    "zh-TW": 0.001669449081803005,
    "世界": 0.001669449081803005,
    "南非": 0.001669449081803005,
    "旁遮普": 0.001669449081803005,
    "泰": 0.001669449081803005,
    "泰盧固": 0.001669449081803005,
    "羅馬尼亞": 0.001669449081803005,
    "義": 0.001669449081803005,
    "total": 1
  }
}