{
  "統計": {
    "日": 98,
<<<<<<< HEAD
    "中": 25,
    "純音樂": 23,
=======
    "中": 24,
    "純音樂": 22,
>>>>>>> bf6bebf8ef72b4d00c17b908b8c47bd59eebf0f8
    "英": 22,
    "俄": 19,
    "台": 5,
    "粵": 5,
    "德": 5,
<<<<<<< HEAD
=======
    "粵": 4,
    "unknown": 2,
>>>>>>> bf6bebf8ef72b4d00c17b908b8c47bd59eebf0f8
    "希臘": 2,
    "法": 2,
    "波蘭": 2,
    "芬蘭": 2,
    "世界": 1,
    "客": 1,
    "義": 1,
<<<<<<< HEAD
    "total": 214
  },
  "占比": {
    "日": 0.45794392523364486,
    "中": 0.11682242990654206,
    "純音樂": 0.10747663551401869,
    "英": 0.102803738317757,
    "俄": 0.08878504672897196,
    "台": 0.02336448598130841,
    "粵": 0.02336448598130841,
    "德": 0.02336448598130841,
    "希臘": 0.009345794392523364,
    "法": 0.009345794392523364,
    "波蘭": 0.009345794392523364,
    "芬蘭": 0.009345794392523364,
    "世界": 0.004672897196261682,
    "西班牙": 0.004672897196261682,
    "客": 0.004672897196261682,
    "義": 0.004672897196261682,
=======
    "西班牙": 1,
    "total": 213
  },
  "占比": {
    "日": 0.460093896713615,
    "中": 0.11267605633802817,
    "純音樂": 0.10328638497652583,
    "英": 0.10328638497652583,
    "俄": 0.0892018779342723,
    "台": 0.023474178403755867,
    "德": 0.023474178403755867,
    "粵": 0.018779342723004695,
    "unknown": 0.009389671361502348,
    "希臘": 0.009389671361502348,
    "法": 0.009389671361502348,
    "波蘭": 0.009389671361502348,
    "芬蘭": 0.009389671361502348,
    "世界": 0.004694835680751174,
    "客": 0.004694835680751174,
    "義": 0.004694835680751174,
    "西班牙": 0.004694835680751174,
>>>>>>> bf6bebf8ef72b4d00c17b908b8c47bd59eebf0f8
    "total": 1
  }
}