{
  "統計": {
    "日": 191,
    "純音樂": 90,
    "中": 61,
    "英": 41,
    "俄": 34,
    "粵": 11,
    "台": 10,
    "德": 9,
    "希臘": 6,
    "西班牙": 3,
    "韓": 3,
    "unknown": 2,
    "法": 2,
    "波蘭": 2,
    "烏克蘭": 2,
    "芬蘭": 2,
    "世界": 1,
    "南非": 1,
    "旁遮普": 1,
    "泰": 1,
    "羅馬尼亞": 1,
    "義": 1,
    "total": 475
  },
  "占比": {
    "日": 0.40210526315789474,
    "純音樂": 0.18947368421052632,
    "中": 0.12842105263157894,
    "英": 0.0863157894736842,
    "俄": 0.07157894736842105,
    "粵": 0.023157894736842106,
    "台": 0.021052631578947368,
    "德": 0.018947368421052633,
    "希臘": 0.01263157894736842,
    "西班牙": 0.00631578947368421,
    "韓": 0.00631578947368421,
    "unknown": 0.004210526315789474,
    "法": 0.004210526315789474,
    "波蘭": 0.004210526315789474,
    "烏克蘭": 0.004210526315789474,
    "芬蘭": 0.004210526315789474,
    "世界": 0.002105263157894737,
    "南非": 0.002105263157894737,
    "旁遮普": 0.002105263157894737,
    "泰": 0.002105263157894737,
    "羅馬尼亞": 0.002105263157894737,
    "義": 0.002105263157894737,
    "total": 1
  }
}