{
  "統計": {
    "日": 226,
    "純音樂": 103,
    "中": 66,
    "英": 48,
    "俄": 40,
    "粵": 12,
    "德": 9,
    "台": 8,
    "烏克蘭": 8,
    "希臘": 7,
    "ja": 3,
    "ru": 3,
    "芬蘭": 3,
    "韓": 3,
    "zh": 2,
    "波蘭": 2,
    "zh-Hant": 1,
    "世界": 1,
    "南非": 1,
    "客": 1,
    "希伯來": 1,
    "拉丁": 1,
    "法": 1,
    "泰": 1,
    "泰盧固": 1,
    "福建": 1,
    "羅馬尼亞": 1,
    "義": 1,
    "諾斯": 1,
    "total": 556
  },
  "占比": {
    "日": 0.4064748201438849,
    "純音樂": 0.18525179856115107,
    "中": 0.11870503597122302,
    "英": 0.08633093525179857,
    "俄": 0.07194244604316546,
    "粵": 0.02158273381294964,
    "德": 0.01618705035971223,
    "台": 0.014388489208633094,
    "烏克蘭": 0.014388489208633094,
    "希臘": 0.012589928057553957,
    "ja": 0.00539568345323741,
    "ru": 0.00539568345323741,
    "芬蘭": 0.00539568345323741,
    "韓": 0.00539568345323741,
    "zh": 0.0035971223021582736,
    "波蘭": 0.0035971223021582736,
    "zh-Hant": 0.0017985611510791368,
    "世界": 0.0017985611510791368,
    "南非": 0.0017985611510791368,
    "客": 0.0017985611510791368,
    "希伯來": 0.0017985611510791368,
    "拉丁": 0.0017985611510791368,
    "法": 0.0017985611510791368,
    "泰": 0.0017985611510791368,
    "泰盧固": 0.0017985611510791368,
    "福建": 0.0017985611510791368,
    "羅馬尼亞": 0.0017985611510791368,
    "義": 0.0017985611510791368,
    "諾斯": 0.0017985611510791368,
    "total": 1
  }
}