{
  "統計": {
    "日": 141,
    "中": 49,
    "純音樂": 46,
    "俄": 39,
    "英": 23,
    "烏克蘭": 15,
    "台": 5,
    "希臘": 4,
    "德": 4,
    "粵": 4,
    "西班牙": 3,
    "en": 2,
    "拉丁": 2,
    "諾斯": 2,
    "en-US": 1,
    "ja": 1,
    "ru": 1,
    "uk": 1,
    "zh": 1,
    "客": 1,
    "法": 1,
    "泰": 1,
    "福建": 1,
    "粵語": 1,
    "芬蘭": 1,
    "total": 350
  },
  "占比": {
    "日": 0.40285714285714286,
    "中": 0.14,
    "純音樂": 0.13142857142857142,
    "俄": 0.11142857142857143,
    "英": 0.06571428571428571,
    "烏克蘭": 0.04285714285714286,
    "台": 0.014285714285714285,
    "希臘": 0.011428571428571429,
    "德": 0.011428571428571429,
    "粵": 0.011428571428571429,
    "西班牙": 0.008571428571428572,
    "en": 0.005714285714285714,
    "拉丁": 0.005714285714285714,
    "諾斯": 0.005714285714285714,
    "en-US": 0.002857142857142857,
    "ja": 0.002857142857142857,
    "ru": 0.002857142857142857,
    "uk": 0.002857142857142857,
    "zh": 0.002857142857142857,
    "客": 0.002857142857142857,
    "法": 0.002857142857142857,
    "泰": 0.002857142857142857,
    "福建": 0.002857142857142857,
    "粵語": 0.002857142857142857,
    "芬蘭": 0.002857142857142857,
    "total": 1
  }
}