{
  "統計": {
    "日": 232,
    "純音樂": 100,
    "中": 66,
    "英": 45,
    "俄": 41,
    "粵": 13,
    "德": 9,
    "烏克蘭": 9,
    "台": 8,
    "希臘": 7,
    "芬蘭": 4,
    "韓": 3,
    "en": 2,
    "波蘭": 2,
    "世界": 1,
    "南非": 1,
    "希伯來": 1,
    "拉丁": 1,
    "法": 1,
    "泰": 1,
    "泰盧固": 1,
    "福建": 1,
    "羅馬尼亞": 1,
    "義": 1,
    "諾斯": 1,
    "total": 552
  },
  "占比": {
    "日": 0.42028985507246375,
    "純音樂": 0.18115942028985507,
    "中": 0.11956521739130435,
    "英": 0.08152173913043478,
    "俄": 0.07427536231884058,
    "粵": 0.02355072463768116,
    "德": 0.016304347826086956,
    "烏克蘭": 0.016304347826086956,
    "台": 0.014492753623188406,
    "希臘": 0.012681159420289856,
    "芬蘭": 0.007246376811594203,
    "韓": 0.005434782608695652,
    "en": 0.0036231884057971015,
    "波蘭": 0.0036231884057971015,
    "世界": 0.0018115942028985507,
    "南非": 0.0018115942028985507,
    "希伯來": 0.0018115942028985507,
    "拉丁": 0.0018115942028985507,
    "法": 0.0018115942028985507,
    "泰": 0.0018115942028985507,
    "泰盧固": 0.0018115942028985507,
    "福建": 0.0018115942028985507,
    "羅馬尼亞": 0.0018115942028985507,
    "義": 0.0018115942028985507,
    "諾斯": 0.0018115942028985507,
    "total": 1
  }
}