{
  "統計": {
    "日": 84,
    "中": 30,
    "純音樂": 29,
    "俄": 25,
    "英": 14,
    "烏克蘭": 12,
    "希臘": 4,
    "台": 3,
    "德": 3,
    "西班牙": 3,
    "拉丁": 2,
    "諾斯": 2,
    "de": 1,
    "en": 1,
    "fi": 1,
    "ja": 1,
    "ru": 1,
    "zh-TW": 1,
    "法": 1,
    "福建": 1,
    "粵": 1,
    "total": 220
  },
  "占比": {
    "日": 0.38181818181818183,
    "中": 0.13636363636363635,
    "純音樂": 0.1318181818181818,
    "俄": 0.11363636363636363,
    "英": 0.06363636363636363,
    "烏克蘭": 0.05454545454545454,
    "希臘": 0.01818181818181818,
    "台": 0.013636363636363636,
    "德": 0.013636363636363636,
    "西班牙": 0.013636363636363636,
    "拉丁": 0.00909090909090909,
    "諾斯": 0.00909090909090909,
    "de": 0.004545454545454545,
    "en": 0.004545454545454545,
    "fi": 0.004545454545454545,
    "ja": 0.004545454545454545,
    "ru": 0.004545454545454545,
    "zh-TW": 0.004545454545454545,
    "法": 0.004545454545454545,
    "福建": 0.004545454545454545,
    "粵": 0.004545454545454545,
    "total": 1
  }
}