{
  "統計": {
    "日": 105,
    "中": 33,
    "俄": 27,
    "純音樂": 27,
    "英": 24,
    "粵": 8,
    "台": 6,
    "德": 5,
    "烏克蘭": 5,
    "希臘": 3,
    "zh": 2,
    "法": 2,
    "波蘭": 2,
    "芬蘭": 2,
    "ja": 1,
    "ru": 1,
    "th": 1,
    "zxx": 1,
    "世界": 1,
    "客": 1,
    "義": 1,
    "total": 258
  },
  "占比": {
    "日": 0.4069767441860465,
    "中": 0.12790697674418605,
    "俄": 0.10465116279069768,
    "純音樂": 0.10465116279069768,
    "英": 0.09302325581395349,
    "粵": 0.031007751937984496,
    "台": 0.023255813953488372,
    "德": 0.01937984496124031,
    "烏克蘭": 0.01937984496124031,
    "希臘": 0.011627906976744186,
    "zh": 0.007751937984496124,
    "法": 0.007751937984496124,
    "波蘭": 0.007751937984496124,
    "芬蘭": 0.007751937984496124,
    "ja": 0.003875968992248062,
    "ru": 0.003875968992248062,
    "th": 0.003875968992248062,
    "zxx": 0.003875968992248062,
    "世界": 0.003875968992248062,
    "客": 0.003875968992248062,
    "義": 0.003875968992248062,
    "total": 1
  }
}