{
  "統計": {
    "日": 96,
    "英": 25,
    "中": 20,
    "純音樂": 20,
    "俄": 15,
    "台": 4,
    "德": 4,
    "粵": 4,
    "法": 2,
    "波蘭": 2,
    "芬蘭": 2,
    "unknown": 1,
    "世界": 1,
    "客": 1,
    "希臘": 1,
    "義": 1,
    "total": 199
  },
  "占比": {
    "日": 0.4824120603015075,
    "英": 0.12562814070351758,
    "中": 0.10050251256281408,
    "純音樂": 0.10050251256281408,
    "俄": 0.07537688442211055,
    "台": 0.020100502512562814,
    "德": 0.020100502512562814,
    "粵": 0.020100502512562814,
    "法": 0.010050251256281407,
    "波蘭": 0.010050251256281407,
    "芬蘭": 0.010050251256281407,
    "unknown": 0.005025125628140704,
    "世界": 0.005025125628140704,
    "客": 0.005025125628140704,
    "希臘": 0.005025125628140704,
    "義": 0.005025125628140704,
    "total": 1
  }
}