{
  "統計": {
    "日": 224,
    "純音樂": 91,
    "中": 66,
    "英": 45,
    "俄": 40,
    "粵": 13,
    "ja": 10,
    "德": 9,
    "台": 8,
    "希臘": 6,
    "烏克蘭": 6,
    "芬蘭": 4,
    "韓": 3,
    "en": 2,
    "波蘭": 2,
    "uk": 1,
    "世界": 1,
    "南非": 1,
    "希伯來": 1,
    "法": 1,
    "泰": 1,
    "泰盧固": 1,
    "福建": 1,
    "羅馬尼亞": 1,
    "義": 1,
    "total": 539
  },
  "占比": {
    "日": 0.4155844155844156,
    "純音樂": 0.16883116883116883,
    "中": 0.12244897959183673,
    "英": 0.08348794063079777,
    "俄": 0.07421150278293136,
    "粵": 0.02411873840445269,
    "ja": 0.01855287569573284,
    "德": 0.016697588126159554,
    "台": 0.014842300556586271,
    "希臘": 0.011131725417439703,
    "烏克蘭": 0.011131725417439703,
    "芬蘭": 0.0074211502782931356,
    "韓": 0.0055658627087198514,
    "en": 0.0037105751391465678,
    "波蘭": 0.0037105751391465678,
    "uk": 0.0018552875695732839,
    "世界": 0.0018552875695732839,
    "南非": 0.0018552875695732839,
    "希伯來": 0.0018552875695732839,
    "法": 0.0018552875695732839,
    "泰": 0.0018552875695732839,
    "泰盧固": 0.0018552875695732839,
    "福建": 0.0018552875695732839,
    "羅馬尼亞": 0.0018552875695732839,
    "義": 0.0018552875695732839,
    "total": 1
  }
}