{
  "統計": {
    "日": 179,
    "純音樂": 90,
    "中": 60,
    "英": 40,
    "俄": 34,
    "粵": 11,
    "台": 10,
    "德": 9,
    "希臘": 6,
    "西班牙": 3,
    "法": 2,
    "波蘭": 2,
    "烏克蘭": 2,
    "芬蘭": 2,
    "韓": 2,
    "unknown": 1,
    "世界": 1,
    "南非": 1,
    "旁遮普": 1,
    "泰": 1,
    "羅馬尼亞": 1,
    "義": 1,
    "total": 459
  },
  "占比": {
    "日": 0.3899782135076253,
    "純音樂": 0.19607843137254902,
    "中": 0.13071895424836602,
    "英": 0.08714596949891068,
    "俄": 0.07407407407407407,
    "粵": 0.023965141612200435,
    "台": 0.02178649237472767,
    "德": 0.0196078431372549,
    "希臘": 0.013071895424836602,
    "西班牙": 0.006535947712418301,
    "法": 0.004357298474945534,
    "波蘭": 0.004357298474945534,
    "烏克蘭": 0.004357298474945534,
    "芬蘭": 0.004357298474945534,
    "韓": 0.004357298474945534,
    "unknown": 0.002178649237472767,
    "世界": 0.002178649237472767,
    "南非": 0.002178649237472767,
    "旁遮普": 0.002178649237472767,
    "泰": 0.002178649237472767,
    "羅馬尼亞": 0.002178649237472767,
    "義": 0.002178649237472767,
    "total": 1
  }
}