{
  "統計": {
    "日": 132,
    "純音樂": 54,
    "中": 40,
    "英": 28,
    "俄": 24,
    "台": 7,
    "德": 7,
    "希臘": 5,
    "粵": 5,
    "波蘭": 2,
    "烏克蘭": 2,
    "芬蘭": 2,
    "西班牙": 2,
    "ja": 1,
    "unknown": 1,
    "世界": 1,
    "南非": 1,
    "旁遮普": 1,
    "法": 1,
    "泰": 1,
    "羅馬尼亞": 1,
    "義": 1,
    "韓": 1,
    "total": 320
  },
  "占比": {
    "日": 0.4125,
    "純音樂": 0.16875,
    "中": 0.125,
    "英": 0.0875,
    "俄": 0.075,
    "台": 0.021875,
    "德": 0.021875,
    "希臘": 0.015625,
    "粵": 0.015625,
    "波蘭": 0.00625,
    "烏克蘭": 0.00625,
    "芬蘭": 0.00625,
    "西班牙": 0.00625,
    "ja": 0.003125,
    "unknown": 0.003125,
    "世界": 0.003125,
    "南非": 0.003125,
    "旁遮普": 0.003125,
    "法": 0.003125,
    "泰": 0.003125,
    "羅馬尼亞": 0.003125,
    "義": 0.003125,
    "韓": 0.003125,
    "total": 1
  }
}