{
  "統計": {
    "日": 204,
    "純音樂": 99,
    "中": 65,
    "英": 42,
    "俄": 35,
    "粵": 11,
    "台": 10,
    "德": 10,
    "希臘": 6,
    "芬蘭": 3,
    "西班牙": 3,
    "韓": 3,
    "ja": 2,
    "unknown": 2,
    "法": 2,
    "波蘭": 2,
    "烏克蘭": 2,
    "世界": 1,
    "南非": 1,
    "旁遮普": 1,
    "泰": 1,
    "羅馬尼亞": 1,
    "義": 1,
    "total": 507
  },
  "占比": {
    "日": 0.40236686390532544,
    "純音樂": 0.1952662721893491,
    "中": 0.1282051282051282,
    "英": 0.08284023668639054,
    "俄": 0.06903353057199212,
    "粵": 0.021696252465483234,
    "台": 0.01972386587771203,
    "德": 0.01972386587771203,
    "希臘": 0.011834319526627219,
    "芬蘭": 0.005917159763313609,
    "西班牙": 0.005917159763313609,
    "韓": 0.005917159763313609,
    "ja": 0.0039447731755424065,
    "unknown": 0.0039447731755424065,
    "法": 0.0039447731755424065,
    "波蘭": 0.0039447731755424065,
    "烏克蘭": 0.0039447731755424065,
    "世界": 0.0019723865877712033,
    "南非": 0.0019723865877712033,
    "旁遮普": 0.0019723865877712033,
    "泰": 0.0019723865877712033,
    "羅馬尼亞": 0.0019723865877712033,
    "義": 0.0019723865877712033,
    "total": 1
  }
}