{
  "統計": {
    "日": 232,
    "純音樂": 100,
    "中": 66,
    "英": 45,
    "俄": 41,
    "粵": 13,
    "德": 9,
    "烏克蘭": 9,
    "台": 8,
    "希臘": 7,
    "芬蘭": 4,
    "韓": 3,
    "波蘭": 2,
    "en": 1,
    "世界": 1,
    "南非": 1,
    "希伯來": 1,
    "拉丁": 1,
    "法": 1,
    "泰": 1,
    "泰盧固": 1,
    "福建": 1,
    "羅馬尼亞": 1,
    "義": 1,
    "諾斯": 1,
    "total": 551
  },
  "占比": {
    "日": 0.42105263157894735,
    "純音樂": 0.18148820326678766,
    "中": 0.11978221415607986,
    "英": 0.08166969147005444,
    "俄": 0.07441016333938294,
    "粵": 0.023593466424682397,
    "德": 0.016333938294010888,
    "烏克蘭": 0.016333938294010888,
    "台": 0.014519056261343012,
    "希臘": 0.012704174228675136,
    "芬蘭": 0.007259528130671506,
    "韓": 0.0054446460980036296,
    "波蘭": 0.003629764065335753,
    "en": 0.0018148820326678765,
    "世界": 0.0018148820326678765,
    "南非": 0.0018148820326678765,
    "希伯來": 0.0018148820326678765,
    "拉丁": 0.0018148820326678765,
    "法": 0.0018148820326678765,
    "泰": 0.0018148820326678765,
    "泰盧固": 0.0018148820326678765,
    "福建": 0.0018148820326678765,
    "羅馬尼亞": 0.0018148820326678765,
    "義": 0.0018148820326678765,
    "諾斯": 0.0018148820326678765,
    "total": 1
  }
}