{
  "統計": {
    "日": 231,
    "純音樂": 106,
    "中": 68,
    "英": 45,
    "俄": 43,
    "粵": 13,
    "unknown": 10,
    "台": 9,
    "德": 9,
    "烏克蘭": 9,
    "希臘": 7,
    "芬蘭": 3,
    "韓": 3,
    "拉丁": 2,
    "波蘭": 2,
    "ja": 1,
    "zh-TW": 1,
    "世界": 1,
    "南非": 1,
    "客": 1,
    "希伯來": 1,
    "法": 1,
    "泰": 1,
    "泰盧固": 1,
    "福建": 1,
    "羅馬尼亞": 1,
    "義": 1,
    "諾斯": 1,
    "total": 573
  },
  "占比": {
    "日": 0.4031413612565445,
    "純音樂": 0.1849912739965096,
    "中": 0.11867364746945899,
    "英": 0.07853403141361257,
    "俄": 0.07504363001745201,
    "粵": 0.02268760907504363,
    "unknown": 0.017452006980802792,
    "台": 0.015706806282722512,
    "德": 0.015706806282722512,
    "烏克蘭": 0.015706806282722512,
    "希臘": 0.012216404886561954,
    "芬蘭": 0.005235602094240838,
    "韓": 0.005235602094240838,
    "拉丁": 0.0034904013961605585,
    "波蘭": 0.0034904013961605585,
    "ja": 0.0017452006980802793,
    "zh-TW": 0.0017452006980802793,
    "世界": 0.0017452006980802793,
    "南非": 0.0017452006980802793,
    "客": 0.0017452006980802793,
    "希伯來": 0.0017452006980802793,
    "法": 0.0017452006980802793,
    "泰": 0.0017452006980802793,
    "泰盧固": 0.0017452006980802793,
    "福建": 0.0017452006980802793,
    "羅馬尼亞": 0.0017452006980802793,
    "義": 0.0017452006980802793,
    "諾斯": 0.0017452006980802793,
    "total": 1
  }
}