{
  "統計": {
    "日": 141,
    "中": 49,
    "純音樂": 46,
    "俄": 39,
    "英": 23,
    "烏克蘭": 15,
    "ja": 6,
    "台": 5,
    "希臘": 4,
    "德": 4,
    "粵": 4,
    "en": 3,
    "西班牙": 3,
    "uk": 2,
    "拉丁": 2,
    "諾斯": 2,
    "da": 1,
    "en-US": 1,
    "ru": 1,
    "zh": 1,
    "客": 1,
    "法": 1,
    "泰": 1,
    "福建": 1,
    "粵語": 1,
    "芬蘭": 1,
    "total": 358
  },
  "占比": {
    "日": 0.39385474860335196,
    "中": 0.13687150837988826,
    "純音樂": 0.12849162011173185,
    "俄": 0.10893854748603352,
    "英": 0.06424581005586592,
    "烏克蘭": 0.04189944134078212,
    "ja": 0.01675977653631285,
    "台": 0.013966480446927373,
    "希臘": 0.0111731843575419,
    "德": 0.0111731843575419,
    "粵": 0.0111731843575419,
    "en": 0.008379888268156424,
    "西班牙": 0.008379888268156424,
    "uk": 0.00558659217877095,
    "拉丁": 0.00558659217877095,
    "諾斯": 0.00558659217877095,
    "da": 0.002793296089385475,
    "en-US": 0.002793296089385475,
    "ru": 0.002793296089385475,
    "zh": 0.002793296089385475,
    "客": 0.002793296089385475,
    "法": 0.002793296089385475,
    "泰": 0.002793296089385475,
    "福建": 0.002793296089385475,
    "粵語": 0.002793296089385475,
    "芬蘭": 0.002793296089385475,
    "total": 1
  }
}