{
  "統計": {
    "日": 137,
    "純音樂": 54,
    "中": 41,
    "英": 31,
    "俄": 25,
    "台": 8,
    "德": 7,
    "希臘": 5,
    "粵": 5,
    "波蘭": 2,
    "烏克蘭": 2,
    "芬蘭": 2,
    "西班牙": 2,
    "世界": 1,
    "南非": 1,
    "旁遮普": 1,
    "法": 1,
    "泰": 1,
    "羅馬尼亞": 1,
    "義": 1,
    "韓": 1,
    "total": 329
  },
  "占比": {
    "日": 0.41641337386018235,
    "純音樂": 0.1641337386018237,
    "中": 0.12462006079027356,
    "英": 0.09422492401215805,
    "俄": 0.07598784194528875,
    "台": 0.0243161094224924,
    "德": 0.02127659574468085,
    "希臘": 0.015197568389057751,
    "粵": 0.015197568389057751,
    "波蘭": 0.0060790273556231,
    "烏克蘭": 0.0060790273556231,
    "芬蘭": 0.0060790273556231,
    "西班牙": 0.0060790273556231,
    "世界": 0.00303951367781155,
    "南非": 0.00303951367781155,
    "旁遮普": 0.00303951367781155,
    "法": 0.00303951367781155,
    "泰": 0.00303951367781155,
    "羅馬尼亞": 0.00303951367781155,
    "義": 0.00303951367781155,
    "韓": 0.00303951367781155,
    "total": 1
  }
}