{
  "統計": {
    "日": 119,
    "純音樂": 41,
    "俄": 36,
    "中": 35,
    "英": 20,
    "ja": 16,
    "烏克蘭": 14,
    "zh": 10,
    "台": 4,
    "希臘": 4,
    "德": 4,
    "西班牙": 3,
    "ru": 2,
    "und": 2,
    "zh-Hant": 2,
    "拉丁": 2,
    "粵": 2,
    "諾斯": 2,
    "th": 1,
    "uk": 1,
    "zxx": 1,
    "客": 1,
    "法": 1,
    "福建": 1,
    "芬蘭": 1,
    "total": 325
  },
  "占比": {
    "日": 0.36615384615384616,
    "純音樂": 0.12615384615384614,
    "俄": 0.11076923076923077,
    "中": 0.1076923076923077,
    "英": 0.06153846153846154,
    "ja": 0.04923076923076923,
    "烏克蘭": 0.043076923076923075,
    "zh": 0.03076923076923077,
    "台": 0.012307692307692308,
    "希臘": 0.012307692307692308,
    "德": 0.012307692307692308,
    "西班牙": 0.009230769230769232,
    "ru": 0.006153846153846154,
    "und": 0.006153846153846154,
    "zh-Hant": 0.006153846153846154,
    "拉丁": 0.006153846153846154,
    "粵": 0.006153846153846154,
    "諾斯": 0.006153846153846154,
    "th": 0.003076923076923077,
    "uk": 0.003076923076923077,
    "zxx": 0.003076923076923077,
    "客": 0.003076923076923077,
    "法": 0.003076923076923077,
    "福建": 0.003076923076923077,
    "芬蘭": 0.003076923076923077,
    "total": 1
  }
}