{
  "統計": {
    "日": 231,
    "純音樂": 100,
    "中": 66,
    "英": 45,
    "俄": 41,
    "粵": 13,
    "德": 9,
    "台": 8,
    "烏克蘭": 8,
    "希臘": 7,
    "en": 4,
    "芬蘭": 4,
    "ja": 3,
    "韓": 3,
    "波蘭": 2,
    "ru": 1,
    "uk": 1,
    "世界": 1,
    "南非": 1,
    "希伯來": 1,
    "拉丁": 1,
    "法": 1,
    "泰": 1,
    "泰盧固": 1,
    "福建": 1,
    "羅馬尼亞": 1,
    "義": 1,
    "諾斯": 1,
    "total": 557
  },
  "占比": {
    "日": 0.414721723518851,
    "純音樂": 0.17953321364452424,
    "中": 0.118491921005386,
    "英": 0.0807899461400359,
    "俄": 0.07360861759425494,
    "粵": 0.02333931777378815,
    "德": 0.01615798922800718,
    "台": 0.01436265709156194,
    "烏克蘭": 0.01436265709156194,
    "希臘": 0.012567324955116697,
    "en": 0.00718132854578097,
    "芬蘭": 0.00718132854578097,
    "ja": 0.005385996409335727,
    "韓": 0.005385996409335727,
    "波蘭": 0.003590664272890485,
    "ru": 0.0017953321364452424,
    "uk": 0.0017953321364452424,
    "世界": 0.0017953321364452424,
    "南非": 0.0017953321364452424,
    "希伯來": 0.0017953321364452424,
    "拉丁": 0.0017953321364452424,
    "法": 0.0017953321364452424,
    "泰": 0.0017953321364452424,
    "泰盧固": 0.0017953321364452424,
    "福建": 0.0017953321364452424,
    "羅馬尼亞": 0.0017953321364452424,
    "義": 0.0017953321364452424,
    "諾斯": 0.0017953321364452424,
    "total": 1
  }
}