{
  "統計": {
    "日": 233,
    "純音樂": 91,
    "中": 64,
    "英": 43,
    "俄": 36,
    "粵": 13,
    "台": 8,
    "德": 8,
    "希臘": 6,
    "烏克蘭": 6,
    "ja": 4,
    "芬蘭": 4,
    "ru": 3,
    "韓": 3,
    "en": 2,
    "zh": 2,
    "波蘭": 2,
    "zh-Hant": 1,
    "世界": 1,
    "南非": 1,
    "希伯來": 1,
    "旁遮普": 1,
    "法": 1,
    "泰": 1,
    "泰盧固": 1,
    "福建": 1,
    "羅馬尼亞": 1,
    "義": 1,
    "total": 539
  },
  "占比": {
    "日": 0.4322820037105751,
    "純音樂": 0.16883116883116883,
    "中": 0.11873840445269017,
    "英": 0.07977736549165121,
    "俄": 0.06679035250463822,
    "粵": 0.02411873840445269,
    "台": 0.014842300556586271,
    "德": 0.014842300556586271,
    "希臘": 0.011131725417439703,
    "烏克蘭": 0.011131725417439703,
    "ja": 0.0074211502782931356,
    "芬蘭": 0.0074211502782931356,
    "ru": 0.0055658627087198514,
    "韓": 0.0055658627087198514,
    "en": 0.0037105751391465678,
    "zh": 0.0037105751391465678,
    "波蘭": 0.0037105751391465678,
    "zh-Hant": 0.0018552875695732839,
    "世界": 0.0018552875695732839,
    "南非": 0.0018552875695732839,
    "希伯來": 0.0018552875695732839,
    "旁遮普": 0.0018552875695732839,
    "法": 0.0018552875695732839,
    "泰": 0.0018552875695732839,
    "泰盧固": 0.0018552875695732839,
    "福建": 0.0018552875695732839,
    "羅馬尼亞": 0.0018552875695732839,
    "義": 0.0018552875695732839,
    "total": 1
  }
}