{
  "統計": {
    "日": 253,
    "純音樂": 115,
    "中": 74,
    "英": 47,
    "俄": 37,
    "粵": 14,
    "台": 9,
    "德": 8,
    "希臘": 6,
    "烏克蘭": 5,
    "芬蘭": 4,
    "uk": 3,
    "unknown": 3,
    "西班牙": 3,
    "韓": 3,
    "ru": 2,
    "法": 2,
    "波蘭": 2,
    "en": 1,
    "世界": 1,
    "南非": 1,
    "旁遮普": 1,
    "泰": 1,
    "泰盧固": 1,
    "羅馬尼亞": 1,
    "義": 1,
    "total": 598
  },
  "占比": {
    "日": 0.4230769230769231,
    "純音樂": 0.19230769230769232,
    "中": 0.12374581939799331,
    "英": 0.07859531772575251,
    "俄": 0.061872909698996656,
    "粵": 0.023411371237458192,
    "台": 0.015050167224080268,
    "德": 0.013377926421404682,
    "希臘": 0.010033444816053512,
    "烏克蘭": 0.008361204013377926,
    "芬蘭": 0.006688963210702341,
    "uk": 0.005016722408026756,
    "unknown": 0.005016722408026756,
    "西班牙": 0.005016722408026756,
    "韓": 0.005016722408026756,
    "ru": 0.0033444816053511705,
    "法": 0.0033444816053511705,
    "波蘭": 0.0033444816053511705,
    "en": 0.0016722408026755853,
    "世界": 0.0016722408026755853,
    "南非": 0.0016722408026755853,
    "旁遮普": 0.0016722408026755853,
    "泰": 0.0016722408026755853,
    "泰盧固": 0.0016722408026755853,
    "羅馬尼亞": 0.0016722408026755853,
    "義": 0.0016722408026755853,
    "total": 1
  }
}