{
  "統計": {
    "日": 126,
    "純音樂": 54,
    "中": 35,
    "英": 27,
    "俄": 24,
    "德": 6,
    "台": 5,
    "希臘": 5,
    "粵": 5,
    "unknown": 4,
    "zh-TW": 2,
    "波蘭": 2,
    "烏克蘭": 2,
    "芬蘭": 2,
    "西班牙": 2,
    "en": 1,
    "世界": 1,
    "南非": 1,
    "旁遮普": 1,
    "法": 1,
    "羅馬尼亞": 1,
    "義": 1,
    "韓": 1,
    "total": 309
  },
  "占比": {
    "日": 0.4077669902912621,
    "純音樂": 0.17475728155339806,
    "中": 0.11326860841423948,
    "英": 0.08737864077669903,
    "俄": 0.07766990291262135,
    "德": 0.019417475728155338,
    "台": 0.016181229773462782,
    "希臘": 0.016181229773462782,
    "粵": 0.016181229773462782,
    "unknown": 0.012944983818770227,
    "zh-TW": 0.006472491909385114,
    "波蘭": 0.006472491909385114,
    "烏克蘭": 0.006472491909385114,
    "芬蘭": 0.006472491909385114,
    "西班牙": 0.006472491909385114,
    "en": 0.003236245954692557,
    "世界": 0.003236245954692557,
    "南非": 0.003236245954692557,
    "旁遮普": 0.003236245954692557,
    "法": 0.003236245954692557,
    "羅馬尼亞": 0.003236245954692557,
    "義": 0.003236245954692557,
    "韓": 0.003236245954692557,
    "total": 1
  }
}