{
  "統計": {
    "日": 235,
    "純音樂": 94,
    "中": 64,
    "英": 43,
    "俄": 36,
    "粵": 13,
    "台": 10,
    "ja": 7,
    "德": 7,
    "希臘": 6,
    "烏克蘭": 6,
    "芬蘭": 4,
    "韓": 3,
    "波蘭": 2,
    "en": 1,
    "und": 1,
    "zh": 1,
    "zh-TW": 1,
    "世界": 1,
    "南非": 1,
    "希伯來": 1,
    "旁遮普": 1,
    "法": 1,
    "泰": 1,
    "泰盧固": 1,
    "羅馬尼亞": 1,
    "義": 1,
    "total": 543
  },
  "占比": {
    "日": 0.43278084714548803,
    "純音樂": 0.1731123388581952,
    "中": 0.11786372007366483,
    "英": 0.07918968692449356,
    "俄": 0.06629834254143646,
    "粵": 0.02394106813996317,
    "台": 0.01841620626151013,
    "ja": 0.01289134438305709,
    "德": 0.01289134438305709,
    "希臘": 0.011049723756906077,
    "烏克蘭": 0.011049723756906077,
    "芬蘭": 0.007366482504604052,
    "韓": 0.0055248618784530384,
    "波蘭": 0.003683241252302026,
    "en": 0.001841620626151013,
    "und": 0.001841620626151013,
    "zh": 0.001841620626151013,
    "zh-TW": 0.001841620626151013,
    "世界": 0.001841620626151013,
    "南非": 0.001841620626151013,
    "希伯來": 0.001841620626151013,
    "旁遮普": 0.001841620626151013,
    "法": 0.001841620626151013,
    "泰": 0.001841620626151013,
    "泰盧固": 0.001841620626151013,
    "羅馬尼亞": 0.001841620626151013,
    "義": 0.001841620626151013,
    "total": 1
  }
}