{
  "統計": {
    "日": 119,
    "純音樂": 41,
    "俄": 36,
    "中": 35,
    "英": 20,
    "ja": 15,
    "烏克蘭": 14,
    "zh": 10,
    "台": 4,
    "希臘": 4,
    "德": 4,
    "西班牙": 3,
    "und": 2,
    "zh-Hant": 2,
    "拉丁": 2,
    "粵": 2,
    "諾斯": 2,
    "ru": 1,
    "th": 1,
    "uk": 1,
    "zxx": 1,
    "客": 1,
    "法": 1,
    "福建": 1,
    "芬蘭": 1,
    "total": 323
  },
  "占比": {
    "日": 0.3684210526315789,
    "純音樂": 0.12693498452012383,
    "俄": 0.11145510835913312,
    "中": 0.10835913312693499,
    "英": 0.06191950464396285,
    "ja": 0.04643962848297214,
    "烏克蘭": 0.043343653250773995,
    "zh": 0.030959752321981424,
    "台": 0.01238390092879257,
    "希臘": 0.01238390092879257,
    "德": 0.01238390092879257,
    "西班牙": 0.009287925696594427,
    "und": 0.006191950464396285,
    "zh-Hant": 0.006191950464396285,
    "拉丁": 0.006191950464396285,
    "粵": 0.006191950464396285,
    "諾斯": 0.006191950464396285,
    "ru": 0.0030959752321981426,
    "th": 0.0030959752321981426,
    "uk": 0.0030959752321981426,
    "zxx": 0.0030959752321981426,
    "客": 0.0030959752321981426,
    "法": 0.0030959752321981426,
    "福建": 0.0030959752321981426,
    "芬蘭": 0.0030959752321981426,
    "total": 1
  }
}