{
  "統計": {
    "日": 149,
    "純音樂": 54,
    "中": 51,
    "俄": 43,
    "英": 24,
    "烏克蘭": 18,
    "台": 5,
    "粵": 5,
    "希臘": 4,
    "德": 4,
    "西班牙": 3,
    "拉丁": 2,
    "阿拉伯": 2,
    "諾斯": 2,
    "法": 1,
    "芬蘭": 1,
    "阿美": 1,
    "客": 1,
    "泰": 1,
    "粵語": 1,
    "福建": 1,
    "total": 373
  },
  "占比": {
    "日": 0.39946380697050937,
    "純音樂": 0.1447721179624665,
    "中": 0.13672922252010725,
    "俄": 0.11528150134048257,
    "英": 0.064343163538874,
    "烏克蘭": 0.04825737265415549,
    "台": 0.013404825737265416,
    "粵": 0.013404825737265416,
    "希臘": 0.010723860589812333,
    "德": 0.010723860589812333,
    "西班牙": 0.00804289544235925,
    "拉丁": 0.005361930294906166,
    "阿拉伯": 0.005361930294906166,
    "諾斯": 0.005361930294906166,
    "法": 0.002680965147453083,
    "芬蘭": 0.002680965147453083,
    "阿美": 0.002680965147453083,
    "客": 0.002680965147453083,
    "泰": 0.002680965147453083,
    "粵語": 0.002680965147453083,
    "福建": 0.002680965147453083,
    "total": 1
  }
}