{
  "統計": {
    "日": 119,
    "純音樂": 41,
    "俄": 36,
    "中": 35,
    "英": 20,
    "烏克蘭": 14,
    "ja": 12,
    "zh": 8,
    "台": 4,
    "希臘": 4,
    "德": 4,
    "西班牙": 3,
    "und": 2,
    "拉丁": 2,
    "粵": 2,
    "諾斯": 2,
    "ru": 1,
    "th": 1,
    "uk": 1,
    "zh-Hant": 1,
    "zxx": 1,
    "客": 1,
    "法": 1,
    "福建": 1,
    "芬蘭": 1,
    "total": 317
  },
  "占比": {
    "日": 0.3753943217665615,
    "純音樂": 0.12933753943217666,
    "俄": 0.11356466876971609,
    "中": 0.11041009463722397,
    "英": 0.06309148264984227,
    "烏克蘭": 0.04416403785488959,
    "ja": 0.03785488958990536,
    "zh": 0.025236593059936908,
    "台": 0.012618296529968454,
    "希臘": 0.012618296529968454,
    "德": 0.012618296529968454,
    "西班牙": 0.00946372239747634,
    "und": 0.006309148264984227,
    "拉丁": 0.006309148264984227,
    "粵": 0.006309148264984227,
    "諾斯": 0.006309148264984227,
    "ru": 0.0031545741324921135,
    "th": 0.0031545741324921135,
    "uk": 0.0031545741324921135,
    "zh-Hant": 0.0031545741324921135,
    "zxx": 0.0031545741324921135,
    "客": 0.0031545741324921135,
    "法": 0.0031545741324921135,
    "福建": 0.0031545741324921135,
    "芬蘭": 0.0031545741324921135,
    "total": 1
  }
}