{
  "統計": {
    "日": 126,
    "純音樂": 54,
    "中": 39,
    "英": 28,
    "俄": 24,
    "台": 7,
    "德": 7,
    "希臘": 5,
    "粵": 5,
    "波蘭": 2,
    "烏克蘭": 2,
    "芬蘭": 2,
    "西班牙": 2,
    "ja": 1,
    "世界": 1,
    "南非": 1,
    "旁遮普": 1,
    "法": 1,
    "羅馬尼亞": 1,
    "義": 1,
    "韓": 1,
    "total": 311
  },
  "占比": {
    "日": 0.40514469453376206,
    "純音樂": 0.17363344051446947,
    "中": 0.12540192926045016,
    "英": 0.09003215434083602,
    "俄": 0.07717041800643087,
    "台": 0.022508038585209004,
    "德": 0.022508038585209004,
    "希臘": 0.01607717041800643,
    "粵": 0.01607717041800643,
    "波蘭": 0.006430868167202572,
    "烏克蘭": 0.006430868167202572,
    "芬蘭": 0.006430868167202572,
    "西班牙": 0.006430868167202572,
    "ja": 0.003215434083601286,
    "世界": 0.003215434083601286,
    "南非": 0.003215434083601286,
    "旁遮普": 0.003215434083601286,
    "法": 0.003215434083601286,
    "羅馬尼亞": 0.003215434083601286,
    "義": 0.003215434083601286,
    "韓": 0.003215434083601286,
    "total": 1
  }
}