{
  "統計": {
    "日": 169,
    "純音樂": 65,
    "中": 55,
    "英": 39,
    "俄": 32,
    "台": 10,
    "粵": 10,
    "德": 9,
    "希臘": 6,
    "西班牙": 3,
    "法": 2,
    "波蘭": 2,
    "烏克蘭": 2,
    "芬蘭": 2,
    "世界": 1,
    "南非": 1,
    "旁遮普": 1,
    "泰": 1,
    "羅馬尼亞": 1,
    "義": 1,
    "韓": 1,
    "total": 413
  },
  "占比": {
    "日": 0.4092009685230024,
    "純音樂": 0.15738498789346247,
    "中": 0.13317191283292978,
    "英": 0.09443099273607748,
    "俄": 0.0774818401937046,
    "台": 0.024213075060532687,
    "粵": 0.024213075060532687,
    "德": 0.021791767554479417,
    "希臘": 0.014527845036319613,
    "西班牙": 0.007263922518159807,
    "法": 0.004842615012106538,
    "波蘭": 0.004842615012106538,
    "烏克蘭": 0.004842615012106538,
    "芬蘭": 0.004842615012106538,
    "世界": 0.002421307506053269,
    "南非": 0.002421307506053269,
    "旁遮普": 0.002421307506053269,
    "泰": 0.002421307506053269,
    "羅馬尼亞": 0.002421307506053269,
    "義": 0.002421307506053269,
    "韓": 0.002421307506053269,
    "total": 1
  }
}