{
  "統計": {
    "日": 141,
    "中": 49,
    "純音樂": 46,
    "俄": 39,
    "英": 23,
    "烏克蘭": 15,
    "台": 5,
    "希臘": 4,
    "德": 4,
    "粵": 4,
    "ja": 3,
    "西班牙": 3,
    "en": 2,
    "拉丁": 2,
    "諾斯": 2,
    "da": 1,
    "en-US": 1,
    "ru": 1,
    "uk": 1,
    "zh": 1,
    "客": 1,
    "法": 1,
    "泰": 1,
    "福建": 1,
    "粵語": 1,
    "芬蘭": 1,
    "total": 353
  },
  "占比": {
    "日": 0.39943342776203966,
    "中": 0.1388101983002833,
    "純音樂": 0.13031161473087818,
    "俄": 0.11048158640226628,
    "英": 0.06515580736543909,
    "烏克蘭": 0.042492917847025496,
    "台": 0.014164305949008499,
    "希臘": 0.0113314447592068,
    "德": 0.0113314447592068,
    "粵": 0.0113314447592068,
    "ja": 0.0084985835694051,
    "西班牙": 0.0084985835694051,
    "en": 0.0056657223796034,
    "拉丁": 0.0056657223796034,
    "諾斯": 0.0056657223796034,
    "da": 0.0028328611898017,
    "en-US": 0.0028328611898017,
    "ru": 0.0028328611898017,
    "uk": 0.0028328611898017,
    "zh": 0.0028328611898017,
    "客": 0.0028328611898017,
    "法": 0.0028328611898017,
    "泰": 0.0028328611898017,
    "福建": 0.0028328611898017,
    "粵語": 0.0028328611898017,
    "芬蘭": 0.0028328611898017,
    "total": 1
  }
}