{
  "統計": {
    "日": 212,
    "純音樂": 105,
    "中": 68,
    "英": 43,
    "俄": 36,
    "粵": 11,
    "台": 10,
    "德": 9,
    "unknown": 6,
    "希臘": 6,
    "ja": 4,
    "芬蘭": 3,
    "西班牙": 3,
    "韓": 3,
    "法": 2,
    "波蘭": 2,
    "烏克蘭": 2,
    "zh-TW": 1,
    "世界": 1,
    "南非": 1,
    "旁遮普": 1,
    "泰": 1,
    "羅馬尼亞": 1,
    "義": 1,
    "total": 532
  },
  "占比": {
    "日": 0.39849624060150374,
    "純音樂": 0.19736842105263158,
    "中": 0.12781954887218044,
    "英": 0.08082706766917293,
    "俄": 0.06766917293233082,
    "粵": 0.020676691729323307,
    "台": 0.018796992481203006,
    "德": 0.016917293233082706,
    "unknown": 0.011278195488721804,
    "希臘": 0.011278195488721804,
    "ja": 0.007518796992481203,
    "芬蘭": 0.005639097744360902,
    "西班牙": 0.005639097744360902,
    "韓": 0.005639097744360902,
    "法": 0.0037593984962406013,
    "波蘭": 0.0037593984962406013,
    "烏克蘭": 0.0037593984962406013,
    "zh-TW": 0.0018796992481203006,
    "世界": 0.0018796992481203006,
    "南非": 0.0018796992481203006,
    "旁遮普": 0.0018796992481203006,
    "泰": 0.0018796992481203006,
    "羅馬尼亞": 0.0018796992481203006,
    "義": 0.0018796992481203006,
    "total": 1
  }
}