{
  "統計": {
    "日": 149,
    "純音樂": 58,
    "中": 45,
    "英": 32,
    "俄": 27,
    "台": 8,
    "德": 7,
    "粵": 6,
    "希臘": 5,
    "波蘭": 2,
    "烏克蘭": 2,
    "芬蘭": 2,
    "西班牙": 2,
    "zh": 1,
    "世界": 1,
    "南非": 1,
    "旁遮普": 1,
    "法": 1,
    "泰": 1,
    "羅馬尼亞": 1,
    "義": 1,
    "韓": 1,
    "total": 354
  },
  "占比": {
    "日": 0.4209039548022599,
    "純音樂": 0.1638418079096045,
    "中": 0.1271186440677966,
    "英": 0.0903954802259887,
    "俄": 0.07627118644067797,
    "台": 0.022598870056497175,
    "德": 0.01977401129943503,
    "粵": 0.01694915254237288,
    "希臘": 0.014124293785310734,
    "波蘭": 0.005649717514124294,
    "烏克蘭": 0.005649717514124294,
    "芬蘭": 0.005649717514124294,
    "西班牙": 0.005649717514124294,
    "zh": 0.002824858757062147,
    "世界": 0.002824858757062147,
    "南非": 0.002824858757062147,
    "旁遮普": 0.002824858757062147,
    "法": 0.002824858757062147,
    "泰": 0.002824858757062147,
    "羅馬尼亞": 0.002824858757062147,
    "義": 0.002824858757062147,
    "韓": 0.002824858757062147,
    "total": 1
  }
}