{
  "統計": {
    "日": 85,
    "純音樂": 31,
    "中": 30,
    "俄": 26,
    "英": 14,
    "烏克蘭": 12,
    "希臘": 4,
    "德": 4,
    "台": 3,
    "西班牙": 3,
    "en": 2,
    "ru": 2,
    "拉丁": 2,
    "諾斯": 2,
    "ja": 1,
    "法": 1,
    "福建": 1,
    "粵": 1,
    "芬蘭": 1,
    "total": 225
  },
  "占比": {
    "日": 0.37777777777777777,
    "純音樂": 0.13777777777777778,
    "中": 0.13333333333333333,
    "俄": 0.11555555555555555,
    "英": 0.06222222222222222,
    "烏克蘭": 0.05333333333333334,
    "希臘": 0.017777777777777778,
    "德": 0.017777777777777778,
    "台": 0.013333333333333334,
    "西班牙": 0.013333333333333334,
    "en": 0.008888888888888889,
    "ru": 0.008888888888888889,
    "拉丁": 0.008888888888888889,
    "諾斯": 0.008888888888888889,
    "ja": 0.0044444444444444444,
    "法": 0.0044444444444444444,
    "福建": 0.0044444444444444444,
    "粵": 0.0044444444444444444,
    "芬蘭": 0.0044444444444444444,
    "total": 1
  }
}