{
  "統計": {
    "日": 97,
    "中": 22,
    "純音樂": 22,
    "英": 21,
    "俄": 17,
    "德": 5,
    "台": 4,
    "粵": 4,
    "希臘": 2,
    "法": 2,
    "波蘭": 2,
    "芬蘭": 2,
    "世界": 1,
    "客": 1,
    "義": 1,
    "西班牙": 1,
    "total": 204
  },
  "占比": {
    "日": 0.47549019607843135,
    "中": 0.10784313725490197,
    "純音樂": 0.10784313725490197,
    "英": 0.10294117647058823,
    "俄": 0.08333333333333333,
    "德": 0.024509803921568627,
    "台": 0.0196078431372549,
    "粵": 0.0196078431372549,
    "希臘": 0.00980392156862745,
    "法": 0.00980392156862745,
    "波蘭": 0.00980392156862745,
    "芬蘭": 0.00980392156862745,
    "世界": 0.004901960784313725,
    "客": 0.004901960784313725,
    "義": 0.004901960784313725,
    "西班牙": 0.004901960784313725,
    "total": 1
  }
}