{
  "統計": {
    "ja": 94,
    "en": 36,
    "zh-TW": 36,
    "ru": 22,
    "uk": 10,
    "ko": 3,
    "de": 2,
    "es": 2,
    "el": 1,
    "en-CA": 1,
    "fr-CA": 1,
    "id": 1,
    "is": 1,
    "it": 1,
    "la": 1,
    "total": 212
  },
  "占比": {
    "ja": 0.44339622641509435,
    "en": 0.16981132075471697,
    "zh-TW": 0.16981132075471697,
    "ru": 0.10377358490566038,
    "uk": 0.04716981132075472,
    "ko": 0.014150943396226415,
    "de": 0.009433962264150943,
    "es": 0.009433962264150943,
    "el": 0.0047169811320754715,
    "en-CA": 0.0047169811320754715,
    "fr-CA": 0.0047169811320754715,
    "id": 0.0047169811320754715,
    "is": 0.0047169811320754715,
    "it": 0.0047169811320754715,
    "la": 0.0047169811320754715,
    "total": 1
  }
}