{
  "統計": {
    "ja": 291,
    "en": 74,
    "zh": 65,
    "ru": 42,
    "zh-TW": 24,
    "und": 14,
    "uk": 9,
    "de": 7,
    "el": 7,
    "ko": 5,
    "zh-Hant": 5,
    "en-US": 4,
    "zh-CN": 4,
    "en-GB": 3,
    "zxx": 3,
    "id": 2,
    "ar": 1,
    "eo": 1,
    "la": 1,
    "ro": 1,
    "th": 1,
    "yue": 1,
    "zh-Hans": 1,
    "zh-HK": 1,
    "total": 567
  },
  "占比": {
    "ja": 0.5132275132275133,
    "en": 0.13051146384479717,
    "zh": 0.1146384479717813,
    "ru": 0.07407407407407407,
    "zh-TW": 0.042328042328042326,
    "und": 0.024691358024691357,
    "uk": 0.015873015873015872,
    "de": 0.012345679012345678,
    "el": 0.012345679012345678,
    "ko": 0.008818342151675485,
    "zh-Hant": 0.008818342151675485,
    "en-US": 0.007054673721340388,
    "zh-CN": 0.007054673721340388,
    "en-GB": 0.005291005291005291,
    "zxx": 0.005291005291005291,
    "id": 0.003527336860670194,
    "ar": 0.001763668430335097,
    "eo": 0.001763668430335097,
    "la": 0.001763668430335097,
    "ro": 0.001763668430335097,
    "th": 0.001763668430335097,
    "yue": 0.001763668430335097,
    "zh-Hans": 0.001763668430335097,
    "zh-HK": 0.001763668430335097,
    "total": 1
  }
}