{
  "統計": {
    "日": 253,
    "純音樂": 114,
    "中": 78,
    "英": 48,
    "俄": 40,
    "粵": 15,
    "台": 9,
    "德": 8,
    "烏克蘭": 8,
    "希臘": 6,
    "芬蘭": 4,
    "unknown": 3,
    "西班牙": 3,
    "韓": 3,
    "法": 2,
    "波蘭": 2,
    "ru": 1,
    "世界": 1,
    "南非": 1,
    "旁遮普": 1,
    "泰": 1,
    "泰盧固": 1,
    "羅馬尼亞": 1,
    "義": 1,
    "total": 604
  },
  "占比": {
    "日": 0.41887417218543044,
    "純音樂": 0.18874172185430463,
    "中": 0.1291390728476821,
    "英": 0.07947019867549669,
    "俄": 0.06622516556291391,
    "粵": 0.024834437086092714,
    "台": 0.014900662251655629,
    "德": 0.013245033112582781,
    "烏克蘭": 0.013245033112582781,
    "希臘": 0.009933774834437087,
    "芬蘭": 0.006622516556291391,
    "unknown": 0.004966887417218543,
    "西班牙": 0.004966887417218543,
    "韓": 0.004966887417218543,
    "法": 0.0033112582781456954,
    "波蘭": 0.0033112582781456954,
    "ru": 0.0016556291390728477,
    "世界": 0.0016556291390728477,
    "南非": 0.0016556291390728477,
    "旁遮普": 0.0016556291390728477,
    "泰": 0.0016556291390728477,
    "泰盧固": 0.0016556291390728477,
    "羅馬尼亞": 0.0016556291390728477,
    "義": 0.0016556291390728477,
    "total": 1
  }
}