{
  "統計": {
    "日": 122,
    "純音樂": 45,
    "中": 34,
    "英": 23,
    "俄": 19,
    "德": 6,
    "台": 5,
    "粵": 5,
    "希臘": 4,
    "波": 2,
    "芬": 2,
    "烏克蘭": 2,
    "世界": 1,
    "西班牙": 1,
    "法": 1,
    "南非": 1,
    "旁遮普": 1,
    "義": 1,
    "韓": 1,
    "total": 276
  },
  "占比": {
    "日": 0.4420289855072464,
    "純音樂": 0.16304347826086957,
    "中": 0.12318840579710146,
    "英": 0.08333333333333333,
    "俄": 0.06884057971014493,
    "德": 0.021739130434782608,
    "台": 0.018115942028985508,
    "粵": 0.018115942028985508,
    "希臘": 0.014492753623188406,
    "波": 0.007246376811594203,
    "芬": 0.007246376811594203,
    "烏克蘭": 0.007246376811594203,
    "世界": 0.0036231884057971015,
    "西班牙": 0.0036231884057971015,
    "法": 0.0036231884057971015,
    "南非": 0.0036231884057971015,
    "旁遮普": 0.0036231884057971015,
    "義": 0.0036231884057971015,
    "韓": 0.0036231884057971015,
    "total": 1
  }
}