{
  "統計": {
    "日": 193,
    "純音樂": 90,
    "中": 64,
    "英": 42,
    "俄": 34,
    "粵": 11,
    "台": 10,
    "德": 9,
    "希臘": 6,
    "西班牙": 3,
    "韓": 3,
    "法": 2,
    "波蘭": 2,
    "烏克蘭": 2,
    "芬蘭": 2,
    "世界": 1,
    "南非": 1,
    "旁遮普": 1,
    "泰": 1,
    "羅馬尼亞": 1,
    "義": 1,
    "total": 479
  },
  "占比": {
    "日": 0.40292275574112735,
    "純音樂": 0.18789144050104384,
    "中": 0.1336116910229645,
    "英": 0.08768267223382047,
    "俄": 0.0709812108559499,
    "粵": 0.022964509394572025,
    "台": 0.020876826722338204,
    "德": 0.018789144050104383,
    "希臘": 0.012526096033402923,
    "西班牙": 0.006263048016701462,
    "韓": 0.006263048016701462,
    "法": 0.0041753653444676405,
    "波蘭": 0.0041753653444676405,
    "烏克蘭": 0.0041753653444676405,
    "芬蘭": 0.0041753653444676405,
    "世界": 0.0020876826722338203,
    "南非": 0.0020876826722338203,
    "旁遮普": 0.0020876826722338203,
    "泰": 0.0020876826722338203,
    "羅馬尼亞": 0.0020876826722338203,
    "義": 0.0020876826722338203,
    "total": 1
  }
}