{
  "統計": {
    "日": 163,
    "純音樂": 63,
    "中": 52,
    "英": 38,
    "俄": 31,
    "台": 10,
    "德": 9,
    "粵": 9,
    "希臘": 6,
    "unknown": 3,
    "西班牙": 3,
    "法": 2,
    "波蘭": 2,
    "烏克蘭": 2,
    "芬蘭": 2,
    "yue": 1,
    "世界": 1,
    "南非": 1,
    "旁遮普": 1,
    "泰": 1,
    "羅馬尼亞": 1,
    "義": 1,
    "韓": 1,
    "total": 403
  },
  "占比": {
    "日": 0.4044665012406948,
    "純音樂": 0.15632754342431762,
    "中": 0.12903225806451613,
    "英": 0.09429280397022333,
    "俄": 0.07692307692307693,
    "台": 0.02481389578163772,
    "德": 0.022332506203473945,
    "粵": 0.022332506203473945,
    "希臘": 0.01488833746898263,
    "unknown": 0.007444168734491315,
    "西班牙": 0.007444168734491315,
    "法": 0.004962779156327543,
    "波蘭": 0.004962779156327543,
    "烏克蘭": 0.004962779156327543,
    "芬蘭": 0.004962779156327543,
    "yue": 0.0024813895781637717,
    "世界": 0.0024813895781637717,
    "南非": 0.0024813895781637717,
    "旁遮普": 0.0024813895781637717,
    "泰": 0.0024813895781637717,
    "羅馬尼亞": 0.0024813895781637717,
    "義": 0.0024813895781637717,
    "韓": 0.0024813895781637717,
    "total": 1
  }
}