{
  "統計": {
    "日": 163,
    "純音樂": 63,
    "中": 52,
    "英": 38,
    "俄": 31,
    "台": 10,
    "德": 9,
    "粵": 9,
    "希臘": 6,
    "unknown": 4,
    "西班牙": 3,
    "ja": 2,
    "法": 2,
    "波蘭": 2,
    "烏克蘭": 2,
    "芬蘭": 2,
    "yue": 1,
    "世界": 1,
    "南非": 1,
    "旁遮普": 1,
    "泰": 1,
    "羅馬尼亞": 1,
    "義": 1,
    "韓": 1,
    "total": 406
  },
  "占比": {
    "日": 0.4014778325123153,
    "純音樂": 0.15517241379310345,
    "中": 0.12807881773399016,
    "英": 0.09359605911330049,
    "俄": 0.07635467980295567,
    "台": 0.024630541871921183,
    "德": 0.022167487684729065,
    "粵": 0.022167487684729065,
    "希臘": 0.014778325123152709,
    "unknown": 0.009852216748768473,
    "西班牙": 0.007389162561576354,
    "ja": 0.0049261083743842365,
    "法": 0.0049261083743842365,
    "波蘭": 0.0049261083743842365,
    "烏克蘭": 0.0049261083743842365,
    "芬蘭": 0.0049261083743842365,
    "yue": 0.0024630541871921183,
    "世界": 0.0024630541871921183,
    "南非": 0.0024630541871921183,
    "旁遮普": 0.0024630541871921183,
    "泰": 0.0024630541871921183,
    "羅馬尼亞": 0.0024630541871921183,
    "義": 0.0024630541871921183,
    "韓": 0.0024630541871921183,
    "total": 1
  }
}