{
  "統計": {
    "日": 231,
    "純音樂": 100,
    "中": 66,
    "英": 45,
    "俄": 41,
    "粵": 13,
    "德": 9,
    "台": 8,
    "烏克蘭": 8,
    "希臘": 7,
    "芬蘭": 4,
    "ja": 3,
    "韓": 3,
    "en": 2,
    "波蘭": 2,
    "ru": 1,
    "uk": 1,
    "世界": 1,
    "南非": 1,
    "希伯來": 1,
    "拉丁": 1,
    "法": 1,
    "泰": 1,
    "泰盧固": 1,
    "福建": 1,
    "羅馬尼亞": 1,
    "義": 1,
    "諾斯": 1,
    "total": 555
  },
  "占比": {
    "日": 0.41621621621621624,
    "純音樂": 0.18018018018018017,
    "中": 0.11891891891891893,
    "英": 0.08108108108108109,
    "俄": 0.07387387387387387,
    "粵": 0.023423423423423424,
    "德": 0.016216216216216217,
    "台": 0.014414414414414415,
    "烏克蘭": 0.014414414414414415,
    "希臘": 0.012612612612612612,
    "芬蘭": 0.007207207207207207,
    "ja": 0.005405405405405406,
    "韓": 0.005405405405405406,
    "en": 0.0036036036036036037,
    "波蘭": 0.0036036036036036037,
    "ru": 0.0018018018018018018,
    "uk": 0.0018018018018018018,
    "世界": 0.0018018018018018018,
    "南非": 0.0018018018018018018,
    "希伯來": 0.0018018018018018018,
    "拉丁": 0.0018018018018018018,
    "法": 0.0018018018018018018,
    "泰": 0.0018018018018018018,
    "泰盧固": 0.0018018018018018018,
    "福建": 0.0018018018018018018,
    "羅馬尼亞": 0.0018018018018018018,
    "義": 0.0018018018018018018,
    "諾斯": 0.0018018018018018018,
    "total": 1
  }
}