{
  "統計": {
    "日": 125,
    "純音樂": 52,
    "中": 34,
    "英": 23,
    "俄": 22,
    "德": 6,
    "台": 5,
    "希臘": 5,
    "粵": 5,
    "波蘭": 2,
    "烏克蘭": 2,
    "芬蘭": 2,
    "西班牙": 2,
    "世界": 1,
    "南非": 1,
    "旁遮普": 1,
    "法": 1,
    "羅馬尼亞": 1,
    "義": 1,
    "韓": 1,
    "total": 292
  },
  "占比": {
    "日": 0.4280821917808219,
    "純音樂": 0.1780821917808219,
    "中": 0.11643835616438356,
    "英": 0.07876712328767123,
    "俄": 0.07534246575342465,
    "德": 0.02054794520547945,
    "台": 0.017123287671232876,
    "希臘": 0.017123287671232876,
    "粵": 0.017123287671232876,
    "波蘭": 0.00684931506849315,
    "烏克蘭": 0.00684931506849315,
    "芬蘭": 0.00684931506849315,
    "西班牙": 0.00684931506849315,
    "世界": 0.003424657534246575,
    "南非": 0.003424657534246575,
    "旁遮普": 0.003424657534246575,
    "法": 0.003424657534246575,
    "羅馬尼亞": 0.003424657534246575,
    "義": 0.003424657534246575,
    "韓": 0.003424657534246575,
    "total": 1
  }
}