{
  "統計": {
    "日": 154,
    "純音樂": 60,
    "中": 45,
    "英": 37,
    "俄": 30,
    "台": 9,
    "粵": 9,
    "德": 8,
    "希臘": 5,
    "西班牙": 3,
    "unknown": 2,
    "zh-TW": 2,
    "法": 2,
    "波蘭": 2,
    "烏克蘭": 2,
    "芬蘭": 2,
    "en": 1,
    "ja": 1,
    "zh": 1,
    "世界": 1,
    "南非": 1,
    "旁遮普": 1,
    "泰": 1,
    "羅馬尼亞": 1,
    "義": 1,
    "韓": 1,
    "total": 382
  },
  "占比": {
    "日": 0.4031413612565445,
    "純音樂": 0.15706806282722513,
    "中": 0.11780104712041885,
    "英": 0.0968586387434555,
    "俄": 0.07853403141361257,
    "台": 0.02356020942408377,
    "粵": 0.02356020942408377,
    "德": 0.020942408376963352,
    "希臘": 0.013089005235602094,
    "西班牙": 0.007853403141361256,
    "unknown": 0.005235602094240838,
    "zh-TW": 0.005235602094240838,
    "法": 0.005235602094240838,
    "波蘭": 0.005235602094240838,
    "烏克蘭": 0.005235602094240838,
    "芬蘭": 0.005235602094240838,
    "en": 0.002617801047120419,
    "ja": 0.002617801047120419,
    "zh": 0.002617801047120419,
    "世界": 0.002617801047120419,
    "南非": 0.002617801047120419,
    "旁遮普": 0.002617801047120419,
    "泰": 0.002617801047120419,
    "羅馬尼亞": 0.002617801047120419,
    "義": 0.002617801047120419,
    "韓": 0.002617801047120419,
    "total": 1
  }
}