{
  "統計": {
    "日": 149,
    "純音樂": 53,
    "中": 51,
    "俄": 42,
    "英": 24,
    "烏克蘭": 18,
    "unknown": 11,
    "台": 5,
    "粵": 5,
    "希臘": 4,
    "德": 4,
    "西班牙": 3,
    "拉丁": 2,
    "諾斯": 2,
    "阿拉伯": 2,
    "ja": 1,
    "zh-HK": 1,
    "zh-TW": 1,
    "客": 1,
    "法": 1,
    "泰": 1,
    "福建": 1,
    "粵語": 1,
    "芬蘭": 1,
    "阿美": 1,
    "total": 385
  },
  "占比": {
    "日": 0.38701298701298703,
    "純音樂": 0.13766233766233765,
    "中": 0.13246753246753246,
    "俄": 0.10909090909090909,
    "英": 0.06233766233766234,
    "烏克蘭": 0.046753246753246755,
    "unknown": 0.02857142857142857,
    "台": 0.012987012987012988,
    "粵": 0.012987012987012988,
    "希臘": 0.01038961038961039,
    "德": 0.01038961038961039,
    "西班牙": 0.007792207792207792,
    "拉丁": 0.005194805194805195,
    "諾斯": 0.005194805194805195,
    "阿拉伯": 0.005194805194805195,
    "ja": 0.0025974025974025974,
    "zh-HK": 0.0025974025974025974,
    "zh-TW": 0.0025974025974025974,
    "客": 0.0025974025974025974,
    "法": 0.0025974025974025974,
    "泰": 0.0025974025974025974,
    "福建": 0.0025974025974025974,
    "粵語": 0.0025974025974025974,
    "芬蘭": 0.0025974025974025974,
    "阿美": 0.0025974025974025974,
    "total": 1
  }
}