{
  "統計": {
    "日": 111,
    "中": 33,
    "俄": 28,
    "英": 26,
    "純音樂": 25,
    "粵": 8,
    "台": 6,
    "德": 5,
    "希臘": 3,
    "法": 2,
    "波蘭": 2,
    "芬蘭": 2,
    "世界": 1,
    "客": 1,
    "烏克蘭": 1,
    "義": 1,
    "total": 255
  },
  "占比": {
    "日": 0.43529411764705883,
    "中": 0.12941176470588237,
    "俄": 0.10980392156862745,
    "英": 0.10196078431372549,
    "純音樂": 0.09803921568627451,
    "粵": 0.03137254901960784,
    "台": 0.023529411764705882,
    "德": 0.0196078431372549,
    "希臘": 0.011764705882352941,
    "法": 0.00784313725490196,
    "波蘭": 0.00784313725490196,
    "芬蘭": 0.00784313725490196,
    "世界": 0.00392156862745098,
    "客": 0.00392156862745098,
    "烏克蘭": 0.00392156862745098,
    "義": 0.00392156862745098,
    "total": 1
  }
}