{
  "統計": {
    "日": 134,
    "純音樂": 55,
    "中": 40,
    "英": 29,
    "俄": 25,
    "台": 8,
    "德": 7,
    "希臘": 5,
    "粵": 5,
    "西班牙": 2,
    "波蘭": 2,
    "芬蘭": 2,
    "烏克蘭": 2,
    "世界": 1,
    "法": 1,
    "南非": 1,
    "旁遮普": 1,
    "泰": 1,
    "義": 1,
    "韓": 1,
    "羅馬尼亞": 1,
    "total": 324
  },
  "占比": {
    "日": 0.41358024691358025,
    "純音樂": 0.1697530864197531,
    "中": 0.12345679012345678,
    "英": 0.08950617283950617,
    "俄": 0.07716049382716049,
    "台": 0.024691358024691357,
    "德": 0.021604938271604937,
    "希臘": 0.015432098765432098,
    "粵": 0.015432098765432098,
    "西班牙": 0.006172839506172839,
    "波蘭": 0.006172839506172839,
    "芬蘭": 0.006172839506172839,
    "烏克蘭": 0.006172839506172839,
    "世界": 0.0030864197530864196,
    "法": 0.0030864197530864196,
    "南非": 0.0030864197530864196,
    "旁遮普": 0.0030864197530864196,
    "泰": 0.0030864197530864196,
    "義": 0.0030864197530864196,
    "韓": 0.0030864197530864196,
    "羅馬尼亞": 0.0030864197530864196,
    "total": 1
  }
}