{
  "統計": {
    "日": 111,
    "中": 33,
    "俄": 28,
    "英": 26,
    "純音樂": 25,
    "粵": 8,
    "台": 6,
    "德": 5,
    "希臘": 3,
    "法": 2,
    "波蘭": 2,
    "芬蘭": 2,
    "uk": 1,
    "世界": 1,
    "客": 1,
    "烏克蘭": 1,
    "義": 1,
    "total": 256
  },
  "占比": {
    "日": 0.43359375,
    "中": 0.12890625,
    "俄": 0.109375,
    "英": 0.1015625,
    "純音樂": 0.09765625,
    "粵": 0.03125,
    "台": 0.0234375,
    "德": 0.01953125,
    "希臘": 0.01171875,
    "法": 0.0078125,
    "波蘭": 0.0078125,
    "芬蘭": 0.0078125,
    "uk": 0.00390625,
    "世界": 0.00390625,
    "客": 0.00390625,
    "烏克蘭": 0.00390625,
    "義": 0.00390625,
    "total": 1
  }
}