{
  "統計": {
    "日": 141,
    "中": 49,
    "純音樂": 46,
    "俄": 39,
    "英": 23,
    "烏克蘭": 15,
    "台": 5,
    "希臘": 4,
    "德": 4,
    "粵": 4,
    "西班牙": 3,
    "en": 2,
    "拉丁": 2,
    "諾斯": 2,
    "en-US": 1,
    "ru": 1,
    "客": 1,
    "法": 1,
    "泰": 1,
    "福建": 1,
    "粵語": 1,
    "芬蘭": 1,
    "total": 347
  },
  "占比": {
    "日": 0.40634005763688763,
    "中": 0.14121037463976946,
    "純音樂": 0.13256484149855907,
    "俄": 0.11239193083573487,
    "英": 0.06628242074927954,
    "烏克蘭": 0.043227665706051875,
    "台": 0.01440922190201729,
    "希臘": 0.011527377521613832,
    "德": 0.011527377521613832,
    "粵": 0.011527377521613832,
    "西班牙": 0.008645533141210375,
    "en": 0.005763688760806916,
    "拉丁": 0.005763688760806916,
    "諾斯": 0.005763688760806916,
    "en-US": 0.002881844380403458,
    "ru": 0.002881844380403458,
    "客": 0.002881844380403458,
    "法": 0.002881844380403458,
    "泰": 0.002881844380403458,
    "福建": 0.002881844380403458,
    "粵語": 0.002881844380403458,
    "芬蘭": 0.002881844380403458,
    "total": 1
  }
}