{
  "統計": {
    "日": 102,
    "中": 27,
    "英": 25,
    "純音樂": 24,
    "俄": 20,
    "粵": 7,
    "台": 6,
    "德": 5,
    "希臘": 3,
    "法": 2,
    "波蘭": 2,
    "芬蘭": 2,
    "世界": 1,
    "西班牙": 1,
    "客": 1,
    "義": 1,
    "total": 229
  },
  "占比": {
    "日": 0.44541484716157204,
    "中": 0.11790393013100436,
    "英": 0.1091703056768559,
    "純音樂": 0.10480349344978165,
    "俄": 0.08733624454148471,
    "粵": 0.03056768558951965,
    "台": 0.026200873362445413,
    "德": 0.021834061135371178,
    "希臘": 0.013100436681222707,
    "法": 0.008733624454148471,
    "波蘭": 0.008733624454148471,
    "芬蘭": 0.008733624454148471,
    "世界": 0.004366812227074236,
    "西班牙": 0.004366812227074236,
    "客": 0.004366812227074236,
    "義": 0.004366812227074236,
    "total": 1
  }
}