{
  "統計": {
    "日": 144,
    "純音樂": 54,
    "中": 43,
    "英": 32,
    "俄": 26,
    "台": 8,
    "德": 7,
    "希臘": 5,
    "粵": 5,
    "unknown": 2,
    "波蘭": 2,
    "烏克蘭": 2,
    "芬蘭": 2,
    "西班牙": 2,
    "世界": 1,
    "南非": 1,
    "旁遮普": 1,
    "法": 1,
    "泰": 1,
    "羅馬尼亞": 1,
    "義": 1,
    "韓": 1,
    "total": 342
  },
  "占比": {
    "日": 0.42105263157894735,
    "純音樂": 0.15789473684210525,
    "中": 0.12573099415204678,
    "英": 0.0935672514619883,
    "俄": 0.07602339181286549,
    "台": 0.023391812865497075,
    "德": 0.02046783625730994,
    "希臘": 0.014619883040935672,
    "粵": 0.014619883040935672,
    "unknown": 0.005847953216374269,
    "波蘭": 0.005847953216374269,
    "烏克蘭": 0.005847953216374269,
    "芬蘭": 0.005847953216374269,
    "西班牙": 0.005847953216374269,
    "世界": 0.0029239766081871343,
    "南非": 0.0029239766081871343,
    "旁遮普": 0.0029239766081871343,
    "法": 0.0029239766081871343,
    "泰": 0.0029239766081871343,
    "羅馬尼亞": 0.0029239766081871343,
    "義": 0.0029239766081871343,
    "韓": 0.0029239766081871343,
    "total": 1
  }
}