{
  "統計": {
    "日": 141,
    "中": 49,
    "純音樂": 46,
    "俄": 39,
    "英": 23,
    "烏克蘭": 15,
    "台": 5,
    "希臘": 4,
    "德": 4,
    "粵": 4,
    "西班牙": 3,
    "en": 2,
    "ja": 2,
    "拉丁": 2,
    "諾斯": 2,
    "en-US": 1,
    "ru": 1,
    "uk": 1,
    "zh": 1,
    "客": 1,
    "法": 1,
    "泰": 1,
    "福建": 1,
    "粵語": 1,
    "芬蘭": 1,
    "total": 351
  },
  "占比": {
    "日": 0.4017094017094017,
    "中": 0.1396011396011396,
    "純音樂": 0.13105413105413105,
    "俄": 0.1111111111111111,
    "英": 0.06552706552706553,
    "烏克蘭": 0.042735042735042736,
    "台": 0.014245014245014245,
    "希臘": 0.011396011396011397,
    "德": 0.011396011396011397,
    "粵": 0.011396011396011397,
    "西班牙": 0.008547008547008548,
    "en": 0.005698005698005698,
    "ja": 0.005698005698005698,
    "拉丁": 0.005698005698005698,
    "諾斯": 0.005698005698005698,
    "en-US": 0.002849002849002849,
    "ru": 0.002849002849002849,
    "uk": 0.002849002849002849,
    "zh": 0.002849002849002849,
    "客": 0.002849002849002849,
    "法": 0.002849002849002849,
    "泰": 0.002849002849002849,
    "福建": 0.002849002849002849,
    "粵語": 0.002849002849002849,
    "芬蘭": 0.002849002849002849,
    "total": 1
  }
}