{
  "統計": {
    "日": 141,
    "中": 49,
    "純音樂": 46,
    "俄": 39,
    "英": 23,
    "烏克蘭": 15,
    "ja": 5,
    "台": 5,
    "希臘": 4,
    "德": 4,
    "粵": 4,
    "en": 3,
    "西班牙": 3,
    "拉丁": 2,
    "諾斯": 2,
    "da": 1,
    "en-US": 1,
    "ru": 1,
    "uk": 1,
    "zh": 1,
    "客": 1,
    "法": 1,
    "泰": 1,
    "福建": 1,
    "粵語": 1,
    "芬蘭": 1,
    "total": 356
  },
  "占比": {
    "日": 0.3960674157303371,
    "中": 0.13764044943820225,
    "純音樂": 0.12921348314606743,
    "俄": 0.10955056179775281,
    "英": 0.06460674157303371,
    "烏克蘭": 0.042134831460674156,
    "ja": 0.014044943820224719,
    "台": 0.014044943820224719,
    "希臘": 0.011235955056179775,
    "德": 0.011235955056179775,
    "粵": 0.011235955056179775,
    "en": 0.008426966292134831,
    "西班牙": 0.008426966292134831,
    "拉丁": 0.0056179775280898875,
    "諾斯": 0.0056179775280898875,
    "da": 0.0028089887640449437,
    "en-US": 0.0028089887640449437,
    "ru": 0.0028089887640449437,
    "uk": 0.0028089887640449437,
    "zh": 0.0028089887640449437,
    "客": 0.0028089887640449437,
    "法": 0.0028089887640449437,
    "泰": 0.0028089887640449437,
    "福建": 0.0028089887640449437,
    "粵語": 0.0028089887640449437,
    "芬蘭": 0.0028089887640449437,
    "total": 1
  }
}