{
  "統計": {
    "日": 240,
    "純音樂": 114,
    "中": 73,
    "英": 47,
    "俄": 37,
    "粵": 12,
    "台": 10,
    "德": 9,
    "希臘": 6,
    "烏克蘭": 5,
    "芬蘭": 4,
    "unknown": 3,
    "西班牙": 3,
    "韓": 3,
    "法": 2,
    "波蘭": 2,
    "ja": 1,
    "世界": 1,
    "南非": 1,
    "旁遮普": 1,
    "泰": 1,
    "羅馬尼亞": 1,
    "義": 1,
    "total": 577
  },
  "占比": {
    "日": 0.41594454072790293,
    "純音樂": 0.1975736568457539,
    "中": 0.1265164644714038,
    "英": 0.08145580589254767,
    "俄": 0.06412478336221837,
    "粵": 0.02079722703639515,
    "台": 0.01733102253032929,
    "德": 0.01559792027729636,
    "希臘": 0.010398613518197574,
    "烏克蘭": 0.008665511265164644,
    "芬蘭": 0.006932409012131715,
    "unknown": 0.005199306759098787,
    "西班牙": 0.005199306759098787,
    "韓": 0.005199306759098787,
    "法": 0.0034662045060658577,
    "波蘭": 0.0034662045060658577,
    "ja": 0.0017331022530329288,
    "世界": 0.0017331022530329288,
    "南非": 0.0017331022530329288,
    "旁遮普": 0.0017331022530329288,
    "泰": 0.0017331022530329288,
    "羅馬尼亞": 0.0017331022530329288,
    "義": 0.0017331022530329288,
    "total": 1
  }
}