{
  "統計": {
    "日": 149,
    "純音樂": 58,
    "中": 45,
    "英": 32,
    "俄": 27,
    "unknown": 8,
    "台": 8,
    "德": 7,
    "粵": 6,
    "希臘": 5,
    "波蘭": 2,
    "烏克蘭": 2,
    "芬蘭": 2,
    "西班牙": 2,
    "zh": 1,
    "zh-TW": 1,
    "世界": 1,
    "南非": 1,
    "旁遮普": 1,
    "法": 1,
    "泰": 1,
    "羅馬尼亞": 1,
    "義": 1,
    "韓": 1,
    "total": 363
  },
  "占比": {
    "日": 0.41046831955922863,
    "純音樂": 0.15977961432506887,
    "中": 0.12396694214876033,
    "英": 0.0881542699724518,
    "俄": 0.0743801652892562,
    "unknown": 0.02203856749311295,
    "台": 0.02203856749311295,
    "德": 0.01928374655647383,
    "粵": 0.01652892561983471,
    "希臘": 0.013774104683195593,
    "波蘭": 0.005509641873278237,
    "烏克蘭": 0.005509641873278237,
    "芬蘭": 0.005509641873278237,
    "西班牙": 0.005509641873278237,
    "zh": 0.0027548209366391185,
    "zh-TW": 0.0027548209366391185,
    "世界": 0.0027548209366391185,
    "南非": 0.0027548209366391185,
    "旁遮普": 0.0027548209366391185,
    "法": 0.0027548209366391185,
    "泰": 0.0027548209366391185,
    "羅馬尼亞": 0.0027548209366391185,
    "義": 0.0027548209366391185,
    "韓": 0.0027548209366391185,
    "total": 1
  }
}