{
  "統計": {
    "日": 163,
    "純音樂": 63,
    "中": 52,
    "英": 38,
    "俄": 31,
    "台": 10,
    "德": 9,
    "粵": 9,
    "希臘": 6,
    "西班牙": 3,
    "unknown": 2,
    "法": 2,
    "波蘭": 2,
    "烏克蘭": 2,
    "芬蘭": 2,
    "世界": 1,
    "南非": 1,
    "旁遮普": 1,
    "泰": 1,
    "羅馬尼亞": 1,
    "義": 1,
    "韓": 1,
    "total": 401
  },
  "占比": {
    "日": 0.40648379052369077,
    "純音樂": 0.1571072319201995,
    "中": 0.12967581047381546,
    "英": 0.09476309226932668,
    "俄": 0.0773067331670823,
    "台": 0.02493765586034913,
    "德": 0.022443890274314215,
    "粵": 0.022443890274314215,
    "希臘": 0.014962593516209476,
    "西班牙": 0.007481296758104738,
    "unknown": 0.004987531172069825,
    "法": 0.004987531172069825,
    "波蘭": 0.004987531172069825,
    "烏克蘭": 0.004987531172069825,
    "芬蘭": 0.004987531172069825,
    "世界": 0.0024937655860349127,
    "南非": 0.0024937655860349127,
    "旁遮普": 0.0024937655860349127,
    "泰": 0.0024937655860349127,
    "羅馬尼亞": 0.0024937655860349127,
    "義": 0.0024937655860349127,
    "韓": 0.0024937655860349127,
    "total": 1
  }
}