{
  "統計": {
    "日": 85,
    "ja": 35,
    "純音樂": 31,
    "中": 30,
    "俄": 26,
    "英": 14,
    "烏克蘭": 12,
    "ru": 10,
    "en": 9,
    "zh": 6,
    "希臘": 4,
    "德": 4,
    "und": 3,
    "台": 3,
    "西班牙": 3,
    "uk": 2,
    "拉丁": 2,
    "諾斯": 2,
    "en-US": 1,
    "id": 1,
    "zh-CN": 1,
    "zh-HK": 1,
    "zh-TW": 1,
    "法": 1,
    "福建": 1,
    "粵": 1,
    "芬蘭": 1,
    "total": 290
  },
  "占比": {
    "日": 0.29310344827586204,
    "ja": 0.1206896551724138,
    "純音樂": 0.10689655172413794,
    "中": 0.10344827586206896,
    "俄": 0.0896551724137931,
    "英": 0.04827586206896552,
    "烏克蘭": 0.041379310344827586,
    "ru": 0.034482758620689655,
    "en": 0.03103448275862069,
    "zh": 0.020689655172413793,
    "希臘": 0.013793103448275862,
    "德": 0.013793103448275862,
    "und": 0.010344827586206896,
    "台": 0.010344827586206896,
    "西班牙": 0.010344827586206896,
    "uk": 0.006896551724137931,
    "拉丁": 0.006896551724137931,
    "諾斯": 0.006896551724137931,
    "en-US": 0.0034482758620689655,
    "id": 0.0034482758620689655,
    "zh-CN": 0.0034482758620689655,
    "zh-HK": 0.0034482758620689655,
    "zh-TW": 0.0034482758620689655,
    "法": 0.0034482758620689655,
    "福建": 0.0034482758620689655,
    "粵": 0.0034482758620689655,
    "芬蘭": 0.0034482758620689655,
    "total": 1
  }
}