{
  "統計": {
    "日": 137,
    "純音樂": 54,
    "中": 41,
    "英": 31,
    "俄": 26,
    "台": 8,
    "德": 7,
    "希臘": 5,
    "粵": 5,
    "波蘭": 2,
    "烏克蘭": 2,
    "芬蘭": 2,
    "西班牙": 2,
    "世界": 1,
    "南非": 1,
    "旁遮普": 1,
    "法": 1,
    "泰": 1,
    "羅馬尼亞": 1,
    "義": 1,
    "韓": 1,
    "total": 330
  },
  "占比": {
    "日": 0.41515151515151516,
    "純音樂": 0.16363636363636364,
    "中": 0.12424242424242424,
    "英": 0.09393939393939393,
    "俄": 0.07878787878787878,
    "台": 0.024242424242424242,
    "德": 0.021212121212121213,
    "希臘": 0.015151515151515152,
    "粵": 0.015151515151515152,
    "波蘭": 0.006060606060606061,
    "烏克蘭": 0.006060606060606061,
    "芬蘭": 0.006060606060606061,
    "西班牙": 0.006060606060606061,
    "世界": 0.0030303030303030303,
    "南非": 0.0030303030303030303,
    "旁遮普": 0.0030303030303030303,
    "法": 0.0030303030303030303,
    "泰": 0.0030303030303030303,
    "羅馬尼亞": 0.0030303030303030303,
    "義": 0.0030303030303030303,
    "韓": 0.0030303030303030303,
    "total": 1
  }
}