{
  "統計": {
    "日": 232,
    "純音樂": 100,
    "中": 66,
    "英": 45,
    "俄": 41,
    "粵": 13,
    "德": 9,
    "烏克蘭": 9,
    "台": 8,
    "希臘": 7,
    "芬蘭": 4,
    "韓": 3,
    "en": 2,
    "波蘭": 2,
    "ja": 1,
    "世界": 1,
    "南非": 1,
    "希伯來": 1,
    "拉丁": 1,
    "法": 1,
    "泰": 1,
    "泰盧固": 1,
    "福建": 1,
    "羅馬尼亞": 1,
    "義": 1,
    "諾斯": 1,
    "total": 553
  },
  "占比": {
    "日": 0.41952983725135623,
    "純音樂": 0.18083182640144665,
    "中": 0.11934900542495479,
    "英": 0.081374321880651,
    "俄": 0.07414104882459313,
    "粵": 0.023508137432188065,
    "德": 0.0162748643761302,
    "烏克蘭": 0.0162748643761302,
    "台": 0.014466546112115732,
    "希臘": 0.012658227848101266,
    "芬蘭": 0.007233273056057866,
    "韓": 0.0054249547920434,
    "en": 0.003616636528028933,
    "波蘭": 0.003616636528028933,
    "ja": 0.0018083182640144665,
    "世界": 0.0018083182640144665,
    "南非": 0.0018083182640144665,
    "希伯來": 0.0018083182640144665,
    "拉丁": 0.0018083182640144665,
    "法": 0.0018083182640144665,
    "泰": 0.0018083182640144665,
    "泰盧固": 0.0018083182640144665,
    "福建": 0.0018083182640144665,
    "羅馬尼亞": 0.0018083182640144665,
    "義": 0.0018083182640144665,
    "諾斯": 0.0018083182640144665,
    "total": 1
  }
}