{
  "統計": {
    "日": 152,
    "純音樂": 58,
    "中": 45,
    "英": 35,
    "俄": 30,
    "粵": 9,
    "台": 8,
    "德": 8,
    "希臘": 5,
    "unknown": 3,
    "西班牙": 3,
    "法": 2,
    "波蘭": 2,
    "烏克蘭": 2,
    "芬蘭": 2,
    "en": 1,
    "ja": 1,
    "世界": 1,
    "南非": 1,
    "旁遮普": 1,
    "泰": 1,
    "羅馬尼亞": 1,
    "義": 1,
    "韓": 1,
    "total": 373
  },
  "占比": {
    "日": 0.4075067024128686,
    "純音樂": 0.1554959785522788,
    "中": 0.12064343163538874,
    "英": 0.0938337801608579,
    "俄": 0.08042895442359249,
    "粵": 0.024128686327077747,
    "台": 0.021447721179624665,
    "德": 0.021447721179624665,
    "希臘": 0.013404825737265416,
    "unknown": 0.00804289544235925,
    "西班牙": 0.00804289544235925,
    "法": 0.005361930294906166,
    "波蘭": 0.005361930294906166,
    "烏克蘭": 0.005361930294906166,
    "芬蘭": 0.005361930294906166,
    "en": 0.002680965147453083,
    "ja": 0.002680965147453083,
    "世界": 0.002680965147453083,
    "南非": 0.002680965147453083,
    "旁遮普": 0.002680965147453083,
    "泰": 0.002680965147453083,
    "羅馬尼亞": 0.002680965147453083,
    "義": 0.002680965147453083,
    "韓": 0.002680965147453083,
    "total": 1
  }
}