{
  "統計": {
    "日": 148,
    "純音樂": 56,
    "中": 44,
    "英": 32,
    "俄": 27,
    "台": 8,
    "德": 7,
    "希臘": 5,
    "粵": 5,
    "unknown": 3,
    "波蘭": 2,
    "烏克蘭": 2,
    "芬蘭": 2,
    "西班牙": 2,
    "zh-TW": 1,
    "世界": 1,
    "南非": 1,
    "旁遮普": 1,
    "法": 1,
    "泰": 1,
    "羅馬尼亞": 1,
    "義": 1,
    "韓": 1,
    "total": 352
  },
  "占比": {
    "日": 0.42045454545454547,
    "純音樂": 0.1590909090909091,
    "中": 0.125,
    "英": 0.09090909090909091,
    "俄": 0.07670454545454546,
    "台": 0.022727272727272728,
    "德": 0.019886363636363636,
    "希臘": 0.014204545454545454,
    "粵": 0.014204545454545454,
    "unknown": 0.008522727272727272,
    "波蘭": 0.005681818181818182,
    "烏克蘭": 0.005681818181818182,
    "芬蘭": 0.005681818181818182,
    "西班牙": 0.005681818181818182,
    "zh-TW": 0.002840909090909091,
    "世界": 0.002840909090909091,
    "南非": 0.002840909090909091,
    "旁遮普": 0.002840909090909091,
    "法": 0.002840909090909091,
    "泰": 0.002840909090909091,
    "羅馬尼亞": 0.002840909090909091,
    "義": 0.002840909090909091,
    "韓": 0.002840909090909091,
    "total": 1
  }
}