{
  "統計": {
    "日": 229,
    "純音樂": 105,
    "中": 68,
    "英": 46,
    "俄": 43,
    "粵": 13,
    "台": 9,
    "德": 9,
    "希臘": 7,
    "烏克蘭": 7,
    "ja": 4,
    "en": 3,
    "芬蘭": 3,
    "韓": 3,
    "uk": 2,
    "波蘭": 2,
    "zh": 1,
    "世界": 1,
    "南非": 1,
    "客": 1,
    "希伯來": 1,
    "拉丁": 1,
    "法": 1,
    "泰": 1,
    "泰盧固": 1,
    "福建": 1,
    "羅馬尼亞": 1,
    "義": 1,
    "諾斯": 1,
    "total": 566
  },
  "占比": {
    "日": 0.4045936395759717,
    "純音樂": 0.1855123674911661,
    "中": 0.12014134275618374,
    "英": 0.0812720848056537,
    "俄": 0.07597173144876325,
    "粵": 0.022968197879858657,
    "台": 0.015901060070671377,
    "德": 0.015901060070671377,
    "希臘": 0.012367491166077738,
    "烏克蘭": 0.012367491166077738,
    "ja": 0.007067137809187279,
    "en": 0.00530035335689046,
    "芬蘭": 0.00530035335689046,
    "韓": 0.00530035335689046,
    "uk": 0.0035335689045936395,
    "波蘭": 0.0035335689045936395,
    "zh": 0.0017667844522968198,
    "世界": 0.0017667844522968198,
    "南非": 0.0017667844522968198,
    "客": 0.0017667844522968198,
    "希伯來": 0.0017667844522968198,
    "拉丁": 0.0017667844522968198,
    "法": 0.0017667844522968198,
    "泰": 0.0017667844522968198,
    "泰盧固": 0.0017667844522968198,
    "福建": 0.0017667844522968198,
    "羅馬尼亞": 0.0017667844522968198,
    "義": 0.0017667844522968198,
    "諾斯": 0.0017667844522968198,
    "total": 1
  }
}