{
  "統計": {
    "日": 232,
    "純音樂": 109,
    "中": 69,
    "英": 45,
    "俄": 44,
    "粵": 13,
    "烏克蘭": 10,
    "台": 9,
    "德": 9,
    "希臘": 7,
    "芬蘭": 3,
    "韓": 3,
    "拉丁": 2,
    "波蘭": 2,
    "unknown": 1,
    "zh-HK": 1,
    "世界": 1,
    "南非": 1,
    "客": 1,
    "希伯來": 1,
    "法": 1,
    "泰": 1,
    "泰盧固": 1,
    "福建": 1,
    "羅馬尼亞": 1,
    "義": 1,
    "諾斯": 1,
    "阿拉伯": 1,
    "阿美": 1,
    "total": 572
  },
  "占比": {
    "日": 0.40559440559440557,
    "純音樂": 0.19055944055944055,
    "中": 0.12062937062937062,
    "英": 0.07867132867132867,
    "俄": 0.07692307692307693,
    "粵": 0.022727272727272728,
    "烏克蘭": 0.017482517482517484,
    "台": 0.015734265734265736,
    "德": 0.015734265734265736,
    "希臘": 0.012237762237762238,
    "芬蘭": 0.005244755244755245,
    "韓": 0.005244755244755245,
    "拉丁": 0.0034965034965034965,
    "波蘭": 0.0034965034965034965,
    "unknown": 0.0017482517482517483,
    "zh-HK": 0.0017482517482517483,
    "世界": 0.0017482517482517483,
    "南非": 0.0017482517482517483,
    "客": 0.0017482517482517483,
    "希伯來": 0.0017482517482517483,
    "法": 0.0017482517482517483,
    "泰": 0.0017482517482517483,
    "泰盧固": 0.0017482517482517483,
    "福建": 0.0017482517482517483,
    "羅馬尼亞": 0.0017482517482517483,
    "義": 0.0017482517482517483,
    "諾斯": 0.0017482517482517483,
    "阿拉伯": 0.0017482517482517483,
    "阿美": 0.0017482517482517483,
    "total": 1
  }
}