{
  "統計": {
    "日": 235,
    "純音樂": 114,
    "中": 71,
    "英": 44,
    "俄": 37,
    "粵": 11,
    "台": 10,
    "德": 9,
    "unknown": 6,
    "希臘": 6,
    "芬蘭": 4,
    "西班牙": 3,
    "韓": 3,
    "法": 2,
    "波蘭": 2,
    "烏克蘭": 2,
    "ja": 1,
    "yue-HK": 1,
    "zh-TW": 1,
    "世界": 1,
    "南非": 1,
    "旁遮普": 1,
    "泰": 1,
    "羅馬尼亞": 1,
    "義": 1,
    "total": 568
  },
  "占比": {
    "日": 0.4137323943661972,
    "純音樂": 0.2007042253521127,
    "中": 0.125,
    "英": 0.07746478873239436,
    "俄": 0.06514084507042253,
    "粵": 0.01936619718309859,
    "台": 0.017605633802816902,
    "德": 0.01584507042253521,
    "unknown": 0.01056338028169014,
    "希臘": 0.01056338028169014,
    "芬蘭": 0.007042253521126761,
    "西班牙": 0.00528169014084507,
    "韓": 0.00528169014084507,
    "法": 0.0035211267605633804,
    "波蘭": 0.0035211267605633804,
    "烏克蘭": 0.0035211267605633804,
    "ja": 0.0017605633802816902,
    "yue-HK": 0.0017605633802816902,
    "zh-TW": 0.0017605633802816902,
    "世界": 0.0017605633802816902,
    "南非": 0.0017605633802816902,
    "旁遮普": 0.0017605633802816902,
    "泰": 0.0017605633802816902,
    "羅馬尼亞": 0.0017605633802816902,
    "義": 0.0017605633802816902,
    "total": 1
  }
}