{
  "統計": {
    "日": 163,
    "純音樂": 63,
    "中": 52,
    "英": 38,
    "俄": 31,
    "台": 10,
    "德": 9,
    "粵": 9,
    "希臘": 6,
    "unknown": 3,
    "西班牙": 3,
    "法": 2,
    "波蘭": 2,
    "烏克蘭": 2,
    "芬蘭": 2,
    "ja": 1,
    "yue": 1,
    "世界": 1,
    "南非": 1,
    "旁遮普": 1,
    "泰": 1,
    "羅馬尼亞": 1,
    "義": 1,
    "韓": 1,
    "total": 404
  },
  "占比": {
    "日": 0.4034653465346535,
    "純音樂": 0.15594059405940594,
    "中": 0.12871287128712872,
    "英": 0.09405940594059406,
    "俄": 0.07673267326732673,
    "台": 0.024752475247524754,
    "德": 0.022277227722772276,
    "粵": 0.022277227722772276,
    "希臘": 0.01485148514851485,
    "unknown": 0.007425742574257425,
    "西班牙": 0.007425742574257425,
    "法": 0.0049504950495049506,
    "波蘭": 0.0049504950495049506,
    "烏克蘭": 0.0049504950495049506,
    "芬蘭": 0.0049504950495049506,
    "ja": 0.0024752475247524753,
    "yue": 0.0024752475247524753,
    "世界": 0.0024752475247524753,
    "南非": 0.0024752475247524753,
    "旁遮普": 0.0024752475247524753,
    "泰": 0.0024752475247524753,
    "羅馬尼亞": 0.0024752475247524753,
    "義": 0.0024752475247524753,
    "韓": 0.0024752475247524753,
    "total": 1
  }
}