{
  "統計": {
    "日": 219,
    "純音樂": 107,
    "中": 69,
    "英": 44,
    "俄": 36,
    "粵": 11,
    "台": 10,
    "德": 9,
    "希臘": 6,
    "unknown": 3,
    "芬蘭": 3,
    "西班牙": 3,
    "韓": 3,
    "法": 2,
    "波蘭": 2,
    "烏克蘭": 2,
    "ja": 1,
    "世界": 1,
    "南非": 1,
    "旁遮普": 1,
    "泰": 1,
    "羅馬尼亞": 1,
    "義": 1,
    "total": 536
  },
  "占比": {
    "日": 0.4085820895522388,
    "純音樂": 0.19962686567164178,
    "中": 0.1287313432835821,
    "英": 0.08208955223880597,
    "俄": 0.06716417910447761,
    "粵": 0.020522388059701493,
    "台": 0.018656716417910446,
    "德": 0.016791044776119403,
    "希臘": 0.011194029850746268,
    "unknown": 0.005597014925373134,
    "芬蘭": 0.005597014925373134,
    "西班牙": 0.005597014925373134,
    "韓": 0.005597014925373134,
    "法": 0.0037313432835820895,
    "波蘭": 0.0037313432835820895,
    "烏克蘭": 0.0037313432835820895,
    "ja": 0.0018656716417910447,
    "世界": 0.0018656716417910447,
    "南非": 0.0018656716417910447,
    "旁遮普": 0.0018656716417910447,
    "泰": 0.0018656716417910447,
    "羅馬尼亞": 0.0018656716417910447,
    "義": 0.0018656716417910447,
    "total": 1
  }
}