{
  "統計": {
    "日": 141,
    "中": 48,
    "純音樂": 46,
    "俄": 39,
    "英": 23,
    "烏克蘭": 15,
    "unknown": 9,
    "ja": 7,
    "台": 5,
    "en": 4,
    "希臘": 4,
    "德": 4,
    "粵": 4,
    "西班牙": 3,
    "ru": 2,
    "uk": 2,
    "拉丁": 2,
    "諾斯": 2,
    "da": 1,
    "en-US": 1,
    "zh": 1,
    "zh-TW": 1,
    "客": 1,
    "法": 1,
    "泰": 1,
    "福建": 1,
    "粵語": 1,
    "芬蘭": 1,
    "total": 370
  },
  "占比": {
    "日": 0.3810810810810811,
    "中": 0.12972972972972974,
    "純音樂": 0.12432432432432433,
    "俄": 0.10540540540540541,
    "英": 0.062162162162162166,
    "烏克蘭": 0.04054054054054054,
    "unknown": 0.024324324324324326,
    "ja": 0.01891891891891892,
    "台": 0.013513513513513514,
    "en": 0.010810810810810811,
    "希臘": 0.010810810810810811,
    "德": 0.010810810810810811,
    "粵": 0.010810810810810811,
    "西班牙": 0.008108108108108109,
    "ru": 0.005405405405405406,
    "uk": 0.005405405405405406,
    "拉丁": 0.005405405405405406,
    "諾斯": 0.005405405405405406,
    "da": 0.002702702702702703,
    "en-US": 0.002702702702702703,
    "zh": 0.002702702702702703,
    "zh-TW": 0.002702702702702703,
    "客": 0.002702702702702703,
    "法": 0.002702702702702703,
    "泰": 0.002702702702702703,
    "福建": 0.002702702702702703,
    "粵語": 0.002702702702702703,
    "芬蘭": 0.002702702702702703,
    "total": 1
  }
}