{
  "統計": {
    "日": 109,
    "中": 28,
    "俄": 26,
    "英": 25,
    "純音樂": 24,
    "粵": 9,
    "台": 5,
    "德": 5,
    "希臘": 3,
    "法": 2,
    "波蘭": 2,
    "芬蘭": 2,
    "en": 1,
    "und": 1,
    "世界": 1,
    "客": 1,
    "烏克蘭": 1,
    "義": 1,
    "total": 246
  },
  "占比": {
    "日": 0.44308943089430897,
    "中": 0.11382113821138211,
    "俄": 0.10569105691056911,
    "英": 0.1016260162601626,
    "純音樂": 0.0975609756097561,
    "粵": 0.036585365853658534,
    "台": 0.02032520325203252,
    "德": 0.02032520325203252,
    "希臘": 0.012195121951219513,
    "法": 0.008130081300813009,
    "波蘭": 0.008130081300813009,
    "芬蘭": 0.008130081300813009,
    "en": 0.0040650406504065045,
    "und": 0.0040650406504065045,
    "世界": 0.0040650406504065045,
    "客": 0.0040650406504065045,
    "烏克蘭": 0.0040650406504065045,
    "義": 0.0040650406504065045,
    "total": 1
  }
}