{
  "統計": {
    "日": 126,
    "純音樂": 53,
    "中": 39,
    "英": 28,
    "俄": 24,
    "台": 7,
    "德": 7,
    "希臘": 5,
    "粵": 5,
    "ja": 3,
    "波蘭": 2,
    "烏克蘭": 2,
    "芬蘭": 2,
    "西班牙": 2,
    "unknown": 1,
    "世界": 1,
    "南非": 1,
    "旁遮普": 1,
    "法": 1,
    "泰": 1,
    "羅馬尼亞": 1,
    "義": 1,
    "韓": 1,
    "total": 314
  },
  "占比": {
    "日": 0.4012738853503185,
    "純音樂": 0.16878980891719744,
    "中": 0.12420382165605096,
    "英": 0.08917197452229299,
    "俄": 0.07643312101910828,
    "台": 0.022292993630573247,
    "德": 0.022292993630573247,
    "希臘": 0.01592356687898089,
    "粵": 0.01592356687898089,
    "ja": 0.009554140127388535,
    "波蘭": 0.006369426751592357,
    "烏克蘭": 0.006369426751592357,
    "芬蘭": 0.006369426751592357,
    "西班牙": 0.006369426751592357,
    "unknown": 0.0031847133757961785,
    "世界": 0.0031847133757961785,
    "南非": 0.0031847133757961785,
    "旁遮普": 0.0031847133757961785,
    "法": 0.0031847133757961785,
    "泰": 0.0031847133757961785,
    "羅馬尼亞": 0.0031847133757961785,
    "義": 0.0031847133757961785,
    "韓": 0.0031847133757961785,
    "total": 1
  }
}