{
  "統計": {
    "日": 238,
    "純音樂": 96,
    "中": 65,
    "英": 43,
    "俄": 36,
    "粵": 13,
    "台": 10,
    "ja": 7,
    "德": 7,
    "希臘": 6,
    "烏克蘭": 6,
    "芬蘭": 4,
    "韓": 3,
    "波蘭": 2,
    "en": 1,
    "und": 1,
    "zh": 1,
    "zh-TW": 1,
    "世界": 1,
    "南非": 1,
    "希伯來": 1,
    "旁遮普": 1,
    "法": 1,
    "泰": 1,
    "泰盧固": 1,
    "羅馬尼亞": 1,
    "義": 1,
    "total": 549
  },
  "占比": {
    "日": 0.4335154826958106,
    "純音樂": 0.17486338797814208,
    "中": 0.11839708561020036,
    "英": 0.07832422586520947,
    "俄": 0.06557377049180328,
    "粵": 0.023679417122040074,
    "台": 0.018214936247723135,
    "ja": 0.012750455373406194,
    "德": 0.012750455373406194,
    "希臘": 0.01092896174863388,
    "烏克蘭": 0.01092896174863388,
    "芬蘭": 0.007285974499089253,
    "韓": 0.00546448087431694,
    "波蘭": 0.0036429872495446266,
    "en": 0.0018214936247723133,
    "und": 0.0018214936247723133,
    "zh": 0.0018214936247723133,
    "zh-TW": 0.0018214936247723133,
    "世界": 0.0018214936247723133,
    "南非": 0.0018214936247723133,
    "希伯來": 0.0018214936247723133,
    "旁遮普": 0.0018214936247723133,
    "法": 0.0018214936247723133,
    "泰": 0.0018214936247723133,
    "泰盧固": 0.0018214936247723133,
    "羅馬尼亞": 0.0018214936247723133,
    "義": 0.0018214936247723133,
    "total": 1
  }
}