{
  "統計": {
    "日": 109,
    "中": 28,
    "俄": 27,
    "英": 26,
    "純音樂": 24,
    "粵": 8,
    "台": 6,
    "德": 5,
    "zh": 4,
    "希臘": 3,
    "法": 2,
    "波蘭": 2,
    "芬蘭": 2,
    "en": 1,
    "zh-Hant": 1,
    "世界": 1,
    "客": 1,
    "烏克蘭": 1,
    "義": 1,
    "total": 252
  },
  "占比": {
    "日": 0.43253968253968256,
    "中": 0.1111111111111111,
    "俄": 0.10714285714285714,
    "英": 0.10317460317460317,
    "純音樂": 0.09523809523809523,
    "粵": 0.031746031746031744,
    "台": 0.023809523809523808,
    "德": 0.01984126984126984,
    "zh": 0.015873015873015872,
    "希臘": 0.011904761904761904,
    "法": 0.007936507936507936,
    "波蘭": 0.007936507936507936,
    "芬蘭": 0.007936507936507936,
    "en": 0.003968253968253968,
    "zh-Hant": 0.003968253968253968,
    "世界": 0.003968253968253968,
    "客": 0.003968253968253968,
    "烏克蘭": 0.003968253968253968,
    "義": 0.003968253968253968,
    "total": 1
  }
}