{
  "統計": {
    "日": 125,
    "純音樂": 54,
    "中": 35,
    "俄": 23,
    "英": 23,
    "德": 6,
    "台": 5,
    "希臘": 5,
    "粵": 5,
    "波蘭": 2,
    "烏克蘭": 2,
    "芬蘭": 2,
    "西班牙": 2,
    "世界": 1,
    "南非": 1,
    "旁遮普": 1,
    "法": 1,
    "羅馬尼亞": 1,
    "義": 1,
    "韓": 1,
    "total": 296
  },
  "占比": {
    "日": 0.4222972972972973,
    "純音樂": 0.18243243243243243,
    "中": 0.11824324324324324,
    "俄": 0.0777027027027027,
    "英": 0.0777027027027027,
    "德": 0.02027027027027027,
    "台": 0.016891891891891893,
    "希臘": 0.016891891891891893,
    "粵": 0.016891891891891893,
    "波蘭": 0.006756756756756757,
    "烏克蘭": 0.006756756756756757,
    "芬蘭": 0.006756756756756757,
    "西班牙": 0.006756756756756757,
    "世界": 0.0033783783783783786,
    "南非": 0.0033783783783783786,
    "旁遮普": 0.0033783783783783786,
    "法": 0.0033783783783783786,
    "羅馬尼亞": 0.0033783783783783786,
    "義": 0.0033783783783783786,
    "韓": 0.0033783783783783786,
    "total": 1
  }
}