{
  "統計": {
    "日": 238,
    "純音樂": 92,
    "中": 70,
    "英": 44,
    "俄": 39,
    "粵": 13,
    "台": 8,
    "德": 8,
    "希臘": 7,
    "烏克蘭": 6,
    "芬蘭": 4,
    "韓": 3,
    "波蘭": 2,
    "世界": 1,
    "希伯來": 1,
    "法": 1,
    "南非": 1,
    "旁遮普": 1,
    "泰": 1,
    "泰盧固": 1,
    "義": 1,
    "福建": 1,
    "羅馬尼亞": 1,
    "total": 544
  },
  "占比": {
    "日": 0.4375,
    "純音樂": 0.16911764705882354,
    "中": 0.12867647058823528,
    "英": 0.08088235294117647,
    "俄": 0.07169117647058823,
    "粵": 0.02389705882352941,
    "台": 0.014705882352941176,
    "德": 0.014705882352941176,
    "希臘": 0.012867647058823529,
    "烏克蘭": 0.011029411764705883,
    "芬蘭": 0.007352941176470588,
    "韓": 0.0055147058823529415,
    "波蘭": 0.003676470588235294,
    "世界": 0.001838235294117647,
    "希伯來": 0.001838235294117647,
    "法": 0.001838235294117647,
    "南非": 0.001838235294117647,
    "旁遮普": 0.001838235294117647,
    "泰": 0.001838235294117647,
    "泰盧固": 0.001838235294117647,
    "義": 0.001838235294117647,
    "福建": 0.001838235294117647,
    "羅馬尼亞": 0.001838235294117647,
    "total": 1
  }
}