{
  "統計": {
    "日": 249,
    "純音樂": 115,
    "中": 74,
    "英": 47,
    "俄": 37,
    "粵": 12,
    "台": 9,
    "德": 9,
    "希臘": 6,
    "烏克蘭": 5,
    "芬蘭": 4,
    "西班牙": 3,
    "韓": 3,
    "unknown": 2,
    "法": 2,
    "波蘭": 2,
    "ja": 1,
    "世界": 1,
    "南非": 1,
    "旁遮普": 1,
    "泰": 1,
    "羅馬尼亞": 1,
    "義": 1,
    "total": 586
  },
  "占比": {
    "日": 0.4249146757679181,
    "純音樂": 0.1962457337883959,
    "中": 0.12627986348122866,
    "英": 0.08020477815699659,
    "俄": 0.06313993174061433,
    "粵": 0.020477815699658702,
    "台": 0.015358361774744027,
    "德": 0.015358361774744027,
    "希臘": 0.010238907849829351,
    "烏克蘭": 0.008532423208191127,
    "芬蘭": 0.006825938566552901,
    "西班牙": 0.005119453924914676,
    "韓": 0.005119453924914676,
    "unknown": 0.0034129692832764505,
    "法": 0.0034129692832764505,
    "波蘭": 0.0034129692832764505,
    "ja": 0.0017064846416382253,
    "世界": 0.0017064846416382253,
    "南非": 0.0017064846416382253,
    "旁遮普": 0.0017064846416382253,
    "泰": 0.0017064846416382253,
    "羅馬尼亞": 0.0017064846416382253,
    "義": 0.0017064846416382253,
    "total": 1
  }
}