{
  "統計": {
    "日": 149,
    "純音樂": 58,
    "中": 45,
    "英": 32,
    "俄": 27,
    "台": 8,
    "unknown": 7,
    "德": 7,
    "粵": 6,
    "希臘": 5,
    "波蘭": 2,
    "烏克蘭": 2,
    "芬蘭": 2,
    "西班牙": 2,
    "zh": 1,
    "zh-TW": 1,
    "世界": 1,
    "南非": 1,
    "旁遮普": 1,
    "法": 1,
    "泰": 1,
    "羅馬尼亞": 1,
    "義": 1,
    "韓": 1,
    "total": 362
  },
  "占比": {
    "日": 0.4116022099447514,
    "純音樂": 0.16022099447513813,
    "中": 0.12430939226519337,
    "英": 0.08839779005524862,
    "俄": 0.07458563535911603,
    "台": 0.022099447513812154,
    "unknown": 0.019337016574585635,
    "德": 0.019337016574585635,
    "粵": 0.016574585635359115,
    "希臘": 0.013812154696132596,
    "波蘭": 0.0055248618784530384,
    "烏克蘭": 0.0055248618784530384,
    "芬蘭": 0.0055248618784530384,
    "西班牙": 0.0055248618784530384,
    "zh": 0.0027624309392265192,
    "zh-TW": 0.0027624309392265192,
    "世界": 0.0027624309392265192,
    "南非": 0.0027624309392265192,
    "旁遮普": 0.0027624309392265192,
    "法": 0.0027624309392265192,
    "泰": 0.0027624309392265192,
    "羅馬尼亞": 0.0027624309392265192,
    "義": 0.0027624309392265192,
    "韓": 0.0027624309392265192,
    "total": 1
  }
}