{
  "統計": {
    "日": 130,
    "純音樂": 54,
    "中": 40,
    "英": 28,
    "俄": 24,
    "台": 7,
    "德": 7,
    "希臘": 5,
    "粵": 5,
    "波蘭": 2,
    "烏克蘭": 2,
    "芬蘭": 2,
    "西班牙": 2,
    "ja": 1,
    "unknown": 1,
    "世界": 1,
    "南非": 1,
    "旁遮普": 1,
    "法": 1,
    "泰": 1,
    "羅馬尼亞": 1,
    "義": 1,
    "韓": 1,
    "total": 318
  },
  "占比": {
    "日": 0.4088050314465409,
    "純音樂": 0.16981132075471697,
    "中": 0.12578616352201258,
    "英": 0.0880503144654088,
    "俄": 0.07547169811320754,
    "台": 0.0220125786163522,
    "德": 0.0220125786163522,
    "希臘": 0.015723270440251572,
    "粵": 0.015723270440251572,
    "波蘭": 0.006289308176100629,
    "烏克蘭": 0.006289308176100629,
    "芬蘭": 0.006289308176100629,
    "西班牙": 0.006289308176100629,
    "ja": 0.0031446540880503146,
    "unknown": 0.0031446540880503146,
    "世界": 0.0031446540880503146,
    "南非": 0.0031446540880503146,
    "旁遮普": 0.0031446540880503146,
    "法": 0.0031446540880503146,
    "泰": 0.0031446540880503146,
    "羅馬尼亞": 0.0031446540880503146,
    "義": 0.0031446540880503146,
    "韓": 0.0031446540880503146,
    "total": 1
  }
}