{
  "統計": {
    "日": 144,
    "純音樂": 54,
    "中": 43,
    "英": 32,
    "俄": 26,
    "台": 8,
    "德": 7,
    "希臘": 5,
    "粵": 5,
    "波蘭": 2,
    "烏克蘭": 2,
    "芬蘭": 2,
    "西班牙": 2,
    "世界": 1,
    "南非": 1,
    "旁遮普": 1,
    "法": 1,
    "泰": 1,
    "羅馬尼亞": 1,
    "義": 1,
    "韓": 1,
    "total": 340
  },
  "占比": {
    "日": 0.4235294117647059,
    "純音樂": 0.1588235294117647,
    "中": 0.1264705882352941,
    "英": 0.09411764705882353,
    "俄": 0.07647058823529412,
    "台": 0.023529411764705882,
    "德": 0.020588235294117647,
    "希臘": 0.014705882352941176,
    "粵": 0.014705882352941176,
    "波蘭": 0.0058823529411764705,
    "烏克蘭": 0.0058823529411764705,
    "芬蘭": 0.0058823529411764705,
    "西班牙": 0.0058823529411764705,
    "世界": 0.0029411764705882353,
    "南非": 0.0029411764705882353,
    "旁遮普": 0.0029411764705882353,
    "法": 0.0029411764705882353,
    "泰": 0.0029411764705882353,
    "羅馬尼亞": 0.0029411764705882353,
    "義": 0.0029411764705882353,
    "韓": 0.0029411764705882353,
    "total": 1
  }
}