{
  "統計": {
    "日": 223,
    "純音樂": 103,
    "中": 65,
    "英": 45,
    "俄": 40,
    "粵": 12,
    "德": 9,
    "台": 8,
    "烏克蘭": 8,
    "希臘": 7,
    "ja": 4,
    "ru": 3,
    "芬蘭": 3,
    "韓": 3,
    "zh": 2,
    "zh-Hant": 2,
    "波蘭": 2,
    "ar": 1,
    "en": 1,
    "世界": 1,
    "南非": 1,
    "客": 1,
    "希伯來": 1,
    "拉丁": 1,
    "法": 1,
    "泰": 1,
    "泰盧固": 1,
    "福建": 1,
    "羅馬尼亞": 1,
    "義": 1,
    "諾斯": 1,
    "total": 553
  },
  "占比": {
    "日": 0.40325497287522605,
    "純音樂": 0.18625678119349007,
    "中": 0.11754068716094032,
    "英": 0.081374321880651,
    "俄": 0.07233273056057866,
    "粵": 0.0216998191681736,
    "德": 0.0162748643761302,
    "台": 0.014466546112115732,
    "烏克蘭": 0.014466546112115732,
    "希臘": 0.012658227848101266,
    "ja": 0.007233273056057866,
    "ru": 0.0054249547920434,
    "芬蘭": 0.0054249547920434,
    "韓": 0.0054249547920434,
    "zh": 0.003616636528028933,
    "zh-Hant": 0.003616636528028933,
    "波蘭": 0.003616636528028933,
    "ar": 0.0018083182640144665,
    "en": 0.0018083182640144665,
    "世界": 0.0018083182640144665,
    "南非": 0.0018083182640144665,
    "客": 0.0018083182640144665,
    "希伯來": 0.0018083182640144665,
    "拉丁": 0.0018083182640144665,
    "法": 0.0018083182640144665,
    "泰": 0.0018083182640144665,
    "泰盧固": 0.0018083182640144665,
    "福建": 0.0018083182640144665,
    "羅馬尼亞": 0.0018083182640144665,
    "義": 0.0018083182640144665,
    "諾斯": 0.0018083182640144665,
    "total": 1
  }
}