{
  "統計": {
    "日": 226,
    "純音樂": 103,
    "中": 66,
    "英": 48,
    "俄": 40,
    "粵": 12,
    "德": 9,
    "台": 8,
    "烏克蘭": 8,
    "希臘": 7,
    "ja": 4,
    "ru": 3,
    "芬蘭": 3,
    "韓": 3,
    "zh": 2,
    "zh-Hant": 2,
    "波蘭": 2,
    "en": 1,
    "世界": 1,
    "南非": 1,
    "客": 1,
    "希伯來": 1,
    "拉丁": 1,
    "法": 1,
    "泰": 1,
    "泰盧固": 1,
    "福建": 1,
    "羅馬尼亞": 1,
    "義": 1,
    "諾斯": 1,
    "total": 559
  },
  "占比": {
    "日": 0.40429338103756707,
    "純音樂": 0.18425760286225404,
    "中": 0.11806797853309481,
    "英": 0.08586762075134168,
    "俄": 0.07155635062611806,
    "粵": 0.02146690518783542,
    "德": 0.016100178890876567,
    "台": 0.014311270125223614,
    "烏克蘭": 0.014311270125223614,
    "希臘": 0.012522361359570662,
    "ja": 0.007155635062611807,
    "ru": 0.005366726296958855,
    "芬蘭": 0.005366726296958855,
    "韓": 0.005366726296958855,
    "zh": 0.0035778175313059034,
    "zh-Hant": 0.0035778175313059034,
    "波蘭": 0.0035778175313059034,
    "en": 0.0017889087656529517,
    "世界": 0.0017889087656529517,
    "南非": 0.0017889087656529517,
    "客": 0.0017889087656529517,
    "希伯來": 0.0017889087656529517,
    "拉丁": 0.0017889087656529517,
    "法": 0.0017889087656529517,
    "泰": 0.0017889087656529517,
    "泰盧固": 0.0017889087656529517,
    "福建": 0.0017889087656529517,
    "羅馬尼亞": 0.0017889087656529517,
    "義": 0.0017889087656529517,
    "諾斯": 0.0017889087656529517,
    "total": 1
  }
}