{
  "統計": {
    "日": 257,
    "純音樂": 115,
    "中": 79,
    "英": 49,
    "俄": 43,
    "粵": 15,
    "台": 9,
    "烏克蘭": 8,
    "德": 8,
    "希臘": 6,
    "芬蘭": 4,
    "西班牙": 3,
    "韓": 3,
    "法": 2,
    "波蘭": 2,
    "世界": 1,
    "南非": 1,
    "旁遮普": 1,
    "泰": 1,
    "泰盧固": 1,
    "義": 1,
    "羅馬尼亞": 1,
    "total": 610
  },
  "占比": {
    "日": 0.42131147540983604,
    "純音樂": 0.1885245901639344,
    "中": 0.12950819672131147,
    "英": 0.08032786885245902,
    "俄": 0.07049180327868852,
    "粵": 0.02459016393442623,
    "台": 0.014754098360655738,
    "烏克蘭": 0.013114754098360656,
    "德": 0.013114754098360656,
    "希臘": 0.009836065573770493,
    "芬蘭": 0.006557377049180328,
    "西班牙": 0.004918032786885246,
    "韓": 0.004918032786885246,
    "法": 0.003278688524590164,
    "波蘭": 0.003278688524590164,
    "世界": 0.001639344262295082,
    "南非": 0.001639344262295082,
    "旁遮普": 0.001639344262295082,
    "泰": 0.001639344262295082,
    "泰盧固": 0.001639344262295082,
    "義": 0.001639344262295082,
    "羅馬尼亞": 0.001639344262295082,
    "total": 1
  }
}