{
  "統計": {
    "日": 85,
    "ja": 32,
    "純音樂": 31,
    "中": 30,
    "俄": 26,
    "英": 14,
    "烏克蘭": 12,
    "ru": 10,
    "en": 8,
    "zh": 6,
    "希臘": 4,
    "德": 4,
    "und": 3,
    "台": 3,
    "西班牙": 3,
    "uk": 2,
    "拉丁": 2,
    "諾斯": 2,
    "en-US": 1,
    "id": 1,
    "zh-CN": 1,
    "zh-HK": 1,
    "zh-TW": 1,
    "法": 1,
    "福建": 1,
    "粵": 1,
    "芬蘭": 1,
    "total": 286
  },
  "占比": {
    "日": 0.2972027972027972,
    "ja": 0.11188811188811189,
    "純音樂": 0.10839160839160839,
    "中": 0.1048951048951049,
    "俄": 0.09090909090909091,
    "英": 0.04895104895104895,
    "烏克蘭": 0.04195804195804196,
    "ru": 0.03496503496503497,
    "en": 0.027972027972027972,
    "zh": 0.02097902097902098,
    "希臘": 0.013986013986013986,
    "德": 0.013986013986013986,
    "und": 0.01048951048951049,
    "台": 0.01048951048951049,
    "西班牙": 0.01048951048951049,
    "uk": 0.006993006993006993,
    "拉丁": 0.006993006993006993,
    "諾斯": 0.006993006993006993,
    "en-US": 0.0034965034965034965,
    "id": 0.0034965034965034965,
    "zh-CN": 0.0034965034965034965,
    "zh-HK": 0.0034965034965034965,
    "zh-TW": 0.0034965034965034965,
    "法": 0.0034965034965034965,
    "福建": 0.0034965034965034965,
    "粵": 0.0034965034965034965,
    "芬蘭": 0.0034965034965034965,
    "total": 1
  }
}