{
  "統計": {
    "日": 84,
    "中": 30,
    "純音樂": 29,
    "俄": 25,
    "英": 14,
    "烏克蘭": 12,
    "希臘": 4,
    "台": 3,
    "德": 3,
    "西班牙": 3,
    "拉丁": 2,
    "諾斯": 2,
    "de": 1,
    "fi": 1,
    "ru": 1,
    "zh-TW": 1,
    "法": 1,
    "福建": 1,
    "粵": 1,
    "total": 218
  },
  "占比": {
    "日": 0.3853211009174312,
    "中": 0.13761467889908258,
    "純音樂": 0.13302752293577982,
    "俄": 0.11467889908256881,
    "英": 0.06422018348623854,
    "烏克蘭": 0.05504587155963303,
    "希臘": 0.01834862385321101,
    "台": 0.013761467889908258,
    "德": 0.013761467889908258,
    "西班牙": 0.013761467889908258,
    "拉丁": 0.009174311926605505,
    "諾斯": 0.009174311926605505,
    "de": 0.0045871559633027525,
    "fi": 0.0045871559633027525,
    "ru": 0.0045871559633027525,
    "zh-TW": 0.0045871559633027525,
    "法": 0.0045871559633027525,
    "福建": 0.0045871559633027525,
    "粵": 0.0045871559633027525,
    "total": 1
  }
}