{
  "統計": {
    "日": 130,
    "純音樂": 54,
    "中": 40,
    "英": 28,
    "俄": 24,
    "台": 7,
    "德": 7,
    "希臘": 5,
    "粵": 5,
    "波蘭": 2,
    "烏克蘭": 2,
    "芬蘭": 2,
    "西班牙": 2,
    "ja": 1,
    "世界": 1,
    "南非": 1,
    "旁遮普": 1,
    "法": 1,
    "泰": 1,
    "羅馬尼亞": 1,
    "義": 1,
    "韓": 1,
    "total": 317
  },
  "占比": {
    "日": 0.41009463722397477,
    "純音樂": 0.17034700315457413,
    "中": 0.12618296529968454,
    "英": 0.08832807570977919,
    "俄": 0.07570977917981073,
    "台": 0.022082018927444796,
    "德": 0.022082018927444796,
    "希臘": 0.015772870662460567,
    "粵": 0.015772870662460567,
    "波蘭": 0.006309148264984227,
    "烏克蘭": 0.006309148264984227,
    "芬蘭": 0.006309148264984227,
    "西班牙": 0.006309148264984227,
    "ja": 0.0031545741324921135,
    "世界": 0.0031545741324921135,
    "南非": 0.0031545741324921135,
    "旁遮普": 0.0031545741324921135,
    "法": 0.0031545741324921135,
    "泰": 0.0031545741324921135,
    "羅馬尼亞": 0.0031545741324921135,
    "義": 0.0031545741324921135,
    "韓": 0.0031545741324921135,
    "total": 1
  }
}