{
  "統計": {
    "日": 106,
    "中": 36,
    "俄": 28,
    "純音樂": 26,
    "英": 24,
    "粵": 8,
    "台": 6,
    "德": 5,
    "烏克蘭": 5,
    "希臘": 3,
    "法": 2,
    "波蘭": 2,
    "芬蘭": 2,
    "世界": 1,
    "客": 1,
    "泰": 1,
    "義": 1,
    "total": 257
  },
  "占比": {
    "日": 0.41245136186770426,
    "中": 0.14007782101167315,
    "俄": 0.10894941634241245,
    "純音樂": 0.10116731517509728,
    "英": 0.0933852140077821,
    "粵": 0.0311284046692607,
    "台": 0.023346303501945526,
    "德": 0.019455252918287938,
    "烏克蘭": 0.019455252918287938,
    "希臘": 0.011673151750972763,
    "法": 0.007782101167315175,
    "波蘭": 0.007782101167315175,
    "芬蘭": 0.007782101167315175,
    "世界": 0.0038910505836575876,
    "客": 0.0038910505836575876,
    "泰": 0.0038910505836575876,
    "義": 0.0038910505836575876,
    "total": 1
  }
}