{
  "統計": {
    "日": 149,
    "純音樂": 53,
    "中": 51,
    "俄": 42,
    "英": 24,
    "烏克蘭": 18,
    "unknown": 8,
    "台": 5,
    "粵": 5,
    "希臘": 4,
    "德": 4,
    "西班牙": 3,
    "拉丁": 2,
    "諾斯": 2,
    "阿拉伯": 2,
    "ja": 1,
    "zh-HK": 1,
    "客": 1,
    "法": 1,
    "泰": 1,
    "福建": 1,
    "粵語": 1,
    "芬蘭": 1,
    "阿美": 1,
    "total": 381
  },
  "占比": {
    "日": 0.3910761154855643,
    "純音樂": 0.13910761154855644,
    "中": 0.13385826771653545,
    "俄": 0.11023622047244094,
    "英": 0.06299212598425197,
    "烏克蘭": 0.047244094488188976,
    "unknown": 0.02099737532808399,
    "台": 0.013123359580052493,
    "粵": 0.013123359580052493,
    "希臘": 0.010498687664041995,
    "德": 0.010498687664041995,
    "西班牙": 0.007874015748031496,
    "拉丁": 0.005249343832020997,
    "諾斯": 0.005249343832020997,
    "阿拉伯": 0.005249343832020997,
    "ja": 0.0026246719160104987,
    "zh-HK": 0.0026246719160104987,
    "客": 0.0026246719160104987,
    "法": 0.0026246719160104987,
    "泰": 0.0026246719160104987,
    "福建": 0.0026246719160104987,
    "粵語": 0.0026246719160104987,
    "芬蘭": 0.0026246719160104987,
    "阿美": 0.0026246719160104987,
    "total": 1
  }
}