{
  "統計": {
    "日": 150,
    "純音樂": 58,
    "中": 45,
    "英": 34,
    "俄": 29,
    "粵": 9,
    "台": 8,
    "德": 8,
    "希臘": 5,
    "西班牙": 3,
    "法": 2,
    "波蘭": 2,
    "芬蘭": 2,
    "烏克蘭": 2,
    "世界": 1,
    "南非": 1,
    "旁遮普": 1,
    "泰": 1,
    "義": 1,
    "韓": 1,
    "羅馬尼亞": 1,
    "total": 364
  },
  "占比": {
    "日": 0.41208791208791207,
    "純音樂": 0.15934065934065933,
    "中": 0.12362637362637363,
    "英": 0.09340659340659341,
    "俄": 0.07967032967032966,
    "粵": 0.024725274725274724,
    "台": 0.02197802197802198,
    "德": 0.02197802197802198,
    "希臘": 0.013736263736263736,
    "西班牙": 0.008241758241758242,
    "法": 0.005494505494505495,
    "波蘭": 0.005494505494505495,
    "芬蘭": 0.005494505494505495,
    "烏克蘭": 0.005494505494505495,
    "世界": 0.0027472527472527475,
    "南非": 0.0027472527472527475,
    "旁遮普": 0.0027472527472527475,
    "泰": 0.0027472527472527475,
    "義": 0.0027472527472527475,
    "韓": 0.0027472527472527475,
    "羅馬尼亞": 0.0027472527472527475,
    "total": 1
  }
}