{
  "統計": {
    "日": 235,
    "純音樂": 91,
    "中": 67,
    "英": 44,
    "俄": 40,
    "粵": 13,
    "德": 9,
    "台": 8,
    "希臘": 7,
    "烏克蘭": 6,
    "芬蘭": 4,
    "韓": 3,
    "波蘭": 2,
    "世界": 1,
    "希伯來": 1,
    "法": 1,
    "南非": 1,
    "旁遮普": 1,
    "泰": 1,
    "泰盧固": 1,
    "義": 1,
    "福建": 1,
    "羅馬尼亞": 1,
    "total": 539
  },
  "占比": {
    "日": 0.4359925788497217,
    "純音樂": 0.16883116883116883,
    "中": 0.12430426716141002,
    "英": 0.08163265306122448,
    "俄": 0.07421150278293136,
    "粵": 0.02411873840445269,
    "德": 0.016697588126159554,
    "台": 0.014842300556586271,
    "希臘": 0.012987012987012988,
    "烏克蘭": 0.011131725417439703,
    "芬蘭": 0.0074211502782931356,
    "韓": 0.0055658627087198514,
    "波蘭": 0.0037105751391465678,
    "世界": 0.0018552875695732839,
    "希伯來": 0.0018552875695732839,
    "法": 0.0018552875695732839,
    "南非": 0.0018552875695732839,
    "旁遮普": 0.0018552875695732839,
    "泰": 0.0018552875695732839,
    "泰盧固": 0.0018552875695732839,
    "義": 0.0018552875695732839,
    "福建": 0.0018552875695732839,
    "羅馬尼亞": 0.0018552875695732839,
    "total": 1
  }
}