{
  "統計": {
    "日": 103,
    "中": 25,
    "英": 25,
    "純音樂": 24,
    "俄": 21,
    "粵": 8,
    "台": 5,
    "德": 5,
    "希臘": 3,
    "法": 2,
    "波蘭": 2,
    "芬蘭": 2,
    "unknown": 1,
    "世界": 1,
    "客": 1,
    "義": 1,
    "西班牙": 1,
    "total": 230
  },
  "占比": {
    "日": 0.44782608695652176,
    "中": 0.10869565217391304,
    "英": 0.10869565217391304,
    "純音樂": 0.10434782608695652,
    "俄": 0.09130434782608696,
    "粵": 0.034782608695652174,
    "台": 0.021739130434782608,
    "德": 0.021739130434782608,
    "希臘": 0.013043478260869565,
    "法": 0.008695652173913044,
    "波蘭": 0.008695652173913044,
    "芬蘭": 0.008695652173913044,
    "unknown": 0.004347826086956522,
    "世界": 0.004347826086956522,
    "客": 0.004347826086956522,
    "義": 0.004347826086956522,
    "西班牙": 0.004347826086956522,
    "total": 1
  }
}