{
  "統計": {
    "日": 141,
    "中": 49,
    "純音樂": 46,
    "俄": 39,
    "英": 23,
    "烏克蘭": 15,
    "台": 5,
    "希臘": 4,
    "德": 4,
    "粵": 4,
    "西班牙": 3,
    "en": 2,
    "拉丁": 2,
    "諾斯": 2,
    "en-US": 1,
    "ru": 1,
    "zh": 1,
    "客": 1,
    "法": 1,
    "泰": 1,
    "福建": 1,
    "粵語": 1,
    "芬蘭": 1,
    "total": 348
  },
  "占比": {
    "日": 0.4051724137931034,
    "中": 0.14080459770114942,
    "純音樂": 0.13218390804597702,
    "俄": 0.11206896551724138,
    "英": 0.06609195402298851,
    "烏克蘭": 0.04310344827586207,
    "台": 0.014367816091954023,
    "希臘": 0.011494252873563218,
    "德": 0.011494252873563218,
    "粵": 0.011494252873563218,
    "西班牙": 0.008620689655172414,
    "en": 0.005747126436781609,
    "拉丁": 0.005747126436781609,
    "諾斯": 0.005747126436781609,
    "en-US": 0.0028735632183908046,
    "ru": 0.0028735632183908046,
    "zh": 0.0028735632183908046,
    "客": 0.0028735632183908046,
    "法": 0.0028735632183908046,
    "泰": 0.0028735632183908046,
    "福建": 0.0028735632183908046,
    "粵語": 0.0028735632183908046,
    "芬蘭": 0.0028735632183908046,
    "total": 1
  }
}