{
  "統計": {
    "日": 230,
    "純音樂": 97,
    "中": 66,
    "英": 45,
    "俄": 40,
    "粵": 13,
    "德": 9,
    "台": 8,
    "烏克蘭": 8,
    "希臘": 7,
    "芬蘭": 4,
    "韓": 3,
    "波蘭": 2,
    "世界": 1,
    "希伯來": 1,
    "拉丁": 1,
    "法": 1,
    "南非": 1,
    "泰": 1,
    "泰盧固": 1,
    "義": 1,
    "福建": 1,
    "諾斯": 1,
    "羅馬尼亞": 1,
    "total": 543
  },
  "占比": {
    "日": 0.42357274401473294,
    "純音樂": 0.17863720073664824,
    "中": 0.12154696132596685,
    "英": 0.08287292817679558,
    "俄": 0.07366482504604052,
    "粵": 0.02394106813996317,
    "德": 0.016574585635359115,
    "台": 0.014732965009208104,
    "烏克蘭": 0.014732965009208104,
    "希臘": 0.01289134438305709,
    "芬蘭": 0.007366482504604052,
    "韓": 0.0055248618784530384,
    "波蘭": 0.003683241252302026,
    "世界": 0.001841620626151013,
    "希伯來": 0.001841620626151013,
    "拉丁": 0.001841620626151013,
    "法": 0.001841620626151013,
    "南非": 0.001841620626151013,
    "泰": 0.001841620626151013,
    "泰盧固": 0.001841620626151013,
    "義": 0.001841620626151013,
    "福建": 0.001841620626151013,
    "諾斯": 0.001841620626151013,
    "羅馬尼亞": 0.001841620626151013,
    "total": 1
  }
}