{
  "統計": {
    "日": 100,
    "中": 25,
    "英": 25,
    "純音樂": 23,
    "俄": 20,
    "粵": 7,
    "台": 6,
    "德": 4,
    "希臘": 3,
    "法": 2,
    "波蘭": 2,
    "芬蘭": 2,
    "世界": 1,
    "西班牙": 1,
    "客": 1,
    "義": 1,
    "total": 223
  },
  "占比": {
    "日": 0.4484304932735426,
    "中": 0.11210762331838565,
    "英": 0.11210762331838565,
    "純音樂": 0.1031390134529148,
    "俄": 0.08968609865470852,
    "粵": 0.03139013452914798,
    "台": 0.026905829596412557,
    "德": 0.017937219730941704,
    "希臘": 0.013452914798206279,
    "法": 0.008968609865470852,
    "波蘭": 0.008968609865470852,
    "芬蘭": 0.008968609865470852,
    "世界": 0.004484304932735426,
    "西班牙": 0.004484304932735426,
    "客": 0.004484304932735426,
    "義": 0.004484304932735426,
    "total": 1
  }
}