{
  "統計": {
    "日": 124,
    "純音樂": 47,
    "中": 34,
    "英": 23,
    "俄": 20,
    "德": 6,
    "台": 5,
    "希臘": 5,
    "粵": 5,
    "波蘭": 2,
    "烏克蘭": 2,
    "芬蘭": 2,
    "西班牙": 2,
    "世界": 1,
    "南非": 1,
    "旁遮普": 1,
    "法": 1,
    "羅馬尼亞": 1,
    "義": 1,
    "韓": 1,
    "total": 284
  },
  "占比": {
    "日": 0.43661971830985913,
    "純音樂": 0.16549295774647887,
    "中": 0.11971830985915492,
    "英": 0.08098591549295775,
    "俄": 0.07042253521126761,
    "德": 0.02112676056338028,
    "台": 0.017605633802816902,
    "希臘": 0.017605633802816902,
    "粵": 0.017605633802816902,
    "波蘭": 0.007042253521126761,
    "烏克蘭": 0.007042253521126761,
    "芬蘭": 0.007042253521126761,
    "西班牙": 0.007042253521126761,
    "世界": 0.0035211267605633804,
    "南非": 0.0035211267605633804,
    "旁遮普": 0.0035211267605633804,
    "法": 0.0035211267605633804,
    "羅馬尼亞": 0.0035211267605633804,
    "義": 0.0035211267605633804,
    "韓": 0.0035211267605633804,
    "total": 1
  }
}