{
  "統計": {
    "日": 212,
    "純音樂": 105,
    "中": 68,
    "英": 43,
    "俄": 36,
    "粵": 11,
    "台": 10,
    "德": 9,
    "希臘": 6,
    "unknown": 5,
    "ja": 4,
    "芬蘭": 3,
    "西班牙": 3,
    "韓": 3,
    "法": 2,
    "波蘭": 2,
    "烏克蘭": 2,
    "zh-TW": 1,
    "世界": 1,
    "南非": 1,
    "旁遮普": 1,
    "泰": 1,
    "羅馬尼亞": 1,
    "義": 1,
    "total": 531
  },
  "占比": {
    "日": 0.3992467043314501,
    "純音樂": 0.1977401129943503,
    "中": 0.128060263653484,
    "英": 0.08097928436911488,
    "俄": 0.06779661016949153,
    "粵": 0.02071563088512241,
    "台": 0.018832391713747645,
    "德": 0.01694915254237288,
    "希臘": 0.011299435028248588,
    "unknown": 0.009416195856873822,
    "ja": 0.007532956685499058,
    "芬蘭": 0.005649717514124294,
    "西班牙": 0.005649717514124294,
    "韓": 0.005649717514124294,
    "法": 0.003766478342749529,
    "波蘭": 0.003766478342749529,
    "烏克蘭": 0.003766478342749529,
    "zh-TW": 0.0018832391713747645,
    "世界": 0.0018832391713747645,
    "南非": 0.0018832391713747645,
    "旁遮普": 0.0018832391713747645,
    "泰": 0.0018832391713747645,
    "羅馬尼亞": 0.0018832391713747645,
    "義": 0.0018832391713747645,
    "total": 1
  }
}