{
  "統計": {
    "日": 255,
    "純音樂": 115,
    "中": 79,
    "英": 49,
    "俄": 45,
    "粵": 15,
    "烏克蘭": 11,
    "台": 10,
    "德": 8,
    "希臘": 6,
    "芬蘭": 4,
    "西班牙": 3,
    "韓": 3,
    "法": 2,
    "波蘭": 2,
    "ja": 1,
    "unknown": 1,
    "zh-TW": 1,
    "世界": 1,
    "南非": 1,
    "旁遮普": 1,
    "泰": 1,
    "泰盧固": 1,
    "羅馬尼亞": 1,
    "義": 1,
    "total": 617
  },
  "占比": {
    "日": 0.413290113452188,
    "純音樂": 0.18638573743922204,
    "中": 0.1280388978930308,
    "英": 0.07941653160453808,
    "俄": 0.07293354943273905,
    "粵": 0.024311183144246355,
    "烏克蘭": 0.017828200972447326,
    "台": 0.01620745542949757,
    "德": 0.012965964343598054,
    "希臘": 0.009724473257698542,
    "芬蘭": 0.006482982171799027,
    "西班牙": 0.004862236628849271,
    "韓": 0.004862236628849271,
    "法": 0.0032414910858995136,
    "波蘭": 0.0032414910858995136,
    "ja": 0.0016207455429497568,
    "unknown": 0.0016207455429497568,
    "zh-TW": 0.0016207455429497568,
    "世界": 0.0016207455429497568,
    "南非": 0.0016207455429497568,
    "旁遮普": 0.0016207455429497568,
    "泰": 0.0016207455429497568,
    "泰盧固": 0.0016207455429497568,
    "羅馬尼亞": 0.0016207455429497568,
    "義": 0.0016207455429497568,
    "total": 1
  }
}