{
  "統計": {
    "日": 163,
    "純音樂": 63,
    "中": 52,
    "英": 38,
    "俄": 31,
    "台": 10,
    "德": 9,
    "粵": 9,
    "希臘": 6,
    "unknown": 4,
    "ja": 3,
    "西班牙": 3,
    "法": 2,
    "波蘭": 2,
    "烏克蘭": 2,
    "芬蘭": 2,
    "yue": 1,
    "世界": 1,
    "南非": 1,
    "旁遮普": 1,
    "泰": 1,
    "羅馬尼亞": 1,
    "義": 1,
    "韓": 1,
    "total": 407
  },
  "占比": {
    "日": 0.4004914004914005,
    "純音樂": 0.1547911547911548,
    "中": 0.12776412776412777,
    "英": 0.09336609336609336,
    "俄": 0.07616707616707617,
    "台": 0.02457002457002457,
    "德": 0.022113022113022112,
    "粵": 0.022113022113022112,
    "希臘": 0.014742014742014743,
    "unknown": 0.009828009828009828,
    "ja": 0.007371007371007371,
    "西班牙": 0.007371007371007371,
    "法": 0.004914004914004914,
    "波蘭": 0.004914004914004914,
    "烏克蘭": 0.004914004914004914,
    "芬蘭": 0.004914004914004914,
    "yue": 0.002457002457002457,
    "世界": 0.002457002457002457,
    "南非": 0.002457002457002457,
    "旁遮普": 0.002457002457002457,
    "泰": 0.002457002457002457,
    "羅馬尼亞": 0.002457002457002457,
    "義": 0.002457002457002457,
    "韓": 0.002457002457002457,
    "total": 1
  }
}