{
  "統計": {
    "日": 100,
    "中": 25,
    "英": 25,
    "純音樂": 23,
    "俄": 20,
    "粵": 7,
    "台": 6,
    "德": 4,
    "unknown": 3,
    "希臘": 3,
    "法": 2,
    "波蘭": 2,
    "芬蘭": 2,
    "世界": 1,
    "客": 1,
    "義": 1,
    "西班牙": 1,
    "total": 226
  },
  "占比": {
    "日": 0.44247787610619471,
    "中": 0.11061946902654868,
    "英": 0.11061946902654868,
    "純音樂": 0.10176991150442478,
    "俄": 0.088495575221238937,
    "粵": 0.030973451327433628,
    "台": 0.026548672566371681,
    "德": 0.017699115044247787,
    "unknown": 0.013274336283185841,
    "希臘": 0.013274336283185841,
    "法": 0.0088495575221238937,
    "波蘭": 0.0088495575221238937,
    "芬蘭": 0.0088495575221238937,
    "世界": 0.0044247787610619468,
    "客": 0.0044247787610619468,
    "義": 0.0044247787610619468,
    "西班牙": 0.0044247787610619468,
    "total": 1
  }
}