{
  "統計": {
    "日": 255,
    "純音樂": 115,
    "中": 78,
    "英": 48,
    "俄": 42,
    "粵": 15,
    "台": 9,
    "烏克蘭": 8,
    "德": 8,
    "希臘": 6,
    "芬蘭": 4,
    "西班牙": 3,
    "韓": 3,
    "法": 2,
    "波蘭": 2,
    "世界": 1,
    "南非": 1,
    "旁遮普": 1,
    "泰": 1,
    "泰盧固": 1,
    "義": 1,
    "羅馬尼亞": 1,
    "total": 605
  },
  "占比": {
    "日": 0.4214876033057851,
    "純音樂": 0.19008264462809918,
    "中": 0.12892561983471074,
    "英": 0.07933884297520662,
    "俄": 0.06942148760330578,
    "粵": 0.024793388429752067,
    "台": 0.01487603305785124,
    "烏克蘭": 0.013223140495867768,
    "德": 0.013223140495867768,
    "希臘": 0.009917355371900827,
    "芬蘭": 0.006611570247933884,
    "西班牙": 0.0049586776859504135,
    "韓": 0.0049586776859504135,
    "法": 0.003305785123966942,
    "波蘭": 0.003305785123966942,
    "世界": 0.001652892561983471,
    "南非": 0.001652892561983471,
    "旁遮普": 0.001652892561983471,
    "泰": 0.001652892561983471,
    "泰盧固": 0.001652892561983471,
    "義": 0.001652892561983471,
    "羅馬尼亞": 0.001652892561983471,
    "total": 1
  }
}