{
  "統計": {
    "日": 130,
    "純音樂": 54,
    "中": 40,
    "英": 28,
    "俄": 24,
    "台": 7,
    "德": 7,
    "希臘": 5,
    "粵": 5,
    "波蘭": 2,
    "烏克蘭": 2,
    "芬蘭": 2,
    "西班牙": 2,
    "世界": 1,
    "南非": 1,
    "旁遮普": 1,
    "法": 1,
    "泰": 1,
    "羅馬尼亞": 1,
    "義": 1,
    "韓": 1,
    "total": 316
  },
  "占比": {
    "日": 0.41139240506329117,
    "純音樂": 0.17088607594936708,
    "中": 0.12658227848101267,
    "英": 0.08860759493670886,
    "俄": 0.0759493670886076,
    "台": 0.022151898734177215,
    "德": 0.022151898734177215,
    "希臘": 0.015822784810126583,
    "粵": 0.015822784810126583,
    "波蘭": 0.006329113924050633,
    "烏克蘭": 0.006329113924050633,
    "芬蘭": 0.006329113924050633,
    "西班牙": 0.006329113924050633,
    "世界": 0.0031645569620253164,
    "南非": 0.0031645569620253164,
    "旁遮普": 0.0031645569620253164,
    "法": 0.0031645569620253164,
    "泰": 0.0031645569620253164,
    "羅馬尼亞": 0.0031645569620253164,
    "義": 0.0031645569620253164,
    "韓": 0.0031645569620253164,
    "total": 1
  }
}