{
  "統計": {
    "日": 241,
    "純音樂": 99,
    "中": 73,
    "英": 44,
    "俄": 39,
    "粵": 13,
    "台": 10,
    "德": 7,
    "希臘": 6,
    "烏克蘭": 6,
    "芬蘭": 4,
    "韓": 3,
    "法": 2,
    "波蘭": 2,
    "zh-TW": 1,
    "世界": 1,
    "南非": 1,
    "希伯來": 1,
    "旁遮普": 1,
    "泰": 1,
    "泰盧固": 1,
    "羅馬尼亞": 1,
    "義": 1,
    "西班牙": 1,
    "total": 559
  },
  "占比": {
    "日": 0.43112701252236135,
    "純音樂": 0.1771019677996422,
    "中": 0.13059033989266547,
    "英": 0.07871198568872988,
    "俄": 0.06976744186046512,
    "粵": 0.023255813953488372,
    "台": 0.017889087656529516,
    "德": 0.012522361359570662,
    "希臘": 0.01073345259391771,
    "烏克蘭": 0.01073345259391771,
    "芬蘭": 0.007155635062611807,
    "韓": 0.005366726296958855,
    "法": 0.0035778175313059034,
    "波蘭": 0.0035778175313059034,
    "zh-TW": 0.0017889087656529517,
    "世界": 0.0017889087656529517,
    "南非": 0.0017889087656529517,
    "希伯來": 0.0017889087656529517,
    "旁遮普": 0.0017889087656529517,
    "泰": 0.0017889087656529517,
    "泰盧固": 0.0017889087656529517,
    "羅馬尼亞": 0.0017889087656529517,
    "義": 0.0017889087656529517,
    "西班牙": 0.0017889087656529517,
    "total": 1
  }
}