{
  "統計": {
    "日": 119,
    "純音樂": 41,
    "俄": 36,
    "中": 35,
    "英": 20,
    "ja": 14,
    "烏克蘭": 14,
    "zh": 10,
    "台": 4,
    "希臘": 4,
    "德": 4,
    "西班牙": 3,
    "und": 2,
    "zh-Hant": 2,
    "拉丁": 2,
    "粵": 2,
    "諾斯": 2,
    "ru": 1,
    "th": 1,
    "uk": 1,
    "zxx": 1,
    "客": 1,
    "法": 1,
    "福建": 1,
    "芬蘭": 1,
    "total": 322
  },
  "占比": {
    "日": 0.3695652173913043,
    "純音樂": 0.12732919254658384,
    "俄": 0.11180124223602485,
    "中": 0.10869565217391304,
    "英": 0.062111801242236024,
    "ja": 0.043478260869565216,
    "烏克蘭": 0.043478260869565216,
    "zh": 0.031055900621118012,
    "台": 0.012422360248447204,
    "希臘": 0.012422360248447204,
    "德": 0.012422360248447204,
    "西班牙": 0.009316770186335404,
    "und": 0.006211180124223602,
    "zh-Hant": 0.006211180124223602,
    "拉丁": 0.006211180124223602,
    "粵": 0.006211180124223602,
    "諾斯": 0.006211180124223602,
    "ru": 0.003105590062111801,
    "th": 0.003105590062111801,
    "uk": 0.003105590062111801,
    "zxx": 0.003105590062111801,
    "客": 0.003105590062111801,
    "法": 0.003105590062111801,
    "福建": 0.003105590062111801,
    "芬蘭": 0.003105590062111801,
    "total": 1
  }
}