{
  "統計": {
    "日": 149,
    "純音樂": 58,
    "中": 45,
    "英": 32,
    "俄": 27,
    "unknown": 9,
    "台": 8,
    "德": 7,
    "粵": 6,
    "希臘": 5,
    "波蘭": 2,
    "烏克蘭": 2,
    "芬蘭": 2,
    "西班牙": 2,
    "zh": 1,
    "zh-TW": 1,
    "世界": 1,
    "南非": 1,
    "旁遮普": 1,
    "法": 1,
    "泰": 1,
    "羅馬尼亞": 1,
    "義": 1,
    "韓": 1,
    "total": 364
  },
  "占比": {
    "日": 0.40934065934065933,
    "純音樂": 0.15934065934065933,
    "中": 0.12362637362637363,
    "英": 0.08791208791208792,
    "俄": 0.07417582417582418,
    "unknown": 0.024725274725274724,
    "台": 0.02197802197802198,
    "德": 0.019230769230769232,
    "粵": 0.016483516483516484,
    "希臘": 0.013736263736263736,
    "波蘭": 0.005494505494505495,
    "烏克蘭": 0.005494505494505495,
    "芬蘭": 0.005494505494505495,
    "西班牙": 0.005494505494505495,
    "zh": 0.0027472527472527475,
    "zh-TW": 0.0027472527472527475,
    "世界": 0.0027472527472527475,
    "南非": 0.0027472527472527475,
    "旁遮普": 0.0027472527472527475,
    "法": 0.0027472527472527475,
    "泰": 0.0027472527472527475,
    "羅馬尼亞": 0.0027472527472527475,
    "義": 0.0027472527472527475,
    "韓": 0.0027472527472527475,
    "total": 1
  }
}