{
  "統計": {
    "日": 160,
    "純音樂": 63,
    "中": 52,
    "英": 38,
    "俄": 31,
    "台": 10,
    "粵": 9,
    "德": 9,
    "希臘": 6,
    "西班牙": 3,
    "法": 2,
    "波蘭": 2,
    "芬蘭": 2,
    "烏克蘭": 2,
    "世界": 1,
    "南非": 1,
    "旁遮普": 1,
    "泰": 1,
    "義": 1,
    "韓": 1,
    "羅馬尼亞": 1,
    "unknown": 1,
    "total": 397
  },
  "占比": {
    "日": 0.40302267002518893,
    "純音樂": 0.15869017632241814,
    "中": 0.13098236775818639,
    "英": 0.095717884130982367,
    "俄": 0.078085642317380355,
    "台": 0.025188916876574308,
    "粵": 0.022670025188916875,
    "德": 0.022670025188916875,
    "希臘": 0.015113350125944584,
    "西班牙": 0.007556675062972292,
    "法": 0.0050377833753148613,
    "波蘭": 0.0050377833753148613,
    "芬蘭": 0.0050377833753148613,
    "烏克蘭": 0.0050377833753148613,
    "世界": 0.0025188916876574307,
    "南非": 0.0025188916876574307,
    "旁遮普": 0.0025188916876574307,
    "泰": 0.0025188916876574307,
    "義": 0.0025188916876574307,
    "韓": 0.0025188916876574307,
    "羅馬尼亞": 0.0025188916876574307,
    "unknown": 0.0025188916876574307,
    "total": 1
  }
}