{
  "統計": {
    "日": 119,
    "純音樂": 41,
    "俄": 36,
    "中": 35,
    "ja": 23,
    "英": 20,
    "烏克蘭": 14,
    "zh": 10,
    "台": 4,
    "希臘": 4,
    "德": 4,
    "ru": 3,
    "zh-Hant": 3,
    "西班牙": 3,
    "en": 2,
    "und": 2,
    "拉丁": 2,
    "粵": 2,
    "諾斯": 2,
    "ar": 1,
    "th": 1,
    "uk": 1,
    "zh-TW": 1,
    "zxx": 1,
    "客": 1,
    "法": 1,
    "福建": 1,
    "芬蘭": 1,
    "total": 338
  },
  "占比": {
    "日": 0.3520710059171598,
    "純音樂": 0.12130177514792899,
    "俄": 0.10650887573964497,
    "中": 0.10355029585798817,
    "ja": 0.06804733727810651,
    "英": 0.05917159763313609,
    "烏克蘭": 0.04142011834319527,
    "zh": 0.029585798816568046,
    "台": 0.011834319526627219,
    "希臘": 0.011834319526627219,
    "德": 0.011834319526627219,
    "ru": 0.008875739644970414,
    "zh-Hant": 0.008875739644970414,
    "西班牙": 0.008875739644970414,
    "en": 0.005917159763313609,
    "und": 0.005917159763313609,
    "拉丁": 0.005917159763313609,
    "粵": 0.005917159763313609,
    "諾斯": 0.005917159763313609,
    "ar": 0.0029585798816568047,
    "th": 0.0029585798816568047,
    "uk": 0.0029585798816568047,
    "zh-TW": 0.0029585798816568047,
    "zxx": 0.0029585798816568047,
    "客": 0.0029585798816568047,
    "法": 0.0029585798816568047,
    "福建": 0.0029585798816568047,
    "芬蘭": 0.0029585798816568047,
    "total": 1
  }
}