{
  "統計": {
    "日": 229,
    "純音樂": 105,
    "中": 68,
    "英": 46,
    "俄": 43,
    "粵": 13,
    "台": 9,
    "德": 9,
    "希臘": 7,
    "烏克蘭": 7,
    "ja": 4,
    "芬蘭": 3,
    "韓": 3,
    "en": 2,
    "uk": 2,
    "波蘭": 2,
    "zh": 1,
    "世界": 1,
    "南非": 1,
    "客": 1,
    "希伯來": 1,
    "拉丁": 1,
    "法": 1,
    "泰": 1,
    "泰盧固": 1,
    "福建": 1,
    "羅馬尼亞": 1,
    "義": 1,
    "諾斯": 1,
    "total": 565
  },
  "占比": {
    "日": 0.40530973451327434,
    "純音樂": 0.18584070796460178,
    "中": 0.12035398230088495,
    "英": 0.08141592920353982,
    "俄": 0.07610619469026549,
    "粵": 0.023008849557522124,
    "台": 0.01592920353982301,
    "德": 0.01592920353982301,
    "希臘": 0.012389380530973451,
    "烏克蘭": 0.012389380530973451,
    "ja": 0.007079646017699115,
    "芬蘭": 0.005309734513274336,
    "韓": 0.005309734513274336,
    "en": 0.0035398230088495575,
    "uk": 0.0035398230088495575,
    "波蘭": 0.0035398230088495575,
    "zh": 0.0017699115044247787,
    "世界": 0.0017699115044247787,
    "南非": 0.0017699115044247787,
    "客": 0.0017699115044247787,
    "希伯來": 0.0017699115044247787,
    "拉丁": 0.0017699115044247787,
    "法": 0.0017699115044247787,
    "泰": 0.0017699115044247787,
    "泰盧固": 0.0017699115044247787,
    "福建": 0.0017699115044247787,
    "羅馬尼亞": 0.0017699115044247787,
    "義": 0.0017699115044247787,
    "諾斯": 0.0017699115044247787,
    "total": 1
  }
}