{
  "統計": {
    "日": 85,
    "純音樂": 31,
    "中": 30,
    "俄": 26,
    "英": 14,
    "烏克蘭": 12,
    "en": 4,
    "ru": 4,
    "希臘": 4,
    "德": 4,
    "ja": 3,
    "台": 3,
    "西班牙": 3,
    "拉丁": 2,
    "諾斯": 2,
    "uk": 1,
    "zh-HK": 1,
    "法": 1,
    "福建": 1,
    "粵": 1,
    "芬蘭": 1,
    "total": 233
  },
  "占比": {
    "日": 0.3648068669527897,
    "純音樂": 0.13304721030042918,
    "中": 0.12875536480686695,
    "俄": 0.11158798283261803,
    "英": 0.060085836909871244,
    "烏克蘭": 0.05150214592274678,
    "en": 0.017167381974248927,
    "ru": 0.017167381974248927,
    "希臘": 0.017167381974248927,
    "德": 0.017167381974248927,
    "ja": 0.012875536480686695,
    "台": 0.012875536480686695,
    "西班牙": 0.012875536480686695,
    "拉丁": 0.008583690987124463,
    "諾斯": 0.008583690987124463,
    "uk": 0.004291845493562232,
    "zh-HK": 0.004291845493562232,
    "法": 0.004291845493562232,
    "福建": 0.004291845493562232,
    "粵": 0.004291845493562232,
    "芬蘭": 0.004291845493562232,
    "total": 1
  }
}