{
  "統計": {
    "日": 154,
    "純音樂": 60,
    "中": 45,
    "英": 37,
    "俄": 30,
    "台": 9,
    "粵": 9,
    "德": 8,
    "希臘": 5,
    "西班牙": 3,
    "法": 2,
    "波蘭": 2,
    "烏克蘭": 2,
    "芬蘭": 2,
    "世界": 1,
    "南非": 1,
    "旁遮普": 1,
    "泰": 1,
    "羅馬尼亞": 1,
    "義": 1,
    "韓": 1,
    "total": 375
  },
  "占比": {
    "日": 0.4106666666666667,
    "純音樂": 0.16,
    "中": 0.12,
    "英": 0.09866666666666667,
    "俄": 0.08,
    "台": 0.024,
    "粵": 0.024,
    "德": 0.021333333333333333,
    "希臘": 0.013333333333333334,
    "西班牙": 0.008,
    "法": 0.005333333333333333,
    "波蘭": 0.005333333333333333,
    "烏克蘭": 0.005333333333333333,
    "芬蘭": 0.005333333333333333,
    "世界": 0.0026666666666666666,
    "南非": 0.0026666666666666666,
    "旁遮普": 0.0026666666666666666,
    "泰": 0.0026666666666666666,
    "羅馬尼亞": 0.0026666666666666666,
    "義": 0.0026666666666666666,
    "韓": 0.0026666666666666666,
    "total": 1
  }
}