{
  "統計": {
    "日": 223,
    "純音樂": 103,
    "中": 65,
    "英": 45,
    "俄": 40,
    "粵": 12,
    "德": 9,
    "台": 8,
    "烏克蘭": 8,
    "希臘": 7,
    "ja": 3,
    "ru": 3,
    "芬蘭": 3,
    "韓": 3,
    "zh": 2,
    "zh-Hant": 2,
    "波蘭": 2,
    "en": 1,
    "世界": 1,
    "南非": 1,
    "客": 1,
    "希伯來": 1,
    "拉丁": 1,
    "法": 1,
    "泰": 1,
    "泰盧固": 1,
    "福建": 1,
    "羅馬尼亞": 1,
    "義": 1,
    "諾斯": 1,
    "total": 551
  },
  "占比": {
    "日": 0.4047186932849365,
    "純音樂": 0.1869328493647913,
    "中": 0.11796733212341198,
    "英": 0.08166969147005444,
    "俄": 0.07259528130671507,
    "粵": 0.021778584392014518,
    "德": 0.016333938294010888,
    "台": 0.014519056261343012,
    "烏克蘭": 0.014519056261343012,
    "希臘": 0.012704174228675136,
    "ja": 0.0054446460980036296,
    "ru": 0.0054446460980036296,
    "芬蘭": 0.0054446460980036296,
    "韓": 0.0054446460980036296,
    "zh": 0.003629764065335753,
    "zh-Hant": 0.003629764065335753,
    "波蘭": 0.003629764065335753,
    "en": 0.0018148820326678765,
    "世界": 0.0018148820326678765,
    "南非": 0.0018148820326678765,
    "客": 0.0018148820326678765,
    "希伯來": 0.0018148820326678765,
    "拉丁": 0.0018148820326678765,
    "法": 0.0018148820326678765,
    "泰": 0.0018148820326678765,
    "泰盧固": 0.0018148820326678765,
    "福建": 0.0018148820326678765,
    "羅馬尼亞": 0.0018148820326678765,
    "義": 0.0018148820326678765,
    "諾斯": 0.0018148820326678765,
    "total": 1
  }
}