{
  "統計": {
    "日": 231,
    "純音樂": 107,
    "中": 69,
    "英": 45,
    "俄": 44,
    "粵": 13,
    "烏克蘭": 10,
    "台": 9,
    "德": 9,
    "希臘": 7,
    "unknown": 3,
    "芬蘭": 3,
    "韓": 3,
    "拉丁": 2,
    "波蘭": 2,
    "zh-HK": 1,
    "世界": 1,
    "南非": 1,
    "客": 1,
    "希伯來": 1,
    "法": 1,
    "泰": 1,
    "泰盧固": 1,
    "福建": 1,
    "羅馬尼亞": 1,
    "義": 1,
    "諾斯": 1,
    "阿拉伯": 1,
    "阿美": 1,
    "total": 571
  },
  "占比": {
    "日": 0.404553415061296,
    "純音樂": 0.18739054290718038,
    "中": 0.12084063047285463,
    "英": 0.07880910683012259,
    "俄": 0.07705779334500876,
    "粵": 0.02276707530647986,
    "烏克蘭": 0.017513134851138354,
    "台": 0.01576182136602452,
    "德": 0.01576182136602452,
    "希臘": 0.012259194395796848,
    "unknown": 0.005253940455341506,
    "芬蘭": 0.005253940455341506,
    "韓": 0.005253940455341506,
    "拉丁": 0.0035026269702276708,
    "波蘭": 0.0035026269702276708,
    "zh-HK": 0.0017513134851138354,
    "世界": 0.0017513134851138354,
    "南非": 0.0017513134851138354,
    "客": 0.0017513134851138354,
    "希伯來": 0.0017513134851138354,
    "法": 0.0017513134851138354,
    "泰": 0.0017513134851138354,
    "泰盧固": 0.0017513134851138354,
    "福建": 0.0017513134851138354,
    "羅馬尼亞": 0.0017513134851138354,
    "義": 0.0017513134851138354,
    "諾斯": 0.0017513134851138354,
    "阿拉伯": 0.0017513134851138354,
    "阿美": 0.0017513134851138354,
    "total": 1
  }
}