{
  "統計": {
    "日": 141,
    "中": 49,
    "純音樂": 46,
    "俄": 39,
    "英": 23,
    "烏克蘭": 15,
    "台": 5,
    "希臘": 4,
    "德": 4,
    "粵": 4,
    "西班牙": 3,
    "拉丁": 2,
    "諾斯": 2,
    "en-US": 1,
    "客": 1,
    "法": 1,
    "泰": 1,
    "福建": 1,
    "粵語": 1,
    "芬蘭": 1,
    "total": 344
  },
  "占比": {
    "日": 0.40988372093023256,
    "中": 0.14244186046511628,
    "純音樂": 0.13372093023255813,
    "俄": 0.11337209302325581,
    "英": 0.06686046511627906,
    "烏克蘭": 0.0436046511627907,
    "台": 0.014534883720930232,
    "希臘": 0.011627906976744186,
    "德": 0.011627906976744186,
    "粵": 0.011627906976744186,
    "西班牙": 0.00872093023255814,
    "拉丁": 0.005813953488372093,
    "諾斯": 0.005813953488372093,
    "en-US": 0.0029069767441860465,
    "客": 0.0029069767441860465,
    "法": 0.0029069767441860465,
    "泰": 0.0029069767441860465,
    "福建": 0.0029069767441860465,
    "粵語": 0.0029069767441860465,
    "芬蘭": 0.0029069767441860465,
    "total": 1
  }
}