{
  "統計": {
    "日": 149,
    "純音樂": 54,
    "中": 51,
    "俄": 43,
    "英": 24,
    "烏克蘭": 18,
    "台": 5,
    "粵": 5,
    "希臘": 4,
    "德": 4,
    "西班牙": 3,
    "拉丁": 2,
    "諾斯": 2,
    "阿拉伯": 2,
    "ja": 1,
    "unknown": 1,
    "客": 1,
    "法": 1,
    "泰": 1,
    "福建": 1,
    "粵語": 1,
    "芬蘭": 1,
    "阿美": 1,
    "total": 375
  },
  "占比": {
    "日": 0.3973333333333333,
    "純音樂": 0.144,
    "中": 0.136,
    "俄": 0.11466666666666667,
    "英": 0.064,
    "烏克蘭": 0.048,
    "台": 0.013333333333333334,
    "粵": 0.013333333333333334,
    "希臘": 0.010666666666666666,
    "德": 0.010666666666666666,
    "西班牙": 0.008,
    "拉丁": 0.005333333333333333,
    "諾斯": 0.005333333333333333,
    "阿拉伯": 0.005333333333333333,
    "ja": 0.0026666666666666666,
    "unknown": 0.0026666666666666666,
    "客": 0.0026666666666666666,
    "法": 0.0026666666666666666,
    "泰": 0.0026666666666666666,
    "福建": 0.0026666666666666666,
    "粵語": 0.0026666666666666666,
    "芬蘭": 0.0026666666666666666,
    "阿美": 0.0026666666666666666,
    "total": 1
  }
}