{
  "統計": {
    "日": 204,
    "純音樂": 99,
    "中": 65,
    "英": 42,
    "俄": 35,
    "粵": 11,
    "台": 10,
    "德": 10,
    "unknown": 8,
    "希臘": 6,
    "ja": 4,
    "芬蘭": 3,
    "西班牙": 3,
    "韓": 3,
    "法": 2,
    "波蘭": 2,
    "烏克蘭": 2,
    "ru": 1,
    "世界": 1,
    "南非": 1,
    "旁遮普": 1,
    "泰": 1,
    "羅馬尼亞": 1,
    "義": 1,
    "total": 516
  },
  "占比": {
    "日": 0.3953488372093023,
    "純音樂": 0.19186046511627908,
    "中": 0.12596899224806202,
    "英": 0.08139534883720931,
    "俄": 0.06782945736434108,
    "粵": 0.02131782945736434,
    "台": 0.01937984496124031,
    "德": 0.01937984496124031,
    "unknown": 0.015503875968992248,
    "希臘": 0.011627906976744186,
    "ja": 0.007751937984496124,
    "芬蘭": 0.005813953488372093,
    "西班牙": 0.005813953488372093,
    "韓": 0.005813953488372093,
    "法": 0.003875968992248062,
    "波蘭": 0.003875968992248062,
    "烏克蘭": 0.003875968992248062,
    "ru": 0.001937984496124031,
    "世界": 0.001937984496124031,
    "南非": 0.001937984496124031,
    "旁遮普": 0.001937984496124031,
    "泰": 0.001937984496124031,
    "羅馬尼亞": 0.001937984496124031,
    "義": 0.001937984496124031,
    "total": 1
  }
}