{
  "統計": {
    "日": 236,
    "純音樂": 91,
    "中": 64,
    "英": 43,
    "俄": 36,
    "粵": 13,
    "台": 8,
    "德": 8,
    "希臘": 6,
    "烏克蘭": 6,
    "ja": 4,
    "芬蘭": 4,
    "韓": 3,
    "波蘭": 2,
    "en": 1,
    "ru": 1,
    "世界": 1,
    "南非": 1,
    "希伯來": 1,
    "旁遮普": 1,
    "法": 1,
    "泰": 1,
    "泰盧固": 1,
    "福建": 1,
    "羅馬尼亞": 1,
    "義": 1,
    "total": 536
  },
  "占比": {
    "日": 0.44029850746268656,
    "純音樂": 0.16977611940298507,
    "中": 0.11940298507462686,
    "英": 0.08022388059701492,
    "俄": 0.06716417910447761,
    "粵": 0.024253731343283583,
    "台": 0.014925373134328358,
    "德": 0.014925373134328358,
    "希臘": 0.011194029850746268,
    "烏克蘭": 0.011194029850746268,
    "ja": 0.007462686567164179,
    "芬蘭": 0.007462686567164179,
    "韓": 0.005597014925373134,
    "波蘭": 0.0037313432835820895,
    "en": 0.0018656716417910447,
    "ru": 0.0018656716417910447,
    "世界": 0.0018656716417910447,
    "南非": 0.0018656716417910447,
    "希伯來": 0.0018656716417910447,
    "旁遮普": 0.0018656716417910447,
    "法": 0.0018656716417910447,
    "泰": 0.0018656716417910447,
    "泰盧固": 0.0018656716417910447,
    "福建": 0.0018656716417910447,
    "羅馬尼亞": 0.0018656716417910447,
    "義": 0.0018656716417910447,
    "total": 1
  }
}