{
  "統計": {
    "日": 231,
    "純音樂": 100,
    "中": 66,
    "英": 45,
    "俄": 40,
    "粵": 13,
    "德": 9,
    "烏克蘭": 9,
    "台": 8,
    "希臘": 7,
    "芬蘭": 4,
    "韓": 3,
    "波蘭": 2,
    "ja": 1,
    "ru": 1,
    "世界": 1,
    "南非": 1,
    "希伯來": 1,
    "拉丁": 1,
    "法": 1,
    "泰": 1,
    "泰盧固": 1,
    "福建": 1,
    "羅馬尼亞": 1,
    "義": 1,
    "諾斯": 1,
    "total": 550
  },
  "占比": {
    "日": 0.42,
    "純音樂": 0.18181818181818182,
    "中": 0.12,
    "英": 0.08181818181818182,
    "俄": 0.07272727272727272,
    "粵": 0.023636363636363636,
    "德": 0.016363636363636365,
    "烏克蘭": 0.016363636363636365,
    "台": 0.014545454545454545,
    "希臘": 0.012727272727272728,
    "芬蘭": 0.007272727272727273,
    "韓": 0.005454545454545455,
    "波蘭": 0.0036363636363636364,
    "ja": 0.0018181818181818182,
    "ru": 0.0018181818181818182,
    "世界": 0.0018181818181818182,
    "南非": 0.0018181818181818182,
    "希伯來": 0.0018181818181818182,
    "拉丁": 0.0018181818181818182,
    "法": 0.0018181818181818182,
    "泰": 0.0018181818181818182,
    "泰盧固": 0.0018181818181818182,
    "福建": 0.0018181818181818182,
    "羅馬尼亞": 0.0018181818181818182,
    "義": 0.0018181818181818182,
    "諾斯": 0.0018181818181818182,
    "total": 1
  }
}