{
  "統計": {
    "ja": 291,
    "en": 74,
    "zh": 66,
    "ru": 42,
    "zh-TW": 25,
    "und": 14,
    "uk": 9,
    "de": 7,
    "el": 7,
    "ko": 5,
    "zh-Hant": 5,
    "en-US": 4,
    "zh-CN": 4,
    "en-GB": 3,
    "zxx": 3,
    "id": 2,
    "ar": 1,
    "eo": 1,
    "la": 1,
    "ro": 1,
    "th": 1,
    "unknown": 1,
    "yue": 1,
    "zh-Hans": 1,
    "zh-HK": 1,
    "total": 570
  },
  "占比": {
    "ja": 0.5105263157894737,
    "en": 0.12982456140350876,
    "zh": 0.11578947368421053,
    "ru": 0.07368421052631578,
    "zh-TW": 0.043859649122807015,
    "und": 0.02456140350877193,
    "uk": 0.015789473684210527,
    "de": 0.012280701754385965,
    "el": 0.012280701754385965,
    "ko": 0.008771929824561403,
    "zh-Hant": 0.008771929824561403,
    "en-US": 0.007017543859649123,
    "zh-CN": 0.007017543859649123,
    "en-GB": 0.005263157894736842,
    "zxx": 0.005263157894736842,
    "id": 0.0035087719298245615,
    "ar": 0.0017543859649122807,
    "eo": 0.0017543859649122807,
    "la": 0.0017543859649122807,
    "ro": 0.0017543859649122807,
    "th": 0.0017543859649122807,
    "unknown": 0.0017543859649122807,
    "yue": 0.0017543859649122807,
    "zh-Hans": 0.0017543859649122807,
    "zh-HK": 0.0017543859649122807,
    "total": 1
  }
}