{
  "統計": {
    "日": 148,
    "純音樂": 56,
    "中": 44,
    "英": 32,
    "俄": 27,
    "台": 8,
    "德": 7,
    "希臘": 5,
    "粵": 5,
    "unknown": 2,
    "波蘭": 2,
    "烏克蘭": 2,
    "芬蘭": 2,
    "西班牙": 2,
    "zh-TW": 1,
    "世界": 1,
    "南非": 1,
    "旁遮普": 1,
    "法": 1,
    "泰": 1,
    "羅馬尼亞": 1,
    "義": 1,
    "韓": 1,
    "total": 351
  },
  "占比": {
    "日": 0.42165242165242167,
    "純音樂": 0.15954415954415954,
    "中": 0.12535612535612536,
    "英": 0.09116809116809117,
    "俄": 0.07692307692307693,
    "台": 0.022792022792022793,
    "德": 0.019943019943019943,
    "希臘": 0.014245014245014245,
    "粵": 0.014245014245014245,
    "unknown": 0.005698005698005698,
    "波蘭": 0.005698005698005698,
    "烏克蘭": 0.005698005698005698,
    "芬蘭": 0.005698005698005698,
    "西班牙": 0.005698005698005698,
    "zh-TW": 0.002849002849002849,
    "世界": 0.002849002849002849,
    "南非": 0.002849002849002849,
    "旁遮普": 0.002849002849002849,
    "法": 0.002849002849002849,
    "泰": 0.002849002849002849,
    "羅馬尼亞": 0.002849002849002849,
    "義": 0.002849002849002849,
    "韓": 0.002849002849002849,
    "total": 1
  }
}