{
  "統計": {
    "日": 257,
    "純音樂": 116,
    "中": 81,
    "英": 49,
    "俄": 44,
    "粵": 15,
    "烏克蘭": 12,
    "台": 10,
    "德": 8,
    "希臘": 6,
    "芬蘭": 4,
    "unknown": 3,
    "西班牙": 3,
    "韓": 3,
    "法": 2,
    "波蘭": 2,
    "世界": 1,
    "南非": 1,
    "希伯來": 1,
    "旁遮普": 1,
    "泰": 1,
    "泰盧固": 1,
    "羅馬尼亞": 1,
    "義": 1,
    "total": 623
  },
  "占比": {
    "日": 0.41252006420545745,
    "純音樂": 0.18619582664526485,
    "中": 0.13001605136436598,
    "英": 0.07865168539325842,
    "俄": 0.07062600321027288,
    "粵": 0.024077046548956663,
    "烏克蘭": 0.019261637239165328,
    "台": 0.016051364365971106,
    "德": 0.012841091492776886,
    "希臘": 0.009630818619582664,
    "芬蘭": 0.006420545746388443,
    "unknown": 0.004815409309791332,
    "西班牙": 0.004815409309791332,
    "韓": 0.004815409309791332,
    "法": 0.0032102728731942215,
    "波蘭": 0.0032102728731942215,
    "世界": 0.0016051364365971107,
    "南非": 0.0016051364365971107,
    "希伯來": 0.0016051364365971107,
    "旁遮普": 0.0016051364365971107,
    "泰": 0.0016051364365971107,
    "泰盧固": 0.0016051364365971107,
    "羅馬尼亞": 0.0016051364365971107,
    "義": 0.0016051364365971107,
    "total": 1
  }
}