{
  "統計": {
    "ja": 88,
    "zh-TW": 34,
    "en": 33,
    "ru": 21,
    "uk": 10,
    "ko": 3,
    "de": 2,
    "es": 2,
    "el": 1,
    "en-CA": 1,
    "fr-CA": 1,
    "id": 1,
    "is": 1,
    "la": 1,
    "total": 199
  },
  "占比": {
    "ja": 0.44221105527638194,
    "zh-TW": 0.1708542713567839,
    "en": 0.1658291457286432,
    "ru": 0.10552763819095477,
    "uk": 0.05025125628140704,
    "ko": 0.01507537688442211,
    "de": 0.010050251256281407,
    "es": 0.010050251256281407,
    "el": 0.005025125628140704,
    "en-CA": 0.005025125628140704,
    "fr-CA": 0.005025125628140704,
    "id": 0.005025125628140704,
    "is": 0.005025125628140704,
    "la": 0.005025125628140704,
    "total": 1
  }
}