{
  "統計": {
    "日": 141,
    "中": 49,
    "純音樂": 46,
    "俄": 39,
    "英": 23,
    "烏克蘭": 15,
    "台": 5,
    "希臘": 4,
    "德": 4,
    "粵": 4,
    "西班牙": 3,
    "en": 2,
    "拉丁": 2,
    "諾斯": 2,
    "en-US": 1,
    "ja": 1,
    "ru": 1,
    "zh": 1,
    "客": 1,
    "法": 1,
    "泰": 1,
    "福建": 1,
    "粵語": 1,
    "芬蘭": 1,
    "total": 349
  },
  "占比": {
    "日": 0.4040114613180516,
    "中": 0.14040114613180515,
    "純音樂": 0.1318051575931232,
    "俄": 0.11174785100286533,
    "英": 0.0659025787965616,
    "烏克蘭": 0.04297994269340974,
    "台": 0.014326647564469915,
    "希臘": 0.011461318051575931,
    "德": 0.011461318051575931,
    "粵": 0.011461318051575931,
    "西班牙": 0.008595988538681949,
    "en": 0.0057306590257879654,
    "拉丁": 0.0057306590257879654,
    "諾斯": 0.0057306590257879654,
    "en-US": 0.0028653295128939827,
    "ja": 0.0028653295128939827,
    "ru": 0.0028653295128939827,
    "zh": 0.0028653295128939827,
    "客": 0.0028653295128939827,
    "法": 0.0028653295128939827,
    "泰": 0.0028653295128939827,
    "福建": 0.0028653295128939827,
    "粵語": 0.0028653295128939827,
    "芬蘭": 0.0028653295128939827,
    "total": 1
  }
}