{
  "統計": {
    "日": 236,
    "純音樂": 91,
    "中": 64,
    "英": 43,
    "俄": 36,
    "粵": 13,
    "台": 8,
    "德": 8,
    "希臘": 6,
    "烏克蘭": 6,
    "ja": 4,
    "芬蘭": 4,
    "韓": 3,
    "波蘭": 2,
    "en": 1,
    "ru": 1,
    "zh": 1,
    "zh-Hant": 1,
    "世界": 1,
    "南非": 1,
    "希伯來": 1,
    "旁遮普": 1,
    "法": 1,
    "泰": 1,
    "泰盧固": 1,
    "福建": 1,
    "羅馬尼亞": 1,
    "義": 1,
    "total": 538
  },
  "占比": {
    "日": 0.43866171003717475,
    "純音樂": 0.1691449814126394,
    "中": 0.11895910780669144,
    "英": 0.07992565055762081,
    "俄": 0.06691449814126393,
    "粵": 0.024163568773234202,
    "台": 0.01486988847583643,
    "德": 0.01486988847583643,
    "希臘": 0.011152416356877323,
    "烏克蘭": 0.011152416356877323,
    "ja": 0.007434944237918215,
    "芬蘭": 0.007434944237918215,
    "韓": 0.0055762081784386614,
    "波蘭": 0.0037174721189591076,
    "en": 0.0018587360594795538,
    "ru": 0.0018587360594795538,
    "zh": 0.0018587360594795538,
    "zh-Hant": 0.0018587360594795538,
    "世界": 0.0018587360594795538,
    "南非": 0.0018587360594795538,
    "希伯來": 0.0018587360594795538,
    "旁遮普": 0.0018587360594795538,
    "法": 0.0018587360594795538,
    "泰": 0.0018587360594795538,
    "泰盧固": 0.0018587360594795538,
    "福建": 0.0018587360594795538,
    "羅馬尼亞": 0.0018587360594795538,
    "義": 0.0018587360594795538,
    "total": 1
  }
}