{
  "統計": {
    "日": 212,
    "純音樂": 105,
    "中": 68,
    "英": 43,
    "俄": 36,
    "粵": 11,
    "台": 10,
    "德": 9,
    "希臘": 6,
    "unknown": 5,
    "ja": 3,
    "芬蘭": 3,
    "西班牙": 3,
    "韓": 3,
    "法": 2,
    "波蘭": 2,
    "烏克蘭": 2,
    "zh-TW": 1,
    "世界": 1,
    "南非": 1,
    "旁遮普": 1,
    "泰": 1,
    "羅馬尼亞": 1,
    "義": 1,
    "total": 530
  },
  "占比": {
    "日": 0.4,
    "純音樂": 0.19811320754716982,
    "中": 0.12830188679245283,
    "英": 0.08113207547169811,
    "俄": 0.06792452830188679,
    "粵": 0.020754716981132074,
    "台": 0.018867924528301886,
    "德": 0.016981132075471698,
    "希臘": 0.011320754716981131,
    "unknown": 0.009433962264150943,
    "ja": 0.005660377358490566,
    "芬蘭": 0.005660377358490566,
    "西班牙": 0.005660377358490566,
    "韓": 0.005660377358490566,
    "法": 0.0037735849056603774,
    "波蘭": 0.0037735849056603774,
    "烏克蘭": 0.0037735849056603774,
    "zh-TW": 0.0018867924528301887,
    "世界": 0.0018867924528301887,
    "南非": 0.0018867924528301887,
    "旁遮普": 0.0018867924528301887,
    "泰": 0.0018867924528301887,
    "羅馬尼亞": 0.0018867924528301887,
    "義": 0.0018867924528301887,
    "total": 1
  }
}