{
  "統計": {
    "日": 148,
    "純音樂": 56,
    "中": 44,
    "英": 32,
    "俄": 27,
    "台": 8,
    "德": 7,
    "希臘": 5,
    "粵": 5,
    "波蘭": 2,
    "烏克蘭": 2,
    "芬蘭": 2,
    "西班牙": 2,
    "世界": 1,
    "南非": 1,
    "旁遮普": 1,
    "法": 1,
    "泰": 1,
    "羅馬尼亞": 1,
    "義": 1,
    "韓": 1,
    "total": 348
  },
  "占比": {
    "日": 0.42528735632183906,
    "純音樂": 0.16091954022988506,
    "中": 0.12643678160919541,
    "英": 0.09195402298850575,
    "俄": 0.07758620689655173,
    "台": 0.022988505747126436,
    "德": 0.020114942528735632,
    "希臘": 0.014367816091954023,
    "粵": 0.014367816091954023,
    "波蘭": 0.005747126436781609,
    "烏克蘭": 0.005747126436781609,
    "芬蘭": 0.005747126436781609,
    "西班牙": 0.005747126436781609,
    "世界": 0.0028735632183908046,
    "南非": 0.0028735632183908046,
    "旁遮普": 0.0028735632183908046,
    "法": 0.0028735632183908046,
    "泰": 0.0028735632183908046,
    "羅馬尼亞": 0.0028735632183908046,
    "義": 0.0028735632183908046,
    "韓": 0.0028735632183908046,
    "total": 1
  }
}