{
  "統計": {
    "日": 124,
    "純音樂": 50,
    "中": 34,
    "英": 23,
    "俄": 22,
    "德": 6,
    "台": 5,
    "希臘": 5,
    "粵": 5,
    "波蘭": 2,
    "烏克蘭": 2,
    "芬蘭": 2,
    "西班牙": 2,
    "世界": 1,
    "南非": 1,
    "旁遮普": 1,
    "法": 1,
    "羅馬尼亞": 1,
    "義": 1,
    "韓": 1,
    "total": 289
  },
  "占比": {
    "日": 0.4290657439446367,
    "純音樂": 0.17301038062283736,
    "中": 0.11764705882352941,
    "英": 0.07958477508650519,
    "俄": 0.07612456747404844,
    "德": 0.020761245674740483,
    "台": 0.01730103806228374,
    "希臘": 0.01730103806228374,
    "粵": 0.01730103806228374,
    "波蘭": 0.006920415224913495,
    "烏克蘭": 0.006920415224913495,
    "芬蘭": 0.006920415224913495,
    "西班牙": 0.006920415224913495,
    "世界": 0.0034602076124567475,
    "南非": 0.0034602076124567475,
    "旁遮普": 0.0034602076124567475,
    "法": 0.0034602076124567475,
    "羅馬尼亞": 0.0034602076124567475,
    "義": 0.0034602076124567475,
    "韓": 0.0034602076124567475,
    "total": 1
  }
}