{
  "統計": {
    "日": 196,
    "純音樂": 94,
    "中": 64,
    "英": 42,
    "俄": 35,
    "粵": 11,
    "台": 10,
    "德": 10,
    "unknown": 8,
    "希臘": 6,
    "芬蘭": 3,
    "西班牙": 3,
    "韓": 3,
    "法": 2,
    "波蘭": 2,
    "烏克蘭": 2,
    "世界": 1,
    "南非": 1,
    "旁遮普": 1,
    "泰": 1,
    "羅馬尼亞": 1,
    "義": 1,
    "total": 497
  },
  "占比": {
    "日": 0.39436619718309857,
    "純音樂": 0.1891348088531187,
    "中": 0.12877263581488935,
    "英": 0.08450704225352113,
    "俄": 0.07042253521126761,
    "粵": 0.022132796780684104,
    "台": 0.02012072434607646,
    "德": 0.02012072434607646,
    "unknown": 0.01609657947686117,
    "希臘": 0.012072434607645875,
    "芬蘭": 0.006036217303822937,
    "西班牙": 0.006036217303822937,
    "韓": 0.006036217303822937,
    "法": 0.004024144869215292,
    "波蘭": 0.004024144869215292,
    "烏克蘭": 0.004024144869215292,
    "世界": 0.002012072434607646,
    "南非": 0.002012072434607646,
    "旁遮普": 0.002012072434607646,
    "泰": 0.002012072434607646,
    "羅馬尼亞": 0.002012072434607646,
    "義": 0.002012072434607646,
    "total": 1
  }
}