{
  "統計": {
    "日": 84,
    "中": 30,
    "純音樂": 29,
    "俄": 25,
    "英": 14,
    "烏克蘭": 12,
    "希臘": 4,
    "台": 3,
    "德": 3,
    "西班牙": 3,
    "拉丁": 2,
    "諾斯": 2,
    "ru": 1,
    "zh-TW": 1,
    "法": 1,
    "福建": 1,
    "粵": 1,
    "total": 216
  },
  "占比": {
    "日": 0.3888888888888889,
    "中": 0.1388888888888889,
    "純音樂": 0.13425925925925927,
    "俄": 0.11574074074074074,
    "英": 0.06481481481481481,
    "烏克蘭": 0.05555555555555555,
    "希臘": 0.018518518518518517,
    "台": 0.013888888888888888,
    "德": 0.013888888888888888,
    "西班牙": 0.013888888888888888,
    "拉丁": 0.009259259259259259,
    "諾斯": 0.009259259259259259,
    "ru": 0.004629629629629629,
    "zh-TW": 0.004629629629629629,
    "法": 0.004629629629629629,
    "福建": 0.004629629629629629,
    "粵": 0.004629629629629629,
    "total": 1
  }
}