{
  "統計": {
    "日": 236,
    "純音樂": 91,
    "中": 64,
    "英": 43,
    "俄": 36,
    "粵": 13,
    "台": 8,
    "德": 8,
    "希臘": 6,
    "烏克蘭": 6,
    "芬蘭": 4,
    "韓": 3,
    "ja": 2,
    "波蘭": 2,
    "世界": 1,
    "南非": 1,
    "希伯來": 1,
    "旁遮普": 1,
    "法": 1,
    "泰": 1,
    "泰盧固": 1,
    "福建": 1,
    "羅馬尼亞": 1,
    "義": 1,
    "total": 532
  },
  "占比": {
    "日": 0.44360902255639095,
    "純音樂": 0.17105263157894737,
    "中": 0.12030075187969924,
    "英": 0.08082706766917293,
    "俄": 0.06766917293233082,
    "粵": 0.02443609022556391,
    "台": 0.015037593984962405,
    "德": 0.015037593984962405,
    "希臘": 0.011278195488721804,
    "烏克蘭": 0.011278195488721804,
    "芬蘭": 0.007518796992481203,
    "韓": 0.005639097744360902,
    "ja": 0.0037593984962406013,
    "波蘭": 0.0037593984962406013,
    "世界": 0.0018796992481203006,
    "南非": 0.0018796992481203006,
    "希伯來": 0.0018796992481203006,
    "旁遮普": 0.0018796992481203006,
    "法": 0.0018796992481203006,
    "泰": 0.0018796992481203006,
    "泰盧固": 0.0018796992481203006,
    "福建": 0.0018796992481203006,
    "羅馬尼亞": 0.0018796992481203006,
    "義": 0.0018796992481203006,
    "total": 1
  }
}