{
  "統計": {
    "日": 255,
    "純音樂": 116,
    "中": 81,
    "英": 49,
    "俄": 45,
    "粵": 15,
    "烏克蘭": 11,
    "台": 10,
    "德": 8,
    "希臘": 6,
    "芬蘭": 4,
    "西班牙": 3,
    "韓": 3,
    "法": 2,
    "波蘭": 2,
    "ja": 1,
    "世界": 1,
    "南非": 1,
    "希伯來": 1,
    "旁遮普": 1,
    "泰": 1,
    "泰盧固": 1,
    "羅馬尼亞": 1,
    "義": 1,
    "total": 619
  },
  "占比": {
    "日": 0.41195476575121165,
    "純音樂": 0.18739903069466882,
    "中": 0.1308562197092084,
    "英": 0.0791599353796446,
    "俄": 0.07269789983844911,
    "粵": 0.024232633279483037,
    "烏克蘭": 0.017770597738287562,
    "台": 0.01615508885298869,
    "德": 0.012924071082390954,
    "希臘": 0.009693053311793215,
    "芬蘭": 0.006462035541195477,
    "西班牙": 0.004846526655896607,
    "韓": 0.004846526655896607,
    "法": 0.0032310177705977385,
    "波蘭": 0.0032310177705977385,
    "ja": 0.0016155088852988692,
    "世界": 0.0016155088852988692,
    "南非": 0.0016155088852988692,
    "希伯來": 0.0016155088852988692,
    "旁遮普": 0.0016155088852988692,
    "泰": 0.0016155088852988692,
    "泰盧固": 0.0016155088852988692,
    "羅馬尼亞": 0.0016155088852988692,
    "義": 0.0016155088852988692,
    "total": 1
  }
}