{
  "統計": {
    "日": 230,
    "純音樂": 105,
    "中": 68,
    "英": 45,
    "俄": 44,
    "粵": 13,
    "烏克蘭": 10,
    "台": 9,
    "德": 9,
    "希臘": 7,
    "unknown": 3,
    "芬蘭": 3,
    "韓": 3,
    "拉丁": 2,
    "波蘭": 2,
    "zh-HK": 1,
    "世界": 1,
    "南非": 1,
    "客": 1,
    "希伯來": 1,
    "法": 1,
    "泰": 1,
    "泰盧固": 1,
    "福建": 1,
    "羅馬尼亞": 1,
    "義": 1,
    "諾斯": 1,
    "阿拉伯": 1,
    "阿美": 1,
    "total": 567
  },
  "占比": {
    "日": 0.4056437389770723,
    "純音樂": 0.18518518518518517,
    "中": 0.11992945326278659,
    "英": 0.07936507936507936,
    "俄": 0.07760141093474426,
    "粵": 0.02292768959435626,
    "烏克蘭": 0.01763668430335097,
    "台": 0.015873015873015872,
    "德": 0.015873015873015872,
    "希臘": 0.012345679012345678,
    "unknown": 0.005291005291005291,
    "芬蘭": 0.005291005291005291,
    "韓": 0.005291005291005291,
    "拉丁": 0.003527336860670194,
    "波蘭": 0.003527336860670194,
    "zh-HK": 0.001763668430335097,
    "世界": 0.001763668430335097,
    "南非": 0.001763668430335097,
    "客": 0.001763668430335097,
    "希伯來": 0.001763668430335097,
    "法": 0.001763668430335097,
    "泰": 0.001763668430335097,
    "泰盧固": 0.001763668430335097,
    "福建": 0.001763668430335097,
    "羅馬尼亞": 0.001763668430335097,
    "義": 0.001763668430335097,
    "諾斯": 0.001763668430335097,
    "阿拉伯": 0.001763668430335097,
    "阿美": 0.001763668430335097,
    "total": 1
  }
}