{
  "統計": {
    "日": 105,
    "中": 33,
    "俄": 27,
    "純音樂": 25,
    "英": 25,
    "粵": 8,
    "台": 6,
    "德": 5,
    "烏克蘭": 4,
    "希臘": 3,
    "ja": 2,
    "法": 2,
    "波蘭": 2,
    "芬蘭": 2,
    "ru": 1,
    "uk": 1,
    "世界": 1,
    "客": 1,
    "義": 1,
    "total": 254
  },
  "占比": {
    "日": 0.41338582677165353,
    "中": 0.12992125984251968,
    "俄": 0.1062992125984252,
    "純音樂": 0.0984251968503937,
    "英": 0.0984251968503937,
    "粵": 0.031496062992125984,
    "台": 0.023622047244094488,
    "德": 0.01968503937007874,
    "烏克蘭": 0.015748031496062992,
    "希臘": 0.011811023622047244,
    "ja": 0.007874015748031496,
    "法": 0.007874015748031496,
    "波蘭": 0.007874015748031496,
    "芬蘭": 0.007874015748031496,
    "ru": 0.003937007874015748,
    "uk": 0.003937007874015748,
    "世界": 0.003937007874015748,
    "客": 0.003937007874015748,
    "義": 0.003937007874015748,
    "total": 1
  }
}