{
  "統計": {
    "日": 156,
    "純音樂": 60,
    "中": 48,
    "英": 37,
    "俄": 30,
    "台": 10,
    "粵": 10,
    "德": 7,
    "希臘": 6,
    "西班牙": 3,
    "法": 2,
    "波蘭": 2,
    "芬蘭": 2,
    "烏克蘭": 2,
    "世界": 1,
    "南非": 1,
    "旁遮普": 1,
    "泰": 1,
    "義": 1,
    "韓": 1,
    "羅馬尼亞": 1,
    "total": 382
  },
  "占比": {
    "日": 0.4083769633507853,
    "純音樂": 0.15706806282722513,
    "中": 0.1256544502617801,
    "英": 0.0968586387434555,
    "俄": 0.07853403141361257,
    "台": 0.02617801047120419,
    "粵": 0.02617801047120419,
    "德": 0.01832460732984293,
    "希臘": 0.015706806282722512,
    "西班牙": 0.007853403141361256,
    "法": 0.005235602094240838,
    "波蘭": 0.005235602094240838,
    "芬蘭": 0.005235602094240838,
    "烏克蘭": 0.005235602094240838,
    "世界": 0.002617801047120419,
    "南非": 0.002617801047120419,
    "旁遮普": 0.002617801047120419,
    "泰": 0.002617801047120419,
    "義": 0.002617801047120419,
    "韓": 0.002617801047120419,
    "羅馬尼亞": 0.002617801047120419,
    "total": 1
  }
}