{
  "統計": {
    "日": 119,
    "純音樂": 41,
    "俄": 36,
    "中": 35,
    "ja": 22,
    "英": 20,
    "烏克蘭": 14,
    "zh": 10,
    "台": 4,
    "希臘": 4,
    "德": 4,
    "ru": 3,
    "zh-Hant": 3,
    "西班牙": 3,
    "und": 2,
    "拉丁": 2,
    "粵": 2,
    "諾斯": 2,
    "en": 1,
    "th": 1,
    "uk": 1,
    "zh-TW": 1,
    "zxx": 1,
    "客": 1,
    "法": 1,
    "福建": 1,
    "芬蘭": 1,
    "total": 335
  },
  "占比": {
    "日": 0.35522388059701493,
    "純音樂": 0.12238805970149254,
    "俄": 0.10746268656716418,
    "中": 0.1044776119402985,
    "ja": 0.06567164179104477,
    "英": 0.05970149253731343,
    "烏克蘭": 0.041791044776119404,
    "zh": 0.029850746268656716,
    "台": 0.011940298507462687,
    "希臘": 0.011940298507462687,
    "德": 0.011940298507462687,
    "ru": 0.008955223880597015,
    "zh-Hant": 0.008955223880597015,
    "西班牙": 0.008955223880597015,
    "und": 0.005970149253731343,
    "拉丁": 0.005970149253731343,
    "粵": 0.005970149253731343,
    "諾斯": 0.005970149253731343,
    "en": 0.0029850746268656717,
    "th": 0.0029850746268656717,
    "uk": 0.0029850746268656717,
    "zh-TW": 0.0029850746268656717,
    "zxx": 0.0029850746268656717,
    "客": 0.0029850746268656717,
    "法": 0.0029850746268656717,
    "福建": 0.0029850746268656717,
    "芬蘭": 0.0029850746268656717,
    "total": 1
  }
}