{
  "統計": {
    "日": 210,
    "純音樂": 103,
    "中": 66,
    "英": 43,
    "俄": 36,
    "粵": 11,
    "台": 10,
    "德": 10,
    "希臘": 6,
    "芬蘭": 3,
    "西班牙": 3,
    "韓": 3,
    "ja": 2,
    "unknown": 2,
    "法": 2,
    "波蘭": 2,
    "烏克蘭": 2,
    "en": 1,
    "zh-TW": 1,
    "世界": 1,
    "南非": 1,
    "旁遮普": 1,
    "泰": 1,
    "羅馬尼亞": 1,
    "義": 1,
    "total": 522
  },
  "占比": {
    "日": 0.40229885057471265,
    "純音樂": 0.19731800766283525,
    "中": 0.12643678160919541,
    "英": 0.08237547892720307,
    "俄": 0.06896551724137931,
    "粵": 0.0210727969348659,
    "台": 0.019157088122605363,
    "德": 0.019157088122605363,
    "希臘": 0.011494252873563218,
    "芬蘭": 0.005747126436781609,
    "西班牙": 0.005747126436781609,
    "韓": 0.005747126436781609,
    "ja": 0.0038314176245210726,
    "unknown": 0.0038314176245210726,
    "法": 0.0038314176245210726,
    "波蘭": 0.0038314176245210726,
    "烏克蘭": 0.0038314176245210726,
    "en": 0.0019157088122605363,
    "zh-TW": 0.0019157088122605363,
    "世界": 0.0019157088122605363,
    "南非": 0.0019157088122605363,
    "旁遮普": 0.0019157088122605363,
    "泰": 0.0019157088122605363,
    "羅馬尼亞": 0.0019157088122605363,
    "義": 0.0019157088122605363,
    "total": 1
  }
}