{
  "統計": {
    "日": 230,
    "純音樂": 97,
    "中": 66,
    "英": 45,
    "俄": 40,
    "粵": 13,
    "德": 9,
    "台": 8,
    "烏克蘭": 8,
    "希臘": 6,
    "芬蘭": 4,
    "韓": 3,
    "波蘭": 2,
    "la": 1,
    "世界": 1,
    "南非": 1,
    "希伯來": 1,
    "法": 1,
    "泰": 1,
    "泰盧固": 1,
    "福建": 1,
    "羅馬尼亞": 1,
    "義": 1,
    "total": 541
  },
  "占比": {
    "日": 0.42513863216266173,
    "純音樂": 0.17929759704251386,
    "中": 0.12199630314232902,
    "英": 0.08317929759704251,
    "俄": 0.07393715341959335,
    "粵": 0.024029574861367836,
    "德": 0.0166358595194085,
    "台": 0.014787430683918669,
    "烏克蘭": 0.014787430683918669,
    "希臘": 0.011090573012939002,
    "芬蘭": 0.0073937153419593345,
    "韓": 0.005545286506469501,
    "波蘭": 0.0036968576709796672,
    "la": 0.0018484288354898336,
    "世界": 0.0018484288354898336,
    "南非": 0.0018484288354898336,
    "希伯來": 0.0018484288354898336,
    "法": 0.0018484288354898336,
    "泰": 0.0018484288354898336,
    "泰盧固": 0.0018484288354898336,
    "福建": 0.0018484288354898336,
    "羅馬尼亞": 0.0018484288354898336,
    "義": 0.0018484288354898336,
    "total": 1
  }
}