{
  "統計": {
    "日": 123,
    "純音樂": 46,
    "中": 34,
    "英": 23,
    "俄": 20,
    "德": 6,
    "台": 5,
    "希臘": 5,
    "粵": 5,
    "波蘭": 2,
    "烏克蘭": 2,
    "芬蘭": 2,
    "西班牙": 2,
    "unknown": 1,
    "世界": 1,
    "南非": 1,
    "旁遮普": 1,
    "法": 1,
    "義": 1,
    "韓": 1,
    "total": 282
  },
  "占比": {
    "日": 0.43617021276595747,
    "純音樂": 0.16312056737588654,
    "中": 0.12056737588652482,
    "英": 0.08156028368794327,
    "俄": 0.07092198581560284,
    "德": 0.02127659574468085,
    "台": 0.01773049645390071,
    "希臘": 0.01773049645390071,
    "粵": 0.01773049645390071,
    "波蘭": 0.0070921985815602835,
    "烏克蘭": 0.0070921985815602835,
    "芬蘭": 0.0070921985815602835,
    "西班牙": 0.0070921985815602835,
    "unknown": 0.0035460992907801418,
    "世界": 0.0035460992907801418,
    "南非": 0.0035460992907801418,
    "旁遮普": 0.0035460992907801418,
    "法": 0.0035460992907801418,
    "義": 0.0035460992907801418,
    "韓": 0.0035460992907801418,
    "total": 1
  }
}