{
  "統計": {
    "日": 119,
    "純音樂": 41,
    "俄": 36,
    "中": 35,
    "英": 20,
    "ja": 18,
    "烏克蘭": 14,
    "zh": 10,
    "台": 4,
    "希臘": 4,
    "德": 4,
    "ru": 3,
    "zh-Hant": 3,
    "西班牙": 3,
    "und": 2,
    "拉丁": 2,
    "粵": 2,
    "諾斯": 2,
    "th": 1,
    "uk": 1,
    "zxx": 1,
    "客": 1,
    "法": 1,
    "福建": 1,
    "芬蘭": 1,
    "total": 329
  },
  "占比": {
    "日": 0.3617021276595745,
    "純音樂": 0.12462006079027356,
    "俄": 0.1094224924012158,
    "中": 0.10638297872340426,
    "英": 0.060790273556231005,
    "ja": 0.0547112462006079,
    "烏克蘭": 0.0425531914893617,
    "zh": 0.030395136778115502,
    "台": 0.0121580547112462,
    "希臘": 0.0121580547112462,
    "德": 0.0121580547112462,
    "ru": 0.00911854103343465,
    "zh-Hant": 0.00911854103343465,
    "西班牙": 0.00911854103343465,
    "und": 0.0060790273556231,
    "拉丁": 0.0060790273556231,
    "粵": 0.0060790273556231,
    "諾斯": 0.0060790273556231,
    "th": 0.00303951367781155,
    "uk": 0.00303951367781155,
    "zxx": 0.00303951367781155,
    "客": 0.00303951367781155,
    "法": 0.00303951367781155,
    "福建": 0.00303951367781155,
    "芬蘭": 0.00303951367781155,
    "total": 1
  }
}