{
  "統計": {
    "日": 231,
    "純音樂": 100,
    "中": 66,
    "英": 45,
    "俄": 41,
    "粵": 13,
    "德": 9,
    "台": 8,
    "烏克蘭": 8,
    "希臘": 7,
    "芬蘭": 4,
    "en": 3,
    "ja": 3,
    "韓": 3,
    "波蘭": 2,
    "ru": 1,
    "uk": 1,
    "世界": 1,
    "南非": 1,
    "希伯來": 1,
    "拉丁": 1,
    "法": 1,
    "泰": 1,
    "泰盧固": 1,
    "福建": 1,
    "羅馬尼亞": 1,
    "義": 1,
    "諾斯": 1,
    "total": 556
  },
  "占比": {
    "日": 0.4154676258992806,
    "純音樂": 0.17985611510791366,
    "中": 0.11870503597122302,
    "英": 0.08093525179856115,
    "俄": 0.0737410071942446,
    "粵": 0.023381294964028777,
    "德": 0.01618705035971223,
    "台": 0.014388489208633094,
    "烏克蘭": 0.014388489208633094,
    "希臘": 0.012589928057553957,
    "芬蘭": 0.007194244604316547,
    "en": 0.00539568345323741,
    "ja": 0.00539568345323741,
    "韓": 0.00539568345323741,
    "波蘭": 0.0035971223021582736,
    "ru": 0.0017985611510791368,
    "uk": 0.0017985611510791368,
    "世界": 0.0017985611510791368,
    "南非": 0.0017985611510791368,
    "希伯來": 0.0017985611510791368,
    "拉丁": 0.0017985611510791368,
    "法": 0.0017985611510791368,
    "泰": 0.0017985611510791368,
    "泰盧固": 0.0017985611510791368,
    "福建": 0.0017985611510791368,
    "羅馬尼亞": 0.0017985611510791368,
    "義": 0.0017985611510791368,
    "諾斯": 0.0017985611510791368,
    "total": 1
  }
}