{
  "統計": {
    "日": 154,
    "純音樂": 60,
    "中": 45,
    "英": 37,
    "俄": 30,
    "台": 9,
    "粵": 9,
    "德": 8,
    "希臘": 5,
    "西班牙": 3,
    "法": 2,
    "波蘭": 2,
    "烏克蘭": 2,
    "芬蘭": 2,
    "en": 1,
    "ja": 1,
    "unknown": 1,
    "zh": 1,
    "zh-TW": 1,
    "世界": 1,
    "南非": 1,
    "旁遮普": 1,
    "泰": 1,
    "羅馬尼亞": 1,
    "義": 1,
    "韓": 1,
    "total": 380
  },
  "占比": {
    "日": 0.4052631578947368,
    "純音樂": 0.15789473684210525,
    "中": 0.11842105263157894,
    "英": 0.09736842105263158,
    "俄": 0.07894736842105263,
    "台": 0.02368421052631579,
    "粵": 0.02368421052631579,
    "德": 0.021052631578947368,
    "希臘": 0.013157894736842105,
    "西班牙": 0.007894736842105263,
    "法": 0.005263157894736842,
    "波蘭": 0.005263157894736842,
    "烏克蘭": 0.005263157894736842,
    "芬蘭": 0.005263157894736842,
    "en": 0.002631578947368421,
    "ja": 0.002631578947368421,
    "unknown": 0.002631578947368421,
    "zh": 0.002631578947368421,
    "zh-TW": 0.002631578947368421,
    "世界": 0.002631578947368421,
    "南非": 0.002631578947368421,
    "旁遮普": 0.002631578947368421,
    "泰": 0.002631578947368421,
    "羅馬尼亞": 0.002631578947368421,
    "義": 0.002631578947368421,
    "韓": 0.002631578947368421,
    "total": 1
  }
}