{
  "統計": {
    "日": 141,
    "中": 49,
    "純音樂": 46,
    "俄": 39,
    "英": 23,
    "烏克蘭": 15,
    "台": 5,
    "希臘": 4,
    "粵": 4,
    "德": 4,
    "西班牙": 3,
    "拉丁": 2,
    "諾斯": 2,
    "法": 1,
    "芬蘭": 1,
    "客": 1,
    "泰": 1,
    "粵語": 1,
    "福建": 1,
    "total": 343
  },
  "占比": {
    "日": 0.4110787172011662,
    "中": 0.14285714285714285,
    "純音樂": 0.13411078717201166,
    "俄": 0.11370262390670553,
    "英": 0.06705539358600583,
    "烏克蘭": 0.043731778425655975,
    "台": 0.014577259475218658,
    "希臘": 0.011661807580174927,
    "粵": 0.011661807580174927,
    "德": 0.011661807580174927,
    "西班牙": 0.008746355685131196,
    "拉丁": 0.0058309037900874635,
    "諾斯": 0.0058309037900874635,
    "法": 0.0029154518950437317,
    "芬蘭": 0.0029154518950437317,
    "客": 0.0029154518950437317,
    "泰": 0.0029154518950437317,
    "粵語": 0.0029154518950437317,
    "福建": 0.0029154518950437317,
    "total": 1
  }
}