{
  "統計": {
    "日": 119,
    "純音樂": 41,
    "俄": 36,
    "中": 35,
    "ja": 24,
    "英": 20,
    "烏克蘭": 14,
    "zh": 10,
    "台": 4,
    "希臘": 4,
    "德": 4,
    "en": 3,
    "ru": 3,
    "zh-Hant": 3,
    "西班牙": 3,
    "und": 2,
    "拉丁": 2,
    "粵": 2,
    "諾斯": 2,
    "ar": 1,
    "en-GB": 1,
    "th": 1,
    "uk": 1,
    "zh-TW": 1,
    "zxx": 1,
    "客": 1,
    "法": 1,
    "福建": 1,
    "芬蘭": 1,
    "total": 341
  },
  "占比": {
    "日": 0.3489736070381232,
    "純音樂": 0.12023460410557185,
    "俄": 0.10557184750733138,
    "中": 0.10263929618768329,
    "ja": 0.07038123167155426,
    "英": 0.05865102639296188,
    "烏克蘭": 0.04105571847507331,
    "zh": 0.02932551319648094,
    "台": 0.011730205278592375,
    "希臘": 0.011730205278592375,
    "德": 0.011730205278592375,
    "en": 0.008797653958944282,
    "ru": 0.008797653958944282,
    "zh-Hant": 0.008797653958944282,
    "西班牙": 0.008797653958944282,
    "und": 0.005865102639296188,
    "拉丁": 0.005865102639296188,
    "粵": 0.005865102639296188,
    "諾斯": 0.005865102639296188,
    "ar": 0.002932551319648094,
    "en-GB": 0.002932551319648094,
    "th": 0.002932551319648094,
    "uk": 0.002932551319648094,
    "zh-TW": 0.002932551319648094,
    "zxx": 0.002932551319648094,
    "客": 0.002932551319648094,
    "法": 0.002932551319648094,
    "福建": 0.002932551319648094,
    "芬蘭": 0.002932551319648094,
    "total": 1
  }
}