{
  "統計": {
    "日": 148,
    "純音樂": 56,
    "中": 44,
    "英": 32,
    "俄": 27,
    "台": 8,
    "德": 7,
    "希臘": 5,
    "粵": 5,
    "unknown": 2,
    "波蘭": 2,
    "烏克蘭": 2,
    "芬蘭": 2,
    "西班牙": 2,
    "世界": 1,
    "南非": 1,
    "旁遮普": 1,
    "法": 1,
    "泰": 1,
    "羅馬尼亞": 1,
    "義": 1,
    "韓": 1,
    "total": 350
  },
  "占比": {
    "日": 0.4228571428571429,
    "純音樂": 0.16,
    "中": 0.12571428571428572,
    "英": 0.09142857142857143,
    "俄": 0.07714285714285714,
    "台": 0.022857142857142857,
    "德": 0.02,
    "希臘": 0.014285714285714285,
    "粵": 0.014285714285714285,
    "unknown": 0.005714285714285714,
    "波蘭": 0.005714285714285714,
    "烏克蘭": 0.005714285714285714,
    "芬蘭": 0.005714285714285714,
    "西班牙": 0.005714285714285714,
    "世界": 0.002857142857142857,
    "南非": 0.002857142857142857,
    "旁遮普": 0.002857142857142857,
    "法": 0.002857142857142857,
    "泰": 0.002857142857142857,
    "羅馬尼亞": 0.002857142857142857,
    "義": 0.002857142857142857,
    "韓": 0.002857142857142857,
    "total": 1
  }
}