{
  "統計": {
    "日": 98,
    "中": 25,
    "英": 24,
    "純音樂": 23,
    "俄": 20,
    "粵": 6,
    "台": 5,
    "德": 5,
    "希臘": 2,
    "法": 2,
    "波蘭": 2,
    "芬蘭": 2,
    "unknown": 1,
    "世界": 1,
    "客": 1,
    "義": 1,
    "西班牙": 1,
    "total": 219
  },
  "占比": {
    "日": 0.4474885844748858,
    "中": 0.1141552511415525,
    "英": 0.1095890410958904,
    "純音樂": 0.1050228310502283,
    "俄": 0.091324200913242,
    "粵": 0.0273972602739726,
    "台": 0.0228310502283105,
    "德": 0.0228310502283105,
    "希臘": 0.0091324200913242,
    "法": 0.0091324200913242,
    "波蘭": 0.0091324200913242,
    "芬蘭": 0.0091324200913242,
    "unknown": 0.0045662100456621,
    "世界": 0.0045662100456621,
    "客": 0.0045662100456621,
    "義": 0.0045662100456621,
    "西班牙": 0.0045662100456621,
    "total": 1
  }
}