{
  "統計": {
    "日": 122,
    "純音樂": 45,
    "中": 34,
    "英": 23,
    "俄": 19,
    "德": 6,
    "台": 5,
    "粵": 5,
    "希臘": 4,
    "西班牙": 2,
    "波蘭": 2,
    "芬蘭": 2,
    "烏克蘭": 2,
    "芬": 2,
    "世界": 1,
    "法": 1,
    "南非": 1,
    "旁遮普": 1,
    "法": 1,
    "義": 1,
    "西班牙": 1,
    "韓": 1,
    "total": 277
  },
  "占比": {
    "日": 0.4404332129963899,
    "純音樂": 0.1624548736462094,
    "中": 0.12274368231046931,
    "英": 0.08303249097472924,
    "俄": 0.06859205776173286,
    "德": 0.021660649819494584,
    "台": 0.018050541516245487,
    "粵": 0.018050541516245487,
    "希臘": 0.01444043321299639,
    "西班牙": 0.007220216606498195,
    "波蘭": 0.007220216606498195,
    "芬蘭": 0.007220216606498195,
    "烏克蘭": 0.007220216606498195,
    "世界": 0.0036101083032490976,
    "法": 0.0036101083032490976,
    "南非": 0.0036101083032490976,
    "旁遮普": 0.0036101083032490976,
    "義": 0.0036101083032490976,
    "韓": 0.0036101083032490976,
    "total": 1
  }
}