{
  "統計": {
    "日": 144,
    "純音樂": 54,
    "中": 43,
    "英": 32,
    "俄": 26,
    "台": 8,
    "德": 7,
    "希臘": 5,
    "粵": 5,
    "unknown": 3,
    "波蘭": 2,
    "烏克蘭": 2,
    "芬蘭": 2,
    "西班牙": 2,
    "ja": 1,
    "世界": 1,
    "南非": 1,
    "旁遮普": 1,
    "法": 1,
    "泰": 1,
    "羅馬尼亞": 1,
    "義": 1,
    "韓": 1,
    "total": 344
  },
  "占比": {
    "日": 0.4186046511627907,
    "純音樂": 0.1569767441860465,
    "中": 0.125,
    "英": 0.09302325581395349,
    "俄": 0.0755813953488372,
    "台": 0.023255813953488372,
    "德": 0.020348837209302327,
    "希臘": 0.014534883720930232,
    "粵": 0.014534883720930232,
    "unknown": 0.00872093023255814,
    "波蘭": 0.005813953488372093,
    "烏克蘭": 0.005813953488372093,
    "芬蘭": 0.005813953488372093,
    "西班牙": 0.005813953488372093,
    "ja": 0.0029069767441860465,
    "世界": 0.0029069767441860465,
    "南非": 0.0029069767441860465,
    "旁遮普": 0.0029069767441860465,
    "法": 0.0029069767441860465,
    "泰": 0.0029069767441860465,
    "羅馬尼亞": 0.0029069767441860465,
    "義": 0.0029069767441860465,
    "韓": 0.0029069767441860465,
    "total": 1
  }
}