{
  "統計": {
    "日": 152,
    "純音樂": 58,
    "中": 45,
    "英": 35,
    "俄": 30,
    "粵": 9,
    "台": 8,
    "德": 8,
    "希臘": 5,
    "unknown": 3,
    "西班牙": 3,
    "法": 2,
    "波蘭": 2,
    "烏克蘭": 2,
    "芬蘭": 2,
    "en": 1,
    "en-US": 1,
    "ja": 1,
    "世界": 1,
    "南非": 1,
    "旁遮普": 1,
    "泰": 1,
    "羅馬尼亞": 1,
    "義": 1,
    "韓": 1,
    "total": 374
  },
  "占比": {
    "日": 0.40641711229946526,
    "純音樂": 0.15508021390374332,
    "中": 0.12032085561497326,
    "英": 0.09358288770053476,
    "俄": 0.08021390374331551,
    "粵": 0.02406417112299465,
    "台": 0.0213903743315508,
    "德": 0.0213903743315508,
    "希臘": 0.013368983957219251,
    "unknown": 0.008021390374331552,
    "西班牙": 0.008021390374331552,
    "法": 0.0053475935828877,
    "波蘭": 0.0053475935828877,
    "烏克蘭": 0.0053475935828877,
    "芬蘭": 0.0053475935828877,
    "en": 0.00267379679144385,
    "en-US": 0.00267379679144385,
    "ja": 0.00267379679144385,
    "世界": 0.00267379679144385,
    "南非": 0.00267379679144385,
    "旁遮普": 0.00267379679144385,
    "泰": 0.00267379679144385,
    "羅馬尼亞": 0.00267379679144385,
    "義": 0.00267379679144385,
    "韓": 0.00267379679144385,
    "total": 1
  }
}