{
  "統計": {
    "日": 96,
    "英": 25,
    "純音樂": 22,
    "中": 20,
    "俄": 16,
    "台": 4,
    "德": 4,
    "粵": 4,
    "希臘": 2,
    "法": 2,
    "波蘭": 2,
    "芬蘭": 2,
    "世界": 1,
    "客": 1,
    "義": 1,
    "西班牙": 1,
    "total": 203
  },
  "占比": {
    "日": 0.4729064039408867,
    "英": 0.12315270935960591,
    "純音樂": 0.10837438423645321,
    "中": 0.09852216748768473,
    "俄": 0.07881773399014778,
    "台": 0.019704433497536946,
    "德": 0.019704433497536946,
    "粵": 0.019704433497536946,
    "希臘": 0.009852216748768473,
    "法": 0.009852216748768473,
    "波蘭": 0.009852216748768473,
    "芬蘭": 0.009852216748768473,
    "世界": 0.0049261083743842365,
    "客": 0.0049261083743842365,
    "義": 0.0049261083743842365,
    "西班牙": 0.0049261083743842365,
    "total": 1
  }
}