{
  "統計": {
    "日": 156,
    "純音樂": 60,
    "中": 48,
    "英": 37,
    "俄": 30,
    "台": 10,
    "粵": 10,
    "德": 7,
    "希臘": 6,
    "unknown": 4,
    "西班牙": 3,
    "法": 2,
    "波蘭": 2,
    "烏克蘭": 2,
    "芬蘭": 2,
    "de": 1,
    "世界": 1,
    "南非": 1,
    "旁遮普": 1,
    "泰": 1,
    "羅馬尼亞": 1,
    "義": 1,
    "韓": 1,
    "total": 387
  },
  "占比": {
    "日": 0.40310077519379844,
    "純音樂": 0.15503875968992248,
    "中": 0.12403100775193798,
    "英": 0.095607235142118857,
    "俄": 0.077519379844961239,
    "台": 0.025839793281653745,
    "粵": 0.025839793281653745,
    "德": 0.018087855297157621,
    "希臘": 0.015503875968992248,
    "unknown": 0.010335917312661499,
    "西班牙": 0.0077519379844961239,
    "法": 0.0051679586563307496,
    "波蘭": 0.0051679586563307496,
    "烏克蘭": 0.0051679586563307496,
    "芬蘭": 0.0051679586563307496,
    "de": 0.0025839793281653748,
    "世界": 0.0025839793281653748,
    "南非": 0.0025839793281653748,
    "旁遮普": 0.0025839793281653748,
    "泰": 0.0025839793281653748,
    "羅馬尼亞": 0.0025839793281653748,
    "義": 0.0025839793281653748,
    "韓": 0.0025839793281653748,
    "total": 1
  }
}