{
  "統計": {
    "日": 235,
    "純音樂": 114,
    "中": 71,
    "英": 44,
    "俄": 37,
    "粵": 11,
    "台": 10,
    "德": 9,
    "希臘": 6,
    "芬蘭": 4,
    "西班牙": 3,
    "韓": 3,
    "法": 2,
    "波蘭": 2,
    "烏克蘭": 2,
    "unknown": 1,
    "世界": 1,
    "南非": 1,
    "旁遮普": 1,
    "泰": 1,
    "羅馬尼亞": 1,
    "義": 1,
    "total": 560
  },
  "占比": {
    "日": 0.41964285714285715,
    "純音樂": 0.20357142857142857,
    "中": 0.12678571428571428,
    "英": 0.07857142857142857,
    "俄": 0.06607142857142857,
    "粵": 0.019642857142857142,
    "台": 0.017857142857142856,
    "德": 0.01607142857142857,
    "希臘": 0.010714285714285714,
    "芬蘭": 0.007142857142857143,
    "西班牙": 0.005357142857142857,
    "韓": 0.005357142857142857,
    "法": 0.0035714285714285713,
    "波蘭": 0.0035714285714285713,
    "烏克蘭": 0.0035714285714285713,
    "unknown": 0.0017857142857142857,
    "世界": 0.0017857142857142857,
    "南非": 0.0017857142857142857,
    "旁遮普": 0.0017857142857142857,
    "泰": 0.0017857142857142857,
    "羅馬尼亞": 0.0017857142857142857,
    "義": 0.0017857142857142857,
    "total": 1
  }
}