{
  "統計": {
    "日": 253,
    "純音樂": 114,
    "中": 78,
    "英": 48,
    "俄": 40,
    "粵": 15,
    "台": 9,
    "德": 8,
    "烏克蘭": 8,
    "希臘": 6,
    "芬蘭": 4,
    "西班牙": 3,
    "韓": 3,
    "unknown": 2,
    "法": 2,
    "波蘭": 2,
    "ru": 1,
    "世界": 1,
    "南非": 1,
    "旁遮普": 1,
    "泰": 1,
    "泰盧固": 1,
    "羅馬尼亞": 1,
    "義": 1,
    "total": 603
  },
  "占比": {
    "日": 0.41956882255389716,
    "純音樂": 0.1890547263681592,
    "中": 0.12935323383084577,
    "英": 0.07960199004975124,
    "俄": 0.06633499170812604,
    "粵": 0.024875621890547265,
    "台": 0.014925373134328358,
    "德": 0.013266998341625208,
    "烏克蘭": 0.013266998341625208,
    "希臘": 0.009950248756218905,
    "芬蘭": 0.006633499170812604,
    "西班牙": 0.004975124378109453,
    "韓": 0.004975124378109453,
    "unknown": 0.003316749585406302,
    "法": 0.003316749585406302,
    "波蘭": 0.003316749585406302,
    "ru": 0.001658374792703151,
    "世界": 0.001658374792703151,
    "南非": 0.001658374792703151,
    "旁遮普": 0.001658374792703151,
    "泰": 0.001658374792703151,
    "泰盧固": 0.001658374792703151,
    "羅馬尼亞": 0.001658374792703151,
    "義": 0.001658374792703151,
    "total": 1
  }
}