{
  "統計": {
    "日": 163,
    "純音樂": 63,
    "中": 52,
    "英": 38,
    "俄": 31,
    "台": 10,
    "德": 9,
    "粵": 9,
    "希臘": 6,
    "unknown": 5,
    "ja": 3,
    "西班牙": 3,
    "法": 2,
    "波蘭": 2,
    "烏克蘭": 2,
    "芬蘭": 2,
    "yue": 1,
    "世界": 1,
    "南非": 1,
    "旁遮普": 1,
    "泰": 1,
    "羅馬尼亞": 1,
    "義": 1,
    "韓": 1,
    "total": 408
  },
  "占比": {
    "日": 0.39950980392156865,
    "純音樂": 0.15441176470588236,
    "中": 0.12745098039215685,
    "英": 0.09313725490196079,
    "俄": 0.07598039215686274,
    "台": 0.024509803921568627,
    "德": 0.022058823529411766,
    "粵": 0.022058823529411766,
    "希臘": 0.014705882352941176,
    "unknown": 0.012254901960784314,
    "ja": 0.007352941176470588,
    "西班牙": 0.007352941176470588,
    "法": 0.004901960784313725,
    "波蘭": 0.004901960784313725,
    "烏克蘭": 0.004901960784313725,
    "芬蘭": 0.004901960784313725,
    "yue": 0.0024509803921568627,
    "世界": 0.0024509803921568627,
    "南非": 0.0024509803921568627,
    "旁遮普": 0.0024509803921568627,
    "泰": 0.0024509803921568627,
    "羅馬尼亞": 0.0024509803921568627,
    "義": 0.0024509803921568627,
    "韓": 0.0024509803921568627,
    "total": 1
  }
}