{
  "統計": {
    "日": 85,
    "純音樂": 31,
    "中": 30,
    "俄": 26,
    "英": 14,
    "烏克蘭": 12,
    "希臘": 4,
    "德": 4,
    "台": 3,
    "西班牙": 3,
    "拉丁": 2,
    "諾斯": 2,
    "法": 1,
    "芬蘭": 1,
    "粵": 1,
    "福建": 1,
    "total": 220
  },
  "占比": {
    "日": 0.38636363636363635,
    "純音樂": 0.1409090909090909,
    "中": 0.13636363636363635,
    "俄": 0.11818181818181818,
    "英": 0.06363636363636363,
    "烏克蘭": 0.05454545454545454,
    "希臘": 0.01818181818181818,
    "德": 0.01818181818181818,
    "台": 0.013636363636363636,
    "西班牙": 0.013636363636363636,
    "拉丁": 0.00909090909090909,
    "諾斯": 0.00909090909090909,
    "法": 0.004545454545454545,
    "芬蘭": 0.004545454545454545,
    "粵": 0.004545454545454545,
    "福建": 0.004545454545454545,
    "total": 1
  }
}