{
  "統計": {
    "日": 132,
    "純音樂": 54,
    "中": 40,
    "英": 28,
    "俄": 24,
    "台": 7,
    "德": 7,
    "希臘": 5,
    "粵": 5,
    "波蘭": 2,
    "烏克蘭": 2,
    "芬蘭": 2,
    "西班牙": 2,
    "unknown": 1,
    "世界": 1,
    "南非": 1,
    "旁遮普": 1,
    "法": 1,
    "泰": 1,
    "羅馬尼亞": 1,
    "義": 1,
    "韓": 1,
    "total": 319
  },
  "占比": {
    "日": 0.41379310344827586,
    "純音樂": 0.16927899686520376,
    "中": 0.12539184952978055,
    "英": 0.0877742946708464,
    "俄": 0.07523510971786834,
    "台": 0.0219435736677116,
    "德": 0.0219435736677116,
    "希臘": 0.01567398119122257,
    "粵": 0.01567398119122257,
    "波蘭": 0.006269592476489028,
    "烏克蘭": 0.006269592476489028,
    "芬蘭": 0.006269592476489028,
    "西班牙": 0.006269592476489028,
    "unknown": 0.003134796238244514,
    "世界": 0.003134796238244514,
    "南非": 0.003134796238244514,
    "旁遮普": 0.003134796238244514,
    "法": 0.003134796238244514,
    "泰": 0.003134796238244514,
    "羅馬尼亞": 0.003134796238244514,
    "義": 0.003134796238244514,
    "韓": 0.003134796238244514,
    "total": 1
  }
}