{
  "統計": {
    "日": 98,
    "中": 25,
    "純音樂": 23,
    "英": 22,
    "俄": 19,
    "台": 5,
    "德": 5,
    "粵": 4,
    "unknown": 3,
    "希臘": 2,
    "法": 2,
    "波蘭": 2,
    "芬蘭": 2,
    "zh-TW": 1,
    "世界": 1,
    "客": 1,
    "義": 1,
    "西班牙": 1,
    "total": 217
  },
  "占比": {
    "日": 0.45161290322580644,
    "中": 0.1152073732718894,
    "純音樂": 0.10599078341013825,
    "英": 0.10138248847926268,
    "俄": 0.08755760368663594,
    "台": 0.02304147465437788,
    "德": 0.02304147465437788,
    "粵": 0.018433179723502304,
    "unknown": 0.013824884792626729,
    "希臘": 0.009216589861751152,
    "法": 0.009216589861751152,
    "波蘭": 0.009216589861751152,
    "芬蘭": 0.009216589861751152,
    "zh-TW": 0.004608294930875576,
    "世界": 0.004608294930875576,
    "客": 0.004608294930875576,
    "義": 0.004608294930875576,
    "西班牙": 0.004608294930875576,
    "total": 1
  }
}