{
  "統計": {
    "日": 156,
    "純音樂": 60,
    "中": 48,
    "英": 37,
    "俄": 30,
    "台": 10,
    "unknown": 9,
    "粵": 9,
    "德": 7,
    "希臘": 6,
    "西班牙": 3,
    "de": 2,
    "法": 2,
    "波蘭": 2,
    "烏克蘭": 2,
    "芬蘭": 2,
    "ja": 1,
    "zh-CN": 1,
    "zh-TW": 1,
    "世界": 1,
    "南非": 1,
    "旁遮普": 1,
    "泰": 1,
    "羅馬尼亞": 1,
    "義": 1,
    "韓": 1,
    "total": 395
  },
  "占比": {
    "日": 0.39493670886075949,
    "純音樂": 0.15189873417721519,
    "中": 0.12151898734177215,
    "英": 0.093670886075949367,
    "俄": 0.075949367088607597,
    "台": 0.025316455696202531,
    "unknown": 0.022784810126582278,
    "粵": 0.022784810126582278,
    "德": 0.017721518987341773,
    "希臘": 0.015189873417721518,
    "西班牙": 0.0075949367088607592,
    "de": 0.0050632911392405064,
    "法": 0.0050632911392405064,
    "波蘭": 0.0050632911392405064,
    "烏克蘭": 0.0050632911392405064,
    "芬蘭": 0.0050632911392405064,
    "ja": 0.0025316455696202532,
    "zh-CN": 0.0025316455696202532,
    "zh-TW": 0.0025316455696202532,
    "世界": 0.0025316455696202532,
    "南非": 0.0025316455696202532,
    "旁遮普": 0.0025316455696202532,
    "泰": 0.0025316455696202532,
    "羅馬尼亞": 0.0025316455696202532,
    "義": 0.0025316455696202532,
    "韓": 0.0025316455696202532,
    "total": 1
  }
}