{
  "統計": {
    "日": 149,
    "純音樂": 53,
    "中": 51,
    "俄": 42,
    "英": 24,
    "烏克蘭": 18,
    "unknown": 12,
    "台": 5,
    "粵": 5,
    "希臘": 4,
    "德": 4,
    "西班牙": 3,
    "拉丁": 2,
    "諾斯": 2,
    "阿拉伯": 2,
    "ja": 1,
    "zh-HK": 1,
    "zh-TW": 1,
    "客": 1,
    "法": 1,
    "泰": 1,
    "福建": 1,
    "粵語": 1,
    "芬蘭": 1,
    "阿美": 1,
    "total": 386
  },
  "占比": {
    "日": 0.3860103626943005,
    "純音樂": 0.13730569948186527,
    "中": 0.13212435233160622,
    "俄": 0.10880829015544041,
    "英": 0.06217616580310881,
    "烏克蘭": 0.046632124352331605,
    "unknown": 0.031088082901554404,
    "台": 0.012953367875647668,
    "粵": 0.012953367875647668,
    "希臘": 0.010362694300518135,
    "德": 0.010362694300518135,
    "西班牙": 0.007772020725388601,
    "拉丁": 0.0051813471502590676,
    "諾斯": 0.0051813471502590676,
    "阿拉伯": 0.0051813471502590676,
    "ja": 0.0025906735751295338,
    "zh-HK": 0.0025906735751295338,
    "zh-TW": 0.0025906735751295338,
    "客": 0.0025906735751295338,
    "法": 0.0025906735751295338,
    "泰": 0.0025906735751295338,
    "福建": 0.0025906735751295338,
    "粵語": 0.0025906735751295338,
    "芬蘭": 0.0025906735751295338,
    "阿美": 0.0025906735751295338,
    "total": 1
  }
}