{
  "統計": {
    "日": 196,
    "純音樂": 94,
    "中": 64,
    "英": 42,
    "俄": 35,
    "粵": 11,
    "台": 10,
    "德": 10,
    "unknown": 9,
    "希臘": 6,
    "ja": 3,
    "芬蘭": 3,
    "西班牙": 3,
    "韓": 3,
    "法": 2,
    "波蘭": 2,
    "烏克蘭": 2,
    "en": 1,
    "世界": 1,
    "南非": 1,
    "旁遮普": 1,
    "泰": 1,
    "羅馬尼亞": 1,
    "義": 1,
    "total": 502
  },
  "占比": {
    "日": 0.3904382470119522,
    "純音樂": 0.18725099601593626,
    "中": 0.12749003984063745,
    "英": 0.08366533864541832,
    "俄": 0.0697211155378486,
    "粵": 0.021912350597609563,
    "台": 0.0199203187250996,
    "德": 0.0199203187250996,
    "unknown": 0.017928286852589643,
    "希臘": 0.01195219123505976,
    "ja": 0.00597609561752988,
    "芬蘭": 0.00597609561752988,
    "西班牙": 0.00597609561752988,
    "韓": 0.00597609561752988,
    "法": 0.00398406374501992,
    "波蘭": 0.00398406374501992,
    "烏克蘭": 0.00398406374501992,
    "en": 0.00199203187250996,
    "世界": 0.00199203187250996,
    "南非": 0.00199203187250996,
    "旁遮普": 0.00199203187250996,
    "泰": 0.00199203187250996,
    "羅馬尼亞": 0.00199203187250996,
    "義": 0.00199203187250996,
    "total": 1
  }
}