{
  "統計": {
    "日": 204,
    "純音樂": 99,
    "中": 65,
    "英": 42,
    "俄": 35,
    "粵": 11,
    "台": 10,
    "德": 10,
    "unknown": 8,
    "希臘": 6,
    "ja": 4,
    "芬蘭": 3,
    "西班牙": 3,
    "韓": 3,
    "法": 2,
    "波蘭": 2,
    "烏克蘭": 2,
    "世界": 1,
    "南非": 1,
    "旁遮普": 1,
    "泰": 1,
    "羅馬尼亞": 1,
    "義": 1,
    "total": 515
  },
  "占比": {
    "日": 0.39611650485436894,
    "純音樂": 0.19223300970873786,
    "中": 0.1262135922330097,
    "英": 0.08155339805825243,
    "俄": 0.06796116504854369,
    "粵": 0.021359223300970873,
    "台": 0.019417475728155338,
    "德": 0.019417475728155338,
    "unknown": 0.015533980582524271,
    "希臘": 0.011650485436893204,
    "ja": 0.007766990291262136,
    "芬蘭": 0.005825242718446602,
    "西班牙": 0.005825242718446602,
    "韓": 0.005825242718446602,
    "法": 0.003883495145631068,
    "波蘭": 0.003883495145631068,
    "烏克蘭": 0.003883495145631068,
    "世界": 0.001941747572815534,
    "南非": 0.001941747572815534,
    "旁遮普": 0.001941747572815534,
    "泰": 0.001941747572815534,
    "羅馬尼亞": 0.001941747572815534,
    "義": 0.001941747572815534,
    "total": 1
  }
}