{
  "統計": {
    "日": 119,
    "純音樂": 41,
    "俄": 36,
    "中": 35,
    "英": 20,
    "烏克蘭": 14,
    "台": 4,
    "希臘": 4,
    "德": 4,
    "西班牙": 3,
    "拉丁": 2,
    "粵": 2,
    "諾斯": 2,
    "法": 1,
    "芬蘭": 1,
    "客": 1,
    "福建": 1,
    "total": 290
  },
  "占比": {
    "日": 0.4103448275862069,
    "純音樂": 0.1413793103448276,
    "俄": 0.12413793103448276,
    "中": 0.1206896551724138,
    "英": 0.06896551724137931,
    "烏克蘭": 0.04827586206896552,
    "台": 0.013793103448275862,
    "希臘": 0.013793103448275862,
    "德": 0.013793103448275862,
    "西班牙": 0.010344827586206896,
    "拉丁": 0.006896551724137931,
    "粵": 0.006896551724137931,
    "諾斯": 0.006896551724137931,
    "法": 0.0034482758620689655,
    "芬蘭": 0.0034482758620689655,
    "客": 0.0034482758620689655,
    "福建": 0.0034482758620689655,
    "total": 1
  }
}