{
  "統計": {
    "日": 196,
    "純音樂": 94,
    "中": 64,
    "英": 42,
    "俄": 35,
    "粵": 11,
    "台": 10,
    "德": 10,
    "希臘": 6,
    "unknown": 5,
    "芬蘭": 3,
    "西班牙": 3,
    "韓": 3,
    "法": 2,
    "波蘭": 2,
    "烏克蘭": 2,
    "世界": 1,
    "南非": 1,
    "旁遮普": 1,
    "泰": 1,
    "羅馬尼亞": 1,
    "義": 1,
    "total": 494
  },
  "占比": {
    "日": 0.3967611336032389,
    "純音樂": 0.1902834008097166,
    "中": 0.12955465587044535,
    "英": 0.08502024291497975,
    "俄": 0.0708502024291498,
    "粵": 0.022267206477732792,
    "台": 0.020242914979757085,
    "德": 0.020242914979757085,
    "希臘": 0.012145748987854251,
    "unknown": 0.010121457489878543,
    "芬蘭": 0.006072874493927126,
    "西班牙": 0.006072874493927126,
    "韓": 0.006072874493927126,
    "法": 0.004048582995951417,
    "波蘭": 0.004048582995951417,
    "烏克蘭": 0.004048582995951417,
    "世界": 0.0020242914979757085,
    "南非": 0.0020242914979757085,
    "旁遮普": 0.0020242914979757085,
    "泰": 0.0020242914979757085,
    "羅馬尼亞": 0.0020242914979757085,
    "義": 0.0020242914979757085,
    "total": 1
  }
}