{
  "統計": {
    "日": 235,
    "純音樂": 94,
    "中": 64,
    "英": 43,
    "俄": 36,
    "粵": 13,
    "ja": 10,
    "台": 9,
    "德": 7,
    "希臘": 6,
    "烏克蘭": 6,
    "芬蘭": 4,
    "韓": 3,
    "波蘭": 2,
    "en": 1,
    "und": 1,
    "zh": 1,
    "zh-TW": 1,
    "世界": 1,
    "南非": 1,
    "希伯來": 1,
    "旁遮普": 1,
    "法": 1,
    "泰": 1,
    "泰盧固": 1,
    "羅馬尼亞": 1,
    "義": 1,
    "total": 545
  },
  "占比": {
    "日": 0.43119266055045874,
    "純音樂": 0.1724770642201835,
    "中": 0.11743119266055047,
    "英": 0.07889908256880734,
    "俄": 0.06605504587155964,
    "粵": 0.023853211009174313,
    "ja": 0.01834862385321101,
    "台": 0.01651376146788991,
    "德": 0.012844036697247707,
    "希臘": 0.011009174311926606,
    "烏克蘭": 0.011009174311926606,
    "芬蘭": 0.007339449541284404,
    "韓": 0.005504587155963303,
    "波蘭": 0.003669724770642202,
    "en": 0.001834862385321101,
    "und": 0.001834862385321101,
    "zh": 0.001834862385321101,
    "zh-TW": 0.001834862385321101,
    "世界": 0.001834862385321101,
    "南非": 0.001834862385321101,
    "希伯來": 0.001834862385321101,
    "旁遮普": 0.001834862385321101,
    "法": 0.001834862385321101,
    "泰": 0.001834862385321101,
    "泰盧固": 0.001834862385321101,
    "羅馬尼亞": 0.001834862385321101,
    "義": 0.001834862385321101,
    "total": 1
  }
}