{
  "統計": {
    "日": 235,
    "純音樂": 94,
    "中": 64,
    "英": 43,
    "俄": 36,
    "粵": 13,
    "ja": 9,
    "台": 9,
    "德": 7,
    "希臘": 6,
    "烏克蘭": 6,
    "芬蘭": 4,
    "韓": 3,
    "波蘭": 2,
    "en": 1,
    "und": 1,
    "zh": 1,
    "zh-TW": 1,
    "世界": 1,
    "南非": 1,
    "希伯來": 1,
    "旁遮普": 1,
    "法": 1,
    "泰": 1,
    "泰盧固": 1,
    "羅馬尼亞": 1,
    "義": 1,
    "total": 544
  },
  "占比": {
    "日": 0.4319852941176471,
    "純音樂": 0.17279411764705882,
    "中": 0.11764705882352941,
    "英": 0.07904411764705882,
    "俄": 0.0661764705882353,
    "粵": 0.02389705882352941,
    "ja": 0.016544117647058824,
    "台": 0.016544117647058824,
    "德": 0.012867647058823529,
    "希臘": 0.011029411764705883,
    "烏克蘭": 0.011029411764705883,
    "芬蘭": 0.007352941176470588,
    "韓": 0.0055147058823529415,
    "波蘭": 0.003676470588235294,
    "en": 0.001838235294117647,
    "und": 0.001838235294117647,
    "zh": 0.001838235294117647,
    "zh-TW": 0.001838235294117647,
    "世界": 0.001838235294117647,
    "南非": 0.001838235294117647,
    "希伯來": 0.001838235294117647,
    "旁遮普": 0.001838235294117647,
    "法": 0.001838235294117647,
    "泰": 0.001838235294117647,
    "泰盧固": 0.001838235294117647,
    "羅馬尼亞": 0.001838235294117647,
    "義": 0.001838235294117647,
    "total": 1
  }
}