{
  "統計": {
    "日": 95,
    "英": 25,
    "純音樂": 21,
    "中": 20,
    "俄": 15,
    "台": 4,
    "粵": 4,
    "德": 4,
    "法": 2,
    "波蘭": 2,
    "芬蘭": 2,
    "世界": 1,
    "希臘": 1,
    "客": 1,
    "義": 1,
    "total": 198
  },
  "占比": {
    "日": 0.4797979797979798,
    "英": 0.12626262626262627,
    "純音樂": 0.10606060606060606,
    "中": 0.10101010101010101,
    "俄": 0.07575757575757576,
    "台": 0.020202020202020204,
    "粵": 0.020202020202020204,
    "德": 0.020202020202020204,
    "法": 0.010101010101010102,
    "波蘭": 0.010101010101010102,
    "芬蘭": 0.010101010101010102,
    "世界": 0.005050505050505051,
    "希臘": 0.005050505050505051,
    "客": 0.005050505050505051,
    "義": 0.005050505050505051,
    "total": 1
  }
}