{
  "統計": {
    "日": 229,
    "純音樂": 105,
    "中": 68,
    "英": 46,
    "俄": 43,
    "粵": 13,
    "台": 9,
    "德": 9,
    "烏克蘭": 8,
    "希臘": 7,
    "芬蘭": 3,
    "韓": 3,
    "波蘭": 2,
    "en": 1,
    "zh": 1,
    "世界": 1,
    "南非": 1,
    "客": 1,
    "希伯來": 1,
    "拉丁": 1,
    "法": 1,
    "泰": 1,
    "泰盧固": 1,
    "福建": 1,
    "羅馬尼亞": 1,
    "義": 1,
    "諾斯": 1,
    "total": 559
  },
  "占比": {
    "日": 0.40966010733452596,
    "純音樂": 0.18783542039355994,
    "中": 0.12164579606440072,
    "英": 0.08228980322003578,
    "俄": 0.07692307692307693,
    "粵": 0.023255813953488372,
    "台": 0.016100178890876567,
    "德": 0.016100178890876567,
    "烏克蘭": 0.014311270125223614,
    "希臘": 0.012522361359570662,
    "芬蘭": 0.005366726296958855,
    "韓": 0.005366726296958855,
    "波蘭": 0.0035778175313059034,
    "en": 0.0017889087656529517,
    "zh": 0.0017889087656529517,
    "世界": 0.0017889087656529517,
    "南非": 0.0017889087656529517,
    "客": 0.0017889087656529517,
    "希伯來": 0.0017889087656529517,
    "拉丁": 0.0017889087656529517,
    "法": 0.0017889087656529517,
    "泰": 0.0017889087656529517,
    "泰盧固": 0.0017889087656529517,
    "福建": 0.0017889087656529517,
    "羅馬尼亞": 0.0017889087656529517,
    "義": 0.0017889087656529517,
    "諾斯": 0.0017889087656529517,
    "total": 1
  }
}