{
  "統計": {
    "ja": 159,
    "en": 53,
    "ru": 39,
    "zh": 35,
    "zh-TW": 19,
    "uk": 15,
    "und": 7,
    "zh-Hant": 5,
    "de": 3,
    "en-US": 3,
    "ko": 3,
    "es": 2,
    "id": 2,
    "ar": 1,
    "da": 1,
    "el": 1,
    "en-CA": 1,
    "en-GB": 1,
    "fi": 1,
    "fr-CA": 1,
    "is": 1,
    "it": 1,
    "la": 1,
    "th": 1,
    "zh-CN": 1,
    "zh-Hans": 1,
    "zh-HK": 1,
    "zxx": 1,
    "total": 360
  },
  "占比": {
    "ja": 0.44166666666666665,
    "en": 0.14722222222222223,
    "ru": 0.10833333333333334,
    "zh": 0.09722222222222222,
    "zh-TW": 0.05277777777777778,
    "uk": 0.041666666666666664,
    "und": 0.019444444444444445,
    "zh-Hant": 0.013888888888888888,
    "de": 0.008333333333333333,
    "en-US": 0.008333333333333333,
    "ko": 0.008333333333333333,
    "es": 0.005555555555555556,
    "id": 0.005555555555555556,
    "ar": 0.002777777777777778,
    "da": 0.002777777777777778,
    "el": 0.002777777777777778,
    "en-CA": 0.002777777777777778,
    "en-GB": 0.002777777777777778,
    "fi": 0.002777777777777778,
    "fr-CA": 0.002777777777777778,
    "is": 0.002777777777777778,
    "it": 0.002777777777777778,
    "la": 0.002777777777777778,
    "th": 0.002777777777777778,
    "zh-CN": 0.002777777777777778,
    "zh-Hans": 0.002777777777777778,
    "zh-HK": 0.002777777777777778,
    "zxx": 0.002777777777777778,
    "total": 1
  }
}