{
  "統計": {
    "日": 172,
    "純音樂": 68,
    "中": 55,
    "英": 40,
    "俄": 32,
    "粵": 11,
    "台": 10,
    "德": 9,
    "希臘": 6,
    "unknown": 3,
    "西班牙": 3,
    "ja": 2,
    "法": 2,
    "波蘭": 2,
    "烏克蘭": 2,
    "芬蘭": 2,
    "en": 1,
    "ru": 1,
    "zh-TW": 1,
    "zxx": 1,
    "世界": 1,
    "南非": 1,
    "旁遮普": 1,
    "泰": 1,
    "羅馬尼亞": 1,
    "義": 1,
    "韓": 1,
    "total": 430
  },
  "占比": {
    "日": 0.4,
    "純音樂": 0.15813953488372093,
    "中": 0.12790697674418605,
    "英": 0.09302325581395349,
    "俄": 0.07441860465116279,
    "粵": 0.02558139534883721,
    "台": 0.023255813953488372,
    "德": 0.020930232558139535,
    "希臘": 0.013953488372093023,
    "unknown": 0.0069767441860465115,
    "西班牙": 0.0069767441860465115,
    "ja": 0.004651162790697674,
    "法": 0.004651162790697674,
    "波蘭": 0.004651162790697674,
    "烏克蘭": 0.004651162790697674,
    "芬蘭": 0.004651162790697674,
    "en": 0.002325581395348837,
    "ru": 0.002325581395348837,
    "zh-TW": 0.002325581395348837,
    "zxx": 0.002325581395348837,
    "世界": 0.002325581395348837,
    "南非": 0.002325581395348837,
    "旁遮普": 0.002325581395348837,
    "泰": 0.002325581395348837,
    "羅馬尼亞": 0.002325581395348837,
    "義": 0.002325581395348837,
    "韓": 0.002325581395348837,
    "total": 1
  }
}