{
  "統計": {
    "ja": 291,
    "en": 74,
    "zh": 66,
    "ru": 42,
    "zh-TW": 24,
    "und": 14,
    "uk": 9,
    "de": 7,
    "el": 7,
    "ko": 5,
    "zh-Hant": 5,
    "en-US": 4,
    "zh-CN": 4,
    "en-GB": 3,
    "zxx": 3,
    "id": 2,
    "ar": 1,
    "eo": 1,
    "la": 1,
    "ro": 1,
    "th": 1,
    "unknown": 1,
    "yue": 1,
    "zh-Hans": 1,
    "zh-HK": 1,
    "total": 569
  },
  "占比": {
    "ja": 0.5114235500878734,
    "en": 0.13005272407732865,
    "zh": 0.11599297012302284,
    "ru": 0.07381370826010544,
    "zh-TW": 0.0421792618629174,
    "und": 0.02460456942003515,
    "uk": 0.015817223198594025,
    "de": 0.012302284710017574,
    "el": 0.012302284710017574,
    "ko": 0.008787346221441126,
    "zh-Hant": 0.008787346221441126,
    "en-US": 0.007029876977152899,
    "zh-CN": 0.007029876977152899,
    "en-GB": 0.005272407732864675,
    "zxx": 0.005272407732864675,
    "id": 0.0035149384885764497,
    "ar": 0.0017574692442882249,
    "eo": 0.0017574692442882249,
    "la": 0.0017574692442882249,
    "ro": 0.0017574692442882249,
    "th": 0.0017574692442882249,
    "unknown": 0.0017574692442882249,
    "yue": 0.0017574692442882249,
    "zh-Hans": 0.0017574692442882249,
    "zh-HK": 0.0017574692442882249,
    "total": 1
  }
}