{
  "統計": {
    "日": 85,
    "ja": 31,
    "純音樂": 31,
    "中": 30,
    "俄": 26,
    "英": 14,
    "烏克蘭": 12,
    "ru": 10,
    "en": 8,
    "zh": 6,
    "希臘": 4,
    "德": 4,
    "und": 3,
    "台": 3,
    "西班牙": 3,
    "uk": 2,
    "拉丁": 2,
    "諾斯": 2,
    "en-US": 1,
    "id": 1,
    "zh-CN": 1,
    "zh-HK": 1,
    "zh-TW": 1,
    "法": 1,
    "福建": 1,
    "粵": 1,
    "芬蘭": 1,
    "total": 285
  },
  "占比": {
    "日": 0.2982456140350877,
    "ja": 0.10877192982456141,
    "純音樂": 0.10877192982456141,
    "中": 0.10526315789473684,
    "俄": 0.0912280701754386,
    "英": 0.04912280701754386,
    "烏克蘭": 0.042105263157894736,
    "ru": 0.03508771929824561,
    "en": 0.028070175438596492,
    "zh": 0.021052631578947368,
    "希臘": 0.014035087719298246,
    "德": 0.014035087719298246,
    "und": 0.010526315789473684,
    "台": 0.010526315789473684,
    "西班牙": 0.010526315789473684,
    "uk": 0.007017543859649123,
    "拉丁": 0.007017543859649123,
    "諾斯": 0.007017543859649123,
    "en-US": 0.0035087719298245615,
    "id": 0.0035087719298245615,
    "zh-CN": 0.0035087719298245615,
    "zh-HK": 0.0035087719298245615,
    "zh-TW": 0.0035087719298245615,
    "法": 0.0035087719298245615,
    "福建": 0.0035087719298245615,
    "粵": 0.0035087719298245615,
    "芬蘭": 0.0035087719298245615,
    "total": 1
  }
}