{
  "統計": {
    "日": 85,
    "英": 23,
    "中": 20,
    "純音樂": 20,
    "俄": 13,
    "粵": 4,
    "德": 4,
    "台": 2,
    "法": 2,
    "波": 2,
    "芬": 2,
    "希": 1,
    "客": 1,
    "義": 1,
    "total": 180
  },
  "占比": {
    "日": 0.4722222222222222,
    "英": 0.12777777777777777,
    "中": 0.1111111111111111,
    "純音樂": 0.1111111111111111,
    "俄": 0.07222222222222222,
    "粵": 0.022222222222222223,
    "德": 0.022222222222222223,
    "台": 0.011111111111111112,
    "法": 0.011111111111111112,
    "波": 0.011111111111111112,
    "芬": 0.011111111111111112,
    "希": 0.005555555555555556,
    "客": 0.005555555555555556,
    "義": 0.005555555555555556,
    "total": 1
  }
}