{
  "統計": {
    "日": 104,
    "純音樂": 38,
    "中": 29,
    "英": 20,
    "俄": 17,
    "粵": 5,
    "台": 4,
    "希臘": 4,
    "德": 4,
    "波": 2,
    "芬": 2,
    "烏克蘭": 2,
    "世界": 1,
    "西班牙": 1,
    "法": 1,
    "南非": 1,
    "旁遮普": 1,
    "義": 1,
    "韓": 1,
    "total": 238
  },
  "占比": {
    "日": 0.4369747899159664,
    "純音樂": 0.15966386554621848,
    "中": 0.12184873949579832,
    "英": 0.08403361344537816,
    "俄": 0.07142857142857142,
    "粵": 0.02100840336134454,
    "台": 0.01680672268907563,
    "希臘": 0.01680672268907563,
    "德": 0.01680672268907563,
    "波": 0.008403361344537815,
    "芬": 0.008403361344537815,
    "烏克蘭": 0.008403361344537815,
    "世界": 0.004201680672268907,
    "西班牙": 0.004201680672268907,
    "法": 0.004201680672268907,
    "南非": 0.004201680672268907,
    "旁遮普": 0.004201680672268907,
    "義": 0.004201680672268907,
    "韓": 0.004201680672268907,
    "total": 1
  }
}