{
  "統計": {
    "日": 88,
    "英": 24,
    "純音樂": 21,
    "中": 20,
    "俄": 15,
    "台": 4,
    "粵": 4,
    "德": 4,
    "法": 2,
    "波蘭": 2,
    "芬蘭": 2,
    "世界": 1,
    "希臘": 1,
    "客": 1,
    "義": 1,
    "total": 190
  },
  "占比": {
    "日": 0.4631578947368421,
    "英": 0.12631578947368421,
    "純音樂": 0.11052631578947368,
    "中": 0.10526315789473684,
    "俄": 0.07894736842105263,
    "台": 0.021052631578947368,
    "粵": 0.021052631578947368,
    "德": 0.021052631578947368,
    "法": 0.010526315789473684,
    "波蘭": 0.010526315789473684,
    "芬蘭": 0.010526315789473684,
    "世界": 0.005263157894736842,
    "希臘": 0.005263157894736842,
    "客": 0.005263157894736842,
    "義": 0.005263157894736842,
    "total": 1
  }
}