{
  "統計": {
    "日": 97,
    "純音樂": 38,
    "中": 26,
    "英": 18,
    "俄": 16,
    "粵": 5,
    "德": 4,
    "希臘": 3,
    "台": 2,
    "波": 2,
    "芬": 2,
    "烏克蘭": 2,
    "西": 1,
    "法": 1,
    "南非": 1,
    "旁遮普": 1,
    "義": 1,
    "韓": 1,
    "total": 221
  },
  "占比": {
    "日": 0.43891402714932126,
    "純音樂": 0.17194570135746606,
    "中": 0.11764705882352941,
    "英": 0.08144796380090498,
    "俄": 0.07239819004524888,
    "粵": 0.02262443438914027,
    "德": 0.01809954751131222,
    "希臘": 0.013574660633484163,
    "台": 0.00904977375565611,
    "波": 0.00904977375565611,
    "芬": 0.00904977375565611,
    "烏克蘭": 0.00904977375565611,
    "西": 0.004524886877828055,
    "法": 0.004524886877828055,
    "南非": 0.004524886877828055,
    "旁遮普": 0.004524886877828055,
    "義": 0.004524886877828055,
    "韓": 0.004524886877828055,
    "total": 1
  }
}