{
  "統計": {
    "日": 89,
    "英": 24,
    "純音樂": 21,
    "中": 20,
    "俄": 15,
    "台": 4,
    "粵": 4,
    "德": 4,
    "法": 2,
    "波蘭": 2,
    "芬蘭": 2,
    "世界": 1,
    "希臘": 1,
    "客": 1,
    "義": 1,
    "total": 191
  },
  "占比": {
    "日": 0.46596858638743455,
    "英": 0.1256544502617801,
    "純音樂": 0.1099476439790576,
    "中": 0.10471204188481675,
    "俄": 0.07853403141361257,
    "台": 0.020942408376963352,
    "粵": 0.020942408376963352,
    "德": 0.020942408376963352,
    "法": 0.010471204188481676,
    "波蘭": 0.010471204188481676,
    "芬蘭": 0.010471204188481676,
    "世界": 0.005235602094240838,
    "希臘": 0.005235602094240838,
    "客": 0.005235602094240838,
    "義": 0.005235602094240838,
    "total": 1
  }
}