{
  "統計": {
    "日": 85,
    "英": 23,
    "純音樂": 21,
    "中": 20,
    "俄": 14,
    "粵": 4,
    "德": 4,
    "台": 2,
    "法": 2,
    "波蘭": 2,
    "芬蘭": 2,
    "希臘": 1,
    "客": 1,
    "義": 1,
    "total": 182
  },
  "占比": {
    "日": 0.46703296703296704,
    "英": 0.12637362637362637,
    "純音樂": 0.11538461538461539,
    "中": 0.10989010989010989,
    "俄": 0.07692307692307693,
    "粵": 0.02197802197802198,
    "德": 0.02197802197802198,
    "台": 0.01098901098901099,
    "法": 0.01098901098901099,
    "波蘭": 0.01098901098901099,
    "芬蘭": 0.01098901098901099,
    "希臘": 0.005494505494505495,
    "客": 0.005494505494505495,
    "義": 0.005494505494505495,
    "total": 1
  }
}