{
  "統計": {
    "日": 100,
    "純音樂": 38,
    "中": 26,
    "英": 19,
    "俄": 17,
    "粵": 5,
    "台": 4,
    "希臘": 4,
    "德": 4,
    "波": 2,
    "芬": 2,
    "烏克蘭": 2,
    "世界": 1,
    "西": 1,
    "法": 1,
    "南非": 1,
    "旁遮普": 1,
    "義": 1,
    "韓": 1,
    "total": 230
  },
  "占比": {
    "日": 0.43478260869565216,
    "純音樂": 0.16521739130434782,
    "中": 0.11304347826086956,
    "英": 0.08260869565217391,
    "俄": 0.07391304347826087,
    "粵": 0.021739130434782608,
    "台": 0.017391304347826087,
    "希臘": 0.017391304347826087,
    "德": 0.017391304347826087,
    "波": 0.008695652173913044,
    "芬": 0.008695652173913044,
    "烏克蘭": 0.008695652173913044,
    "世界": 0.004347826086956522,
    "西": 0.004347826086956522,
    "法": 0.004347826086956522,
    "南非": 0.004347826086956522,
    "旁遮普": 0.004347826086956522,
    "義": 0.004347826086956522,
    "韓": 0.004347826086956522,
    "total": 1
  }
}