{
  "統計": {
    "日": 95,
    "純音樂": 38,
    "中": 26,
    "英": 18,
    "俄": 15,
    "粵": 5,
    "德": 4,
    "台": 2,
    "希臘": 2,
    "波": 2,
    "芬": 2,
    "烏克蘭": 2,
    "西": 1,
    "法": 1,
    "南非": 1,
    "旁遮普": 1,
    "義": 1,
    "韓": 1,
    "total": 217
  },
  "占比": {
    "日": 0.4377880184331797,
    "純音樂": 0.17511520737327188,
    "中": 0.11981566820276497,
    "英": 0.08294930875576037,
    "俄": 0.06912442396313365,
    "粵": 0.02304147465437788,
    "德": 0.018433179723502304,
    "台": 0.009216589861751152,
    "希臘": 0.009216589861751152,
    "波": 0.009216589861751152,
    "芬": 0.009216589861751152,
    "烏克蘭": 0.009216589861751152,
    "西": 0.004608294930875576,
    "法": 0.004608294930875576,
    "南非": 0.004608294930875576,
    "旁遮普": 0.004608294930875576,
    "義": 0.004608294930875576,
    "韓": 0.004608294930875576,
    "total": 1
  }
}