{
  "統計": {
    "日": 106,
    "純音樂": 39,
    "中": 30,
    "英": 22,
    "俄": 17,
    "粵": 5,
    "德": 5,
    "台": 4,
    "希臘": 4,
    "波": 2,
    "芬": 2,
    "烏克蘭": 2,
    "世界": 1,
    "西班牙": 1,
    "法": 1,
    "南非": 1,
    "旁遮普": 1,
    "義": 1,
    "韓": 1,
    "total": 245
  },
  "占比": {
    "日": 0.4326530612244898,
    "純音樂": 0.15918367346938775,
    "中": 0.12244897959183673,
    "英": 0.08979591836734693,
    "俄": 0.06938775510204082,
    "粵": 0.02040816326530612,
    "德": 0.02040816326530612,
    "台": 0.0163265306122449,
    "希臘": 0.0163265306122449,
    "波": 0.00816326530612245,
    "芬": 0.00816326530612245,
    "烏克蘭": 0.00816326530612245,
    "世界": 0.004081632653061225,
    "西班牙": 0.004081632653061225,
    "法": 0.004081632653061225,
    "南非": 0.004081632653061225,
    "旁遮普": 0.004081632653061225,
    "義": 0.004081632653061225,
    "韓": 0.004081632653061225,
    "total": 1
  }
}