{
  "統計": {
    "日": 89,
    "英": 25,
    "純音樂": 21,
    "中": 20,
    "俄": 15,
    "台": 4,
    "粵": 4,
    "德": 4,
    "法": 2,
    "波蘭": 2,
    "芬蘭": 2,
    "世界": 1,
    "希臘": 1,
    "客": 1,
    "義": 1,
    "total": 192
  },
  "占比": {
    "日": 0.4635416666666667,
    "英": 0.13020833333333334,
    "純音樂": 0.109375,
    "中": 0.10416666666666667,
    "俄": 0.078125,
    "台": 0.020833333333333332,
    "粵": 0.020833333333333332,
    "德": 0.020833333333333332,
    "法": 0.010416666666666666,
    "波蘭": 0.010416666666666666,
    "芬蘭": 0.010416666666666666,
    "世界": 0.005208333333333333,
    "希臘": 0.005208333333333333,
    "客": 0.005208333333333333,
    "義": 0.005208333333333333,
    "total": 1
  }
}